tree
version=v4
num_class=1
num_tree_per_iteration=1
label_index=0
max_feature_idx=23
objective=poisson
feature_names=region month dow slot quarter is_weekend days_since_start slot_sin slot_cos dow_sin dow_cos doy_sin doy_cos lag_1 lag_2 lag_8 lag_16 lag_56 lag_112 rolling_mean_8 rolling_mean_56 rolling_std_56 historical_region_mean historical_same_slot_mean
feature_infos=-1:0:1:2:3:4:5:6:7:8:9:10:11:12:13:14:15:16 [1:12] [0:6] [0:7] [1:4] [0:1] [14:1460] [-1:1] [-1:1] [-0.97492791218182362:0.97492791218182362] [-0.90096886790241903:1] [-0.9999994220246925:0.99998555065071859] [-0.99997919295908233:0.9999907524084426] [0:29] [0:29] [0:29] [0:29] [0:29] [0:29] [0:6.5] [0:2.4642857142857144] [0:4.691384753896326] [0:1.143939393939394] [0:3]
tree_sizes=3375 3457 3474 3449 3490 3461 3495 3486 3471 3488 3465 3520 3482 3514 3476 3509 3479 3505 3485 3495 3492 3479 3502 3519 3515 3511 3532 3547 3510 3496 3552 3514 3541 3497 3498 3495 3541 3505 3529 3526 3542 3523 3502 3521 3522 3536 3492 3552 3540 3544 3519 3555 3524 3513 3492 3498 3532 3540 3524 3535 3496 3528 3551 3515 3521 3498 3527 3546 3563 3514 3560 3516 3554 3497 3549 3553 3495 3547 3536 3563 3548 3518 3526 3560 3558 3539 3522 3568 3512 3557 3536 3560 3534 3557 3548 3556 3529 3587 3510 3534 3568 3552 3527 3545 3591 3573 3568 3552 3539 3552 3560 3559 3595 3531 3543 3535 3525 3555 3574 3567 3550 3534 3574 3567 3574 3568 3580 3557 3574 3589 3557 3566 3541 3515 3536 3560 3546 3557 3550 3566 3547 3539 3558 3578 3537 3589 3547 3550 3572 3574 3545 3565 3558 3573 3557 3557 3560 3538 3573 3567 3495 3533 3572 3569 3526 3556 3548 3553 3558 3559 3540 3566 3578 3580 3573 3575 3560 3527 3516 3554 3562 3592 3541 3552 3559 3524 3534 3549 3563 3565 3557 3542 3549 3574 3487 3554 3516 3564 3533 3540 3576 3556 3531 3531 3570 3578 3502 3581 3555 3595 3579 3567 3559 3521 3547 3577 3557 3560 3548 3574 3527 3557 3566 3519 3551 3539 3543 3535 3570 3524 3524 3545 3569 3559 3527 3529 3527 3579 3548 3570 3544 3552 3514 3537 3533 3562 3574 3558 3506 3526 3522 3503 3528 3554 3572 3531 3546 3578 3541

Tree=0
num_leaves=31
num_cat=0
split_feature=23 3 20 20 23 20 20 20 23 3 20 13 21 22 6 20 13 23 6 23 20 23 21 13 20 12 23 20 22 18
split_gain=39284.3 7001.55 2874.46 1573.3 625.114 607.473 524.149 408.289 372.569 303.806 136.247 134.922 132.971 118.532 110.96 105.24 97.5173 95.3199 91.6559 90.2782 85.7332 81.8801 77.4305 69.6831 68.753 74.3591 67.0889 66.8478 60.0215 58.3116
threshold=0.53939976345357787 5.5000000000000009 0.22321428571428573 0.84821428571428581 0.068874293012224058 1.4017857142857146 1.2232142857142858 0.52678571428571441 0.20050251256281412 4.5000000000000009 0.77678571428571441 1.0000000180025095e-35 0.36816581414060384 0.031024547593865439 769.50000000000011 1.1160714285714288 2.5000000000000004 0.77363455809334669 1175.5000000000002 1.3236144168650121 1.455357142857143 0.24506557589923389 0.83101408867985838 1.5000000000000002 0.74107142857142871 0.88917497572200743 0.92167816847409367 0.33035714285714296 0.91195849145308228 2.5000000000000004
decision_type=2 2 2 2 2 2 2 2 2 2 2 2 2 2 2 2 2 2 2 2 2 2 2 2 2 2 2 2 2 2
left_child=2 6 4 7 13 11 9 19 27 10 -2 28 -6 -1 -8 29 22 -16 20 -3 -10 -14 -11 -17 25 -9 -12 -4 -5 -13
right_child=1 3 8 5 12 -7 14 24 18 16 26 15 21 -15 17 23 -18 -19 -20 -21 -22 -23 -24 -25 -26 -27 -28 -29 -30 -31
leaf_value=-1.7587481006087358 -1.7116991391081211 -1.7271954849845315 -1.7450032391626231 -1.6586715735123083 -1.7516682384853592 -1.5405177755657333 -1.6903564115241962 -1.647069728982939 -1.7282373699372424 -1.712565234996406 -1.7001513589763793 -1.6170046355353782 -1.7469676128324849 -1.7550961702387646 -1.6734996570480021 -1.6075643208496337 -1.6348351301369957 -1.6458980594526891 -1.7154205827557318 -1.6790893343370104 -1.6771193068479229 -1.7351164461067095 -1.6801368468401641 -1.5642931464375256 -1.6326400860633135 -1.6842124875662747 -1.68339480387081 -1.7336823297973496 -1.6191011149021621 -1.5860988074172693
leaf_weight=22797.190758883953 970.3251925110817 67.173654139041901 1278.057901263237 54.512651264667511 9266.0956314206123 147.00831115245819 171.27523332834244 255.68191915750504 1934.6715781092644 78.42787891626358 1417.3289328813553 315.46998828649521 3048.8398310542107 12375.778615176678 286.98273181915283 78.42787891626358 40.093175768852234 213.83027076721191 813.46943467855453 75.966017246246338 29.190645515918732 632.6984491944313 629.18150395154953 126.96172326803207 275.37681251764297 69.283821284770966 266.58444941043854 739.96527910232544 218.7539941072464 98.826161324977875
leaf_count=64821 2759 191 3634 155 26347 418 487 727 5501 223 4030 897 8669 35189 816 223 114 608 2313 216 83 1799 1789 361 783 197 758 2104 622 281
internal_value=-1.74502 -1.67131 -1.75318 -1.62174 -1.75539 -1.59786 -1.69303 -1.65531 -1.73103 -1.69785 -1.70265 -1.60752 -1.74975 -1.75746 -1.66877 -1.59931 -1.6809 -1.66153 -1.72391 -1.70134 -1.72744 -1.74493 -1.68367 -1.58004 -1.64443 -1.65476 -1.69746 -1.74085 -1.62663 -1.60925
internal_weight=58773.4 5857.47 52916 1783.44 48120.6 1039.96 4074.03 743.482 4795.35 3401.94 2654.24 892.952 12947.6 35173 672.088 619.686 747.703 500.813 2777.33 143.14 1963.86 3681.54 707.609 205.39 600.343 324.966 1683.91 2018.02 273.267 414.296
internal_count=167115 16655 150460 5071 136825 2957 11584 2114 13635 9673 7547 2539 36815 100010 1911 1762 2126 1424 7897 407 5584 10468 2012 584 1707 924 4788 5738 777 1178
is_linear=0
shrinkage=1


Tree=1
num_leaves=31
num_cat=1
split_feature=23 23 20 20 23 23 20 20 3 20 3 11 20 3 20 22 23 20 20 0 3 2 19 20 3 19 3 22 11 17
split_gain=36522.3 5525.44 2616.39 1129.05 504.873 428.815 391.788 373.366 250.238 183.944 292.251 175.9 158.101 136.196 116.468 108.168 104.49 99.7943 93.2202 93.154 79.9961 75.5337 72.7234 69.1123 88.7779 77.7437 70.0431 66.6964 62.562 60.6774
threshold=0.50135135135135145 1.1527247667514844 0.18750000000000003 1.205357142857143 0.07062020460358058 0.20595625184747268 1.2946428571428574 0.74107142857142871 5.5000000000000009 0.47321428571428575 4.5000000000000009 0.46800856592688472 0.9553571428571429 5.5000000000000009 0.90178571428571441 0.031024547593865439 1.643657178217822 1.4017857142857146 0.34821428571428575 0 5.5000000000000009 4.5000000000000009 1.4375000000000002 0.33035714285714296 1.5000000000000002 1.1875000000000002 5.5000000000000009 0.86856135311838201 -0.14250824554987665 2.5000000000000004
decision_type=2 2 2 2 2 2 2 2 2 2 2 2 2 2 2 2 2 2 2 1 2 2 2 2 2 2 2 2 2 2
left_child=2 6 4 7 15 18 9 28 -9 -2 14 16 -13 -5 -11 -1 21 -15 -4 20 -6 -10 -14 26 -25 -26 -7 -12 -3 -8
right_child=1 3 5 13 19 23 29 8 11 10 27 12 22 17 -16 -17 -18 -19 -20 -21 -22 -23 -24 24 25 -27 -28 -29 -30 -31
leaf_value=-0.01375153807301859 0.017538604509026133 0.086530886357780418 -0.00034349509233585275 0.1038035423171992 -0.0055373521045363446 0.0048899576914916117 0.067026714576533641 0.069945619778532461 0.096209460036144612 0.035625480929329184 0.088515978118302141 0.10608745610832321 0.13684327901956814 0.13891359307963999 0.048012601704533628 -0.010246218732102951 0.10987111509817414 0.17473248467260619 0.012247893551656073 -0.008735003144561073 0.001053622015765539 0.061502687579270805 0.19384117705735143 0.01539077005119022 0.026154261826609647 0.06070505835729046 0.020009194695598639 0.059516466705964464 0.063544038832644506 0.098961424733637907
leaf_weight=22556.087294727564 228.64792183041573 193.41190651059151 2395.6431320607662 58.467835605144501 4613.309801787138 552.82884782552719 474.79179626703262 178.37679651379585 209.14781737327576 1546.5889270305634 88.145945280790329 170.41707667708397 130.92821159958839 178.8887600004673 1268.570701032877 12270.924987494946 486.21281921863556 182.08753663301468 677.89448431134224 4368.6550889909267 2583.6923699975014 89.822973042726517 33.822945356369019 928.3644907772541 861.54145863652229 63.004365354776382 553.58888137340546 568.36709725856781 300.48413673043251 66.793487101793289
leaf_count=65023 631 505 6820 154 13181 1550 1250 475 527 4233 232 429 325 436 3439 35242 1214 422 1905 12499 7378 226 83 2584 2395 175 1549 1511 793 175
internal_value=-5.85908e-06 0.0673288 -0.0082965 0.105767 -0.0107133 0.0102868 0.0472624 0.095281 0.103796 0.0437461 0.0454649 0.109112 0.127915 0.150235 0.0412246 -0.012517 0.100926 0.157431 0.00243477 -0.00528105 -0.00316617 0.0860419 0.14968 0.0184362 0.021986 0.0285783 0.0124714 0.0635479 0.0727146 0.0711514
internal_weight=58879.5 6453.97 52425.5 2212.07 46392.7 6032.87 4241.91 1792.62 1298.73 3700.32 3471.67 1120.35 335.168 419.444 2815.16 34827 785.184 360.976 3073.54 11565.7 7197 298.971 164.751 2959.33 1852.91 924.546 1106.42 656.513 493.896 541.585
internal_count=167361 17060 150301 5589 133323 16978 11471 4577 3279 10046 9415 2804 837 1012 7672 100265 1967 858 8725 33058 20559 753 408 8253 5154 2570 3099 1743 1298 1425
cat_boundaries=0 1
cat_threshold=2217
is_linear=0
shrinkage=0.03


Tree=2
num_leaves=31
num_cat=1
split_feature=23 23 20 20 23 23 20 6 23 11 3 19 22 13 13 6 6 0 1 20 3 3 3 20 23 20 11 20 23 17
split_gain=32890.7 4175.82 2559.81 628.907 505.77 441.507 423.121 270.727 235.696 180.461 144.474 120.385 110.498 110.431 101.841 93.4384 91.9078 90.7437 89.1203 84.4168 126.68 84.0638 78.6162 77.2585 61.524 61.0574 57.9436 54.1126 50.8138 95.8942
threshold=0.50135135135135145 1.3236144168650121 0.18750000000000003 0.9553571428571429 0.068874293012224058 0.20595625184747268 1.2232142857142858 1195.5000000000002 0.87029968900197918 0.49812943072827093 4.5000000000000009 0.31250000000000006 0.027766178885545119 1.0000000180025095e-35 1.0000000180025095e-35 1175.5000000000002 769.50000000000011 0 3.5000000000000004 0.72321428571428581 5.5000000000000009 5.5000000000000009 4.5000000000000009 0.34821428571428575 1.5644362823379114 1.080357142857143 0.93845596220871974 0.77678571428571441 0.78796113306982873 1.5000000000000002
decision_type=2 2 2 2 2 2 2 2 2 2 2 2 2 2 2 2 2 1 2 2 2 2 2 2 2 2 2 2 2 2
left_child=2 6 4 13 12 23 8 9 11 -5 16 -2 -1 -3 -10 25 -8 21 -12 -16 -21 -6 27 -4 -9 -7 28 -13 -18 -30
right_child=1 3 5 7 17 15 10 24 14 -11 18 22 -14 -15 19 -17 26 -19 -20 20 -22 -23 -24 -25 -26 -27 -28 -29 29 -31
leaf_value=-0.01388206082913597 0.019266211001073313 0.069278622962380215 -0.00050312993626645027 0.091275767237199518 -0.0056135590358987525 0.013326037638369913 0.0374239746618409 0.10175449415532227 0.044666713625828441 0.12166199491545614 0.12982735791311686 0.03051409593719611 -0.010383009284436865 0.089124381960439064 0.039802485032896982 0.026715869966023268 0.063089613484957868 -0.0086288802351873212 0.077110265938955494 0.062471551756306816 0.11271617202929243 0.0011117278482809269 0.054095453846619929 0.010932331697645533 0.14995662477944646 0.031107962828328697 0.033972109598395653 0.040688205711644498 0.064708515974898378 0.129567946812989
leaf_weight=20639.988003015518 304.84732207655907 467.40919306874275 2393.0440304577351 426.87486556172371 4667.3432093560696 1992.3284392654896 141.9410994052887 38.938410222530365 624.18848887085915 338.03814244270325 42.177758574485779 723.89975723624229 13460.121217310429 644.23788657784462 122.01448139548302 837.6450882256031 330.70708227157593 4519.4394764006138 125.93374118208885 388.80540624260902 52.90405485033989 2604.2937962412834 294.37625136971474 682.27417930960655 198.32098066806793 190.90952038764954 50.747793734073639 1495.2265620231628 61.292953073978424 34.571796298027039
leaf_count=60324 810 1107 6815 951 13411 5488 360 82 1588 717 98 1925 39091 1497 313 2265 819 13045 301 984 121 7429 742 1894 402 519 125 3897 148 82
internal_value=-5.04854e-05 0.0614493 -0.00822297 0.0965772 -0.0106493 0.0100399 0.0459411 0.113913 0.0419639 0.104854 0.0660907 0.0372027 -0.0125014 0.0808551 0.0532142 0.0181841 0.0591663 -0.00529188 0.0910615 0.062572 0.068744 -0.00319989 0.0393672 0.00203466 0.142531 0.0148972 0.0655275 0.0373873 0.0691793 0.0892569
internal_weight=58894.8 6907.45 51987.4 2113.82 45891.2 6096.2 4793.63 1002.17 4006.26 764.913 787.372 2818.35 34100.1 1111.65 1187.91 3020.88 619.261 11791.1 168.111 563.724 441.709 7271.64 2513.5 3075.32 237.259 2183.24 477.32 2219.13 426.572 95.8647
internal_count=167350 17069 150281 4756 133300 16981 12313 2152 10380 1668 1933 7374 99415 2604 3006 8272 1534 33885 399 1418 1105 20840 6564 8709 484 6007 1174 5822 1049 230
cat_boundaries=0 1
cat_threshold=2217
is_linear=0
shrinkage=0.03


Tree=3
num_leaves=31
num_cat=0
split_feature=23 23 20 20 23 23 20 23 20 20 3 20 20 20 6 13 20 6 11 23 20 3 19 23 6 20 23 13 21 2
split_gain=30373.2 3461.68 2573.57 548.955 491.575 383.992 301.859 158.962 157.278 144.112 173.124 108.122 90.1175 84.7851 79.237 77.8911 75.9916 74.6752 87.9759 72.7951 72.3298 85.1598 89.3821 68.5903 66.607 62.3451 62.1806 60.2721 112.291 58.9504
threshold=0.50135135135135145 1.1527247667514844 0.18750000000000003 0.9553571428571429 0.068874293012224058 0.20595625184747268 1.1875000000000002 1.5644362823379114 1.4017857142857146 0.47321428571428575 4.5000000000000009 0.044642857142857144 0.33035714285714296 0.098214285714285726 769.50000000000011 3.5000000000000004 0.77678571428571441 1205.5000000000002 0.49812943072827093 1.5644362823379114 0.33035714285714296 1.5000000000000002 1.1875000000000002 1.5644362823379114 793.50000000000011 0.72321428571428581 1.643657178217822 1.0000000180025095e-35 1.438681755915882 4.5000000000000009
decision_type=2 2 2 2 2 2 2 2 2 2 2 2 2 2 2 2 2 2 2 2 2 2 2 2 2 2 2 2 2 2
left_child=2 6 4 7 11 12 9 29 17 -2 16 -1 -4 -6 -8 19 -11 18 26 -10 -7 -22 -23 -19 -16 -9 -5 -12 -29 -3
right_child=1 3 5 8 13 20 14 25 15 10 27 -13 -14 -15 24 -17 -18 23 -20 -21 21 22 -24 -25 -26 -27 -28 28 -30 -31
leaf_value=-0.013552055410068811 0.014778820857527094 0.068917892176355036 -0.00052710824873173517 0.066838448042191551 -0.0072706249236110104 0.011352638814699811 0.041817349647566046 0.066525872175978384 0.086332653509053281 0.028877483493376547 0.044122629977237822 -0.0097704506733098957 0.011117312009326601 -0.0019610555060548375 0.10209752756236745 0.15745871548555179 0.039377441626513805 0.079133868526677989 0.10127099588318031 0.12475687725919617 0.014604865505640127 0.024647072399208329 0.060732587411138739 0.12925271271558852 0.06001634766532675 0.086286108416494062 0.089597456280982868 0.054671577649236941 0.10588974947359145 0.05019614407789641
leaf_weight=24094.725193530321 235.85158330202103 342.71821758151054 2303.0959303379059 204.2815899848938 7463.4537695348263 1135.3303889036179 236.13160806894302 230.12385737895966 84.734262108802795 964.82197311520576 370.71852257847786 9523.0617539286613 806.57260820269585 4253.696535974741 37.795625329017639 46.743533313274384 1860.241752743721 43.122456341981888 345.64197659492493 141.70149952173233 982.61059182882309 920.20967149734497 66.154406160116196 95.627619415521622 612.22255969047546 549.3743754029274 302.25750485062599 272.09376457333565 46.26405131816864 311.60930812358856
leaf_count=71261 620 751 6566 436 21620 3093 571 517 157 2482 885 27981 2222 12232 85 80 4637 89 672 240 2641 2443 169 176 1409 1149 609 641 105 716
internal_value=-2.76274e-05 0.0570906 -0.00815514 0.0841114 -0.0106369 0.00994871 0.0413502 0.0712724 0.0986015 0.0376029 0.0391284 -0.0124813 0.00249385 -0.00534393 0.0571409 0.11939 0.0358051 0.0927499 0.0890885 0.110847 0.0174113 0.0208942 0.0271324 0.114397 0.0626255 0.0805529 0.0805806 0.0526731 0.0624417 0.0601014
internal_weight=58883 7334.08 51548.9 2697.94 45334.9 6213.97 4636.14 1433.83 1264.11 3749.99 3514.14 33617.8 3109.67 11717.2 886.15 273.179 2825.06 990.931 852.181 226.436 3104.31 1968.97 986.364 138.75 650.018 779.498 506.539 689.076 318.358 654.328
internal_count=167255 17027 150228 5592 133094 17134 11435 3133 2459 9370 8750 99242 8788 33852 2065 477 7119 1982 1717 397 8346 5253 2612 265 1494 1666 1045 1631 746 1467
is_linear=0
shrinkage=0.03


Tree=4
num_leaves=31
num_cat=1
split_feature=23 23 20 23 23 20 20 20 3 23 13 6 0 6 6 22 3 6 13 6 20 21 21 23 13 23 20 3 21 11
split_gain=27712.4 3021.88 2129.17 426.16 364.367 322.587 315.335 201.247 166.294 135.041 131.961 92.5225 86.8428 86.434 118.975 83.0947 80.4377 74.4562 87.5349 74.3247 73.2549 67.2691 50.3485 50.1298 49.7621 50.3387 49.5519 48.2662 49.8605 45.6166
threshold=0.42349939975990403 1.1527247667514844 0.16964285714285718 0.057512610601174241 0.17973139044943823 0.9553571428571429 0.99107142857142871 0.38392857142857145 4.5000000000000009 1.5060608286805761 1.0000000180025095e-35 1175.5000000000002 0 757.50000000000011 823.50000000000011 0.023372770750673795 5.5000000000000009 1220.5000000000002 1.0000000180025095e-35 1200.5000000000002 0.27678571428571436 2.8389108382124317 1.4494737065480099 1.5644362823379114 3.5000000000000004 0.63406663478399505 0.68750000000000011 5.5000000000000009 0.70226904971087656 -0.97876850416056738
decision_type=2 2 2 2 2 2 2 2 2 2 2 2 1 2 2 2 2 2 2 2 2 2 2 2 2 2 2 2 2 2
left_child=2 6 3 15 20 9 7 -2 24 29 -7 27 16 -12 -15 -1 -5 18 -8 -16 -4 -20 -10 -21 25 -9 -11 28 -6 -3
right_child=1 5 4 12 11 10 17 8 22 26 13 -13 -14 14 19 -17 -18 -19 21 23 -22 -23 -24 -25 -26 -27 -28 -29 -30 -31
leaf_value=-0.013984158266938324 0.0068308239108143144 0.086996076434594727 -0.0025966957763727898 -0.0062183224089818624 0.0032523339621417248 0.070570564996106463 0.035876559958041787 0.022873368219585546 0.044974383819471983 0.059997082484495104 0.081949583237086218 0.022524274338754067 -0.0089660127976343221 0.14469320792215259 0.079940168795129135 -0.010829716868601449 0.00047936784804761815 0.057808704841029179 0.047996200244379478 0.078308598776610699 0.0068746824228275256 0.081064169142842049 0.075127578854380803 0.11274091377235325 0.057223125470377986 0.032587399640789126 0.077077406016247157 0.018023068827355156 0.013475357846865179 0.052094950992551993
leaf_weight=18020.55909833312 267.26190984249115 38.245802700519562 2295.6597183346748 4861.2822688519955 820.98266026377678 385.56397375464439 693.42657509446144 700.56862047314644 568.86454448103905 228.2406664788723 474.27367916703224 918.7544367313385 5672.1511729955673 53.194222867488861 195.53462851047516 12983.992055296898 2412.9346696138382 464.14420986175537 701.27790576219559 60.893952637910843 1079.6832931935787 62.555520564317703 57.415879130363464 223.29677093029022 61.518784612417221 1660.134378194809 723.533004373312 691.84515133500099 905.45941546559334 558.44907182455063
leaf_count=54122 718 80 6592 14157 2262 705 1617 1752 1312 481 865 2397 16678 85 348 38598 6918 1018 1631 112 2994 134 124 341 150 4061 1404 1861 2408 1188
internal_value=-7.88825e-05 0.0511598 -0.00835112 -0.0107546 0.00738463 0.0754962 0.0374793 0.0318495 0.0340379 0.0659424 0.086059 0.0144127 -0.00618143 0.0919063 0.100586 -0.0126637 -0.00399056 0.04717 0.0437401 0.0953918 0.00043231 0.0508147 0.0478637 0.105685 0.0304424 0.0297181 0.073055 0.0113205 0.00862213 0.0544838
internal_weight=58841.7 8178.39 50663.3 43950.9 6712.38 2941.23 5237.17 3315.76 3048.5 1548.47 1392.76 3337.04 12946.4 1007.19 532.92 31004.6 7274.22 1921.4 1457.26 479.725 3375.34 763.833 626.28 284.191 2422.22 2360.7 951.774 2418.29 1726.44 596.695
internal_count=167113 18126 148987 130473 18514 5609 12517 8117 7399 3153 2456 8928 37753 1751 886 92720 21075 4400 3382 801 9586 1765 1436 453 5963 5813 1885 6531 4670 1268
cat_boundaries=0 1
cat_threshold=2217
is_linear=0
shrinkage=0.03


Tree=5
num_leaves=31
num_cat=0
split_feature=23 23 20 23 23 20 20 20 3 23 22 6 13 20 23 18 3 7 3 11 6 15 6 13 12 3 20 3 22 20
split_gain=25943.2 2394.76 2086.75 426.422 375.39 321.085 296.097 219.819 154.114 107.715 87.2922 85.1172 84.7986 80.8272 79.7236 69.0326 57.1375 56.5854 65.5716 55.7873 53.3784 50.4419 47.8053 45.1874 44.5177 44.5055 44.4125 44.1893 39.9768 39.841
threshold=0.42349939975990403 1.1527247667514844 0.16964285714285718 0.056652402256370367 0.20595625184747268 0.47321428571428575 0.9553571428571429 1.2410714285714288 4.5000000000000009 1.5060608286805761 0.0239265175543532 1175.5000000000002 3.5000000000000004 0.34821428571428575 0.13010914355718903 3.5000000000000004 4.5000000000000009 0.3535533905932739 1.5000000000000002 -0.97509794945709805 553.50000000000011 5.5000000000000009 769.50000000000011 2.5000000000000004 0.5475998096715059 5.5000000000000009 1.205357142857143 5.5000000000000009 0.9235971133179256 0.74107142857142871
decision_type=2 2 2 2 2 2 2 2 2 2 2 2 2 2 2 2 2 2 2 2 2 2 2 2 2 2 2 2 2 2
left_child=2 5 3 10 13 20 9 8 17 19 -1 25 16 27 -5 28 -8 -7 -19 -3 -2 26 -9 -10 -20 -6 -18 -4 -11 -30
right_child=1 6 4 14 11 7 12 22 23 15 -12 -13 -14 -15 -16 -17 21 18 24 -21 -22 -23 -24 -25 -26 -27 -28 -29 29 -31
leaf_value=-0.013980467337982335 0.0046105661962822621 0.082061364307988521 -0.002634983370445783 -0.0077615204739370502 0.0090336379818546017 0.036487780818617262 0.045213441656678365 0.037889438720749798 0.045027447821048283 0.049905378851581639 -0.010702394654224743 0.023136709130012038 0.098934497220538362 0.010102417254703002 -0.002705269472913279 0.091019487199079679 0.070413889241114511 0.0064365698098454334 0.033503057938268396 0.04720032621701975 0.02801770739326068 0.1051766542883988 0.055859975925693896 0.075014049750339568 0.022650928607388154 0.018476664428194223 0.08308782817172225 0.007784534753774215 0.055287181999938401 0.071458652407917295
leaf_weight=18144.311161994934 313.17153024673462 46.431400835514069 2647.7825929224491 8876.6007224321365 1486.1340110599995 1649.0600675940514 58.538146436214447 181.59984523057938 780.62523278594017 181.53643968701363 12325.309140175581 855.82988169789314 175.65408343076706 698.95656752586365 4112.3289739191532 96.235505908727646 712.60759696364403 113.31906160712242 1132.8470642864704 580.32249376177788 121.54141706228256 62.035162448883057 670.29101696610451 50.482757389545441 507.37992915511131 649.16935405135155 487.7350937128067 423.95625254511833 225.67174246907234 510.82071143388748
leaf_count=55257 826 89 7585 26197 3958 3859 112 404 1689 344 37029 2167 262 1882 11923 174 1216 284 2668 1171 306 93 1368 101 1205 1709 739 1209 443 907
internal_value=-3.35723e-05 0.0479243 -0.00830234 -0.0107146 0.00719954 0.0360158 0.0688563 0.0381317 0.035311 0.0599426 -0.012655 0.0151342 0.0785798 0.000901409 -0.00616149 0.0660753 0.0757957 0.0324548 0.0286401 0.0499191 0.011218 0.0771722 0.0520851 0.0469441 0.0301656 0.0119146 0.0756336 -0.00119288 0.0633578 0.0665933
internal_weight=58878.3 8657.91 50220.4 43458.5 6761.83 5520.32 3137.59 5085.6 4233.71 1641.02 30469.6 2991.13 1496.57 3770.7 12988.9 1014.26 1320.92 3402.61 1753.55 626.754 434.713 1262.38 851.891 831.108 1640.23 2135.3 1200.34 3071.74 918.029 736.492
internal_count=167176 18260 148916 130406 18510 12710 5550 11578 9806 3128 92286 7834 2422 10676 38120 1868 2160 8016 4157 1260 1132 2048 1772 1790 3873 5667 1955 8794 1694 1350
is_linear=0
shrinkage=0.03


Tree=6
num_leaves=31
num_cat=1
split_feature=20 23 23 23 20 20 20 23 7 21 16 20 20 23 20 7 11 15 6 7 7 19 0 22 23 19 11 20 19 12
split_gain=24367.5 2945.62 1221.36 513.173 333.921 305.116 234.421 158.695 152.494 126.45 86.8227 82.2436 77.882 76.7071 70.644 65.6134 65.4863 65.3904 64.5878 63.3233 53.5182 51.6223 50.6493 47.0496 46.5552 39.1933 38.2787 38.1592 34.5271 29.9818
threshold=0.40178571428571436 1.0134693877551022 0.13010914355718903 0.42349939975990403 0.044642857142857144 0.15178571428571433 1.1875000000000002 1.643657178217822 0.3535533905932739 1.4856455867340745 5.5000000000000009 0.15178571428571433 1.0982142857142858 1.7080518656208914 0.79464285714285732 0.3535533905932739 0.85226249403558707 1.5000000000000002 1110.5000000000002 -1.0000000180025095e-35 -1.0000000180025095e-35 1.8125000000000002 0 0.026502997033216787 0.050901435819928759 0.81250000000000011 -0.2270106897347694 0.52678571428571441 1.0625000000000002 0.76556758748011045
decision_type=2 2 2 2 2 2 2 2 2 2 2 2 2 2 2 2 2 2 2 2 2 2 1 2 2 2 2 2 2 2
left_child=2 3 4 15 23 -4 7 14 9 20 13 24 -10 25 26 27 -16 -18 -14 22 -5 -11 -7 -1 -6 -8 -3 -2 29 -9
right_child=1 6 5 8 11 19 10 28 12 21 -12 -13 18 -15 16 -17 17 -19 -20 -21 -22 -23 -24 -25 -26 -27 -28 -29 -30 -31
leaf_value=-0.013974334383418857 0.018077367759583175 0.052588249438704465 -0.0031764812172186724 0.042590772377424278 -0.010335894037088659 0.015305748704228551 0.041011316803617331 0.065914794556625758 0.024735210019119814 0.055053005436516617 0.1132081909504475 -0.003180352432678391 0.029961170801910346 0.084170889001293533 0.054123926487266993 0.012224403416737873 0.05684458995536449 0.10257775857516241 0.050761649129118812 0.0044239136595743437 0.032488009453623401 0.033314296121209556 0.0021119058265529947 -0.011124828554267163 -0.0066948586434523033 0.06852431273699347 0.037499863293978399 0.033041655487715156 0.073996338258468089 0.051892657558182696
leaf_weight=17991.260579615831 401.39353662729263 291.19324752688408 3852.8177579939365 709.38585603237152 6856.3416441082954 1502.0088765919209 61.939873427152634 691.08351218700409 1511.6093631088734 521.49610686302185 58.551562428474426 3073.1881310939789 378.38875269889832 370.04545599222183 774.9742793738842 1247.0253758132458 68.539281994104385 56.534617930650711 217.53595215082169 1351.841872125864 1563.5881158709526 130.48005881905556 336.91647988557816 7423.5680871903896 5908.1389689743519 337.8667379617691 363.88240686058998 257.01210156083107 417.23903179168701 208.89447608590126
leaf_count=55525 1013 559 11206 1481 20817 3956 97 1140 3513 1069 78 8883 818 489 1417 3235 123 90 433 3715 3525 258 945 22444 17566 523 723 643 655 363
internal_value=1.35774e-05 0.0411126 -0.00904025 0.0295747 -0.0110116 0.0025043 0.0627277 0.0586088 0.0345968 0.0390469 0.0769141 -0.0075907 0.0284021 0.0740026 0.0520051 0.0162963 0.0575613 0.0782137 0.0376365 0.00936452 0.035661 0.0507693 0.0129888 -0.0131427 -0.00865174 0.0643898 0.044286 0.0239691 0.0663553 0.062728
internal_weight=58934.7 10638.7 48296.1 6937.92 41252.5 7043.58 3700.74 2872.34 5032.48 2924.95 828.404 15837.7 2107.53 769.852 1555.12 1905.43 900.048 125.074 595.925 3190.77 2272.97 651.976 1838.93 25414.8 12764.5 399.807 655.076 658.406 1317.22 899.978
internal_count=167302 22245 145057 15988 125235 19822 6257 5070 11097 6333 1187 47266 4764 1109 2912 4891 1630 213 1251 8616 5006 1327 4901 77969 38383 620 1282 1656 2158 1503
cat_boundaries=0 1
cat_threshold=2464
is_linear=0
shrinkage=0.03


Tree=7
num_leaves=31
num_cat=2
split_feature=21 3 21 22 0 7 22 3 0 3 13 21 3 21 6 11 6 21 22 3 22 3 22 21 22 13 21 3 6 14
split_gain=22244.7 2268.82 1049.29 456.764 371.751 321.287 302.961 285.932 237.579 210.171 138.349 95.145 85.2612 76.3852 78.8857 64.6665 67.2097 60.6316 53.1107 50.8415 50.3392 48.6829 47.179 43.9215 38.3643 36.8355 40.5499 38.2898 64.7366 65.894
threshold=0.70779518645864381 5.5000000000000009 0.36816581414060384 0.32382978617948238 0 0.3535533905932739 0.062277466920423276 1.5000000000000002 1 5.5000000000000009 1.0000000180025095e-35 1.4856455867340745 5.5000000000000009 1.3211565181516336 145.50000000000003 0.49812943072827093 1290.5000000000002 0.97434626768446175 0.94826290821215797 5.5000000000000009 0.021009036347885274 4.5000000000000009 0.96594784195729233 0.59434565132316186 0.9235971133179256 1.0000000180025095e-35 2.8389108382124317 3.5000000000000004 961.50000000000011 1.0000000180025095e-35
decision_type=2 2 2 2 1 2 2 2 1 2 2 2 2 2 2 2 2 2 2 2 2 2 2 2 2 2 2 2 2 2
left_child=2 4 6 -3 5 11 20 -7 9 23 22 21 -8 14 -12 16 -15 -9 -19 -10 -1 -2 -5 -4 -17 -13 27 -27 29 -29
right_child=1 3 8 10 -6 7 12 17 19 -11 13 25 -14 15 -16 24 -18 18 -20 -21 -22 -23 -24 -25 -26 26 -28 28 -30 -31
leaf_value=-0.014075201579645017 0.031695951910649445 0.025873677007122474 -0.00054728435879634104 0.047519566135665353 0.011877367981134623 0.010477435135894889 -0.0087630040882149905 0.020120856166705843 -0.0061129030400910072 0.017373192968189413 0.083929510979927666 0.038689399770016085 -0.0030629047946519666 0.056380593458743564 0.058359102964787975 0.10104637965118854 0.079921103993974424 0.027049846163787718 0.037538103436883942 0.0012086525381677907 -0.011413544322560252 0.040214943185240215 0.061291271696594068 0.0077447675229129417 0.076052124111377975 0.037191758316133618 0.078010086791096056 0.051690756426991905 0.040348514870139393 0.097685885547251272
leaf_weight=15674.552433311939 1753.7271228432655 373.01116624474525 2116.0952117145061 720.09853383898735 1089.5771630704403 949.89273741841316 9259.8015720546246 445.59066760540009 3334.4632709026337 1047.903275936842 126.88902425765991 335.06866076588631 3177.0308928489685 298.79589605331421 1177.7173342108727 97.65886664390564 194.62496310472488 845.98677706718445 948.90499329566956 1145.0731974840164 10932.047443836927 972.44332554936409 362.16212368011475 787.73951104283333 219.43944370746613 167.3434916138649 51.728680282831192 71.218339115381241 122.42773154377937 52.905772596597672
leaf_count=49063 3801 912 6007 1203 2803 2402 27955 1022 9885 2697 189 651 9357 440 1844 125 226 1843 1997 3285 33619 1891 552 2096 284 333 91 133 220 99
internal_value=-7.33003e-05 0.0376009 -0.00910258 0.0574128 0.0285331 0.0311677 -0.0111751 0.0242952 0.000494361 0.00584766 0.061081 0.0374624 -0.00730774 0.0656028 0.0609131 0.0730596 0.0658209 0.0301436 0.0326158 -0.00423071 -0.0129823 0.0347506 0.0521859 0.00170197 0.0840621 0.0466334 0.0522419 0.0488267 0.0565174 0.0719674
internal_weight=58851.9 11377.2 47474.7 3570.4 7806.82 6717.24 39043.4 3190.38 8431.27 3951.74 3197.39 3526.86 12436.8 2115.13 1304.61 810.519 493.421 2240.48 1794.89 4479.54 26606.6 2726.17 1082.26 2903.83 317.098 800.693 465.624 413.895 246.552 124.124
internal_count=167025 23061 143964 5775 17286 14483 119994 7264 23970 10800 4863 7219 37312 3108 2033 1075 666 4862 3840 13170 82682 5692 1755 8103 409 1527 876 785 452 232
cat_boundaries=0 1 2
cat_threshold=258 2434
is_linear=0
shrinkage=0.03


Tree=8
num_leaves=31
num_cat=2
split_feature=20 23 23 23 20 20 3 21 20 3 3 15 7 23 7 0 11 6 2 22 20 21 20 20 0 23 23 13 9 16
split_gain=21469.3 2182.62 1082.18 467.462 289.331 285.473 202.377 134.431 117.788 99.4881 81.5319 72.6845 69.9226 64.4019 57.6328 52.9809 48.461 59.2289 47.3307 45.5683 41.1984 38.7151 35.1879 30.9241 30.6481 30.5234 55.7755 29.664 34.0315 27.4539
threshold=0.38392857142857145 1.0134693877551022 0.11325401989032439 0.42349939975990403 0.15178571428571433 0.044642857142857144 5.5000000000000009 1.461186139773073 0.84821428571428581 5.5000000000000009 4.5000000000000009 4.5000000000000009 0.3535533905932739 0.050901435819928759 0.3535533905932739 0 0.81428061195174062 1350.5000000000002 4.5000000000000009 0.026502997033216787 0.52678571428571441 0.9803259463254832 0.97321428571428581 0.59821428571428581 1 1.3236144168650121 1.643657178217822 2.5000000000000004 0.6078576107927941 1.0000000180025095e-35
decision_type=2 2 2 2 2 2 2 2 2 2 2 2 2 2 2 1 2 2 2 2 2 2 2 2 1 2 2 2 2 2
left_child=2 3 5 14 24 19 27 10 23 -6 21 12 -9 -7 20 -11 17 25 -18 -1 -2 -5 -14 -8 -4 -10 29 28 -3 -27
right_child=1 6 4 7 9 13 8 11 16 15 -12 -13 22 -15 -16 -17 18 -19 -20 -21 -22 -23 -24 -25 -26 26 -28 -29 -30 -31
leaf_value=-0.014002061113936069 0.01600725187192573 0.041210094504665083 -0.0026008906981273769 0.021254926120890714 0.0031027840193763208 -0.0097452602353052184 0.038927368553264799 0.044334636122733938 0.075585554423322834 0.016399135604867714 0.037439590443890669 0.076089181820436877 0.01351878237735593 -0.0057225131576675373 0.010717159828841647 0.0018917976737435455 0.076277473146016253 0.074720568888978448 0.053779977165097664 -0.011127581440703556 0.030794917764485619 0.028580130126915529 0.033557581197906097 0.051710069322307727 -0.0081243355228187274 0.032702912401893436 0.059566387107823075 0.058971707496110692 0.023274429453911057 0.050726618816691244
leaf_weight=17442.809161514044 503.09295728802681 632.22729161381721 3628.1867304444313 930.30243715643883 2046.1219438016415 7630.7195556163788 236.60175943374634 732.53515583276749 80.992067337036133 1116.5271557271481 770.70609962940216 47.896108329296112 99.607516944408417 6782.7150416970253 1312.264349013567 302.16703364253044 338.33519810438156 196.60396480560303 131.92406851053238 7015.1954264938831 261.82001608610153 2366.6257775425911 441.86111795902252 915.69526469707489 1214.394871532917 110.74043810367584 995.03769677877426 73.847061634063721 119.4783333837986 343.82561582326889
leaf_count=55344 1232 1155 10618 2079 5627 23502 415 1358 120 2840 1486 88 219 20267 3329 843 421 220 166 21683 621 5014 864 1457 3647 162 1331 124 220 493
internal_value=-0.000100153 0.0363837 -0.00910375 0.0266625 0.000723852 -0.0112042 0.0537561 0.031324 0.057053 0.00734219 0.0286008 0.0396711 0.0382387 -0.00785317 0.0145556 0.0134458 0.0611825 0.0587102 0.0701064 -0.0131783 0.0211103 0.0265221 0.0299141 0.0491266 -0.0040108 0.0566023 0.0554862 0.0403184 0.038402 0.0464303
internal_weight=58820.9 11642 47178.8 7466.71 8307.4 38871.4 4175.31 5389.53 3349.76 3464.82 4067.63 1321.9 1274 14413.4 2077.18 1418.69 2197.46 1727.2 470.259 24458 764.913 3296.93 541.469 1152.3 4842.58 1530.6 1449.6 825.553 751.706 454.566
internal_count=166945 22574 144371 16290 23575 120796 6284 11108 4785 9310 8579 2529 2441 43769 5182 3683 2913 2326 587 77027 1853 7093 1083 1872 14265 2106 1986 1499 1375 655
cat_boundaries=0 1 2
cat_threshold=2464 2217
is_linear=0
shrinkage=0.03


Tree=9
num_leaves=31
num_cat=2
split_feature=20 23 23 23 22 20 23 21 19 20 7 8 20 20 7 11 6 20 23 0 12 11 20 12 7 21 15 14 7 0
split_gain=20528 1710.07 1079.16 430.597 290.529 274.609 129.473 112.83 98.937 83.3212 82.0021 82.125 77.8651 77.705 72.4626 59.5692 65.4694 52.3715 46.9209 46.8237 43.5411 43.093 41.7678 37.1726 31.4198 30.7043 29.684 35.0769 28.9306 28.6236
threshold=0.38392857142857145 1.0134693877551022 0.11325401989032439 0.61776661884265915 0.031024547593865439 0.15178571428571433 1.4087273881307525 1.438681755915882 1.4375000000000002 1.4196428571428574 0.3535533905932739 0.35355339059327379 0.74107142857142871 0.11607142857142859 -1.0000000180025095e-35 0.81428061195174062 1350.5000000000002 0.74107142857142871 1.643657178217822 0 -0.19337245081799007 0.52766072109828632 0.90178571428571441 -0.78324956448884031 -1.0000000180025095e-35 0.99544416765033839 2.5000000000000004 1.0000000180025095e-35 -1.0000000180025095e-35 1
decision_type=2 2 2 2 2 2 2 2 2 2 2 2 2 2 2 2 2 2 2 1 2 2 2 2 2 2 2 2 2 1
left_child=2 3 4 9 -1 29 8 24 -3 10 17 22 -8 28 19 16 18 -2 -14 -7 23 -10 -12 -11 -5 -26 -9 -28 -6 -4
right_child=1 6 5 7 13 14 12 26 21 20 11 -13 15 -15 -16 -17 -18 -19 -20 -21 -22 -23 -24 -25 25 -27 27 -29 -30 -31
leaf_value=-0.013582945996540214 0.019786019854598661 0.036997144021916437 -0.0025162704287652687 0.035313410884499359 -0.007340964928939318 0.013366275810939026 0.042420169957156022 0.038885349850858904 0.047103769227645427 0.033789461927513968 0.015023276042111176 0.0075059164196558635 0.04284585073870921 -0.004975991980220168 0.0023593206838203968 0.063915351206266457 0.067883063936415883 0.03487780378132007 0.053688937095809693 0.0014707770065071136 0.023470742160963634 0.075884419301319103 0.027955337339263225 0.075148373948801445 0.022876580691940405 0.030245737850354122 0.037086358523224346 0.069872036382077451 -0.010428473181054311 -0.0078435287231813488
leaf_weight=20690.178137987852 861.62428534030914 985.39927399158478 3629.9677787423134 700.61754471063614 3904.3173331320286 1535.7778305113316 567.04235202074051 985.3523323237896 118.65707397460938 45.396298348903656 656.03037771582603 1042.5388650894165 541.03410667181015 4569.9409634768963 1569.3242900073528 559.0465372800827 233.58264523744583 277.62976244091988 1341.0848532319069 387.20010352134705 93.059352338314056 90.966463208198547 349.24231299757957 39.411570221185684 768.0154629945755 1698.4526914358139 61.498127937316895 67.761653929948807 9327.7308120429516 1220.9019023180008
leaf_count=66365 2019 1676 10650 1284 12022 3904 909 1799 188 93 1547 2601 766 13644 4322 678 247 582 1730 1086 190 121 726 80 1657 3456 108 117 28937 3696
internal_value=-4.98993e-05 0.0348109 -0.00904461 0.0262065 -0.0111647 0.000735975 0.0496295 0.0325209 0.0410704 0.0181628 0.0170337 0.0134256 0.0527691 -0.0083531 0.00715003 0.0549442 0.0525418 0.0234964 0.0505996 0.0110533 0.0381524 0.0599227 0.0195453 0.0537313 0.0296022 0.0279637 0.0407749 0.0547241 -0.00951853 -0.003881
internal_weight=58918.8 12083.4 46835.3 7646.63 38492.2 8343.17 4436.81 4281.7 1195.02 3364.93 3187.07 2047.81 3241.79 17802 3492.3 2674.75 2115.7 1139.25 1882.12 1922.98 177.867 209.624 1005.27 84.8079 3167.09 2466.47 1114.61 129.26 13232 4850.87
internal_count=167200 22574 144626 16259 120968 23658 6315 8421 1985 7838 7475 4874 4330 54603 9312 3421 2743 2601 2496 4990 363 309 2273 173 6397 5113 2024 225 40959 14346
cat_boundaries=0 1 2
cat_threshold=2464 2217
is_linear=0
shrinkage=0.03


Tree=10
num_leaves=31
num_cat=0
split_feature=20 23 23 23 22 20 3 20 3 20 20 3 3 13 20 11 23 12 21 20 6 20 21 20 3 20 2 21 23 13
split_gain=19046.2 1653.14 1047.5 391.29 277.048 260.799 118.465 117.041 100.894 83.6968 71.713 61.1193 56.8369 55.7075 39.0532 38.8218 41.291 48.6126 36.2669 36.3636 36.1462 35.8279 34.2578 33.8038 32.9522 31.759 35.0749 28.2482 28.0776 27.889
threshold=0.36607142857142866 1.0134693877551022 0.11325401989032439 0.42349939975990403 0.031024547593865439 0.15178571428571433 5.5000000000000009 1.2767857142857146 5.5000000000000009 0.8303571428571429 0.11607142857142859 3.5000000000000004 2.5000000000000004 2.5000000000000004 0.52678571428571441 0.81428061195174062 1.4604218880534672 0.11478523713130606 1.9905621473186046 1.205357142857143 91.500000000000014 0.90178571428571441 1.5490885464282935 0.27678571428571436 2.5000000000000004 1.1875000000000002 4.5000000000000009 0.90883113171480912 0.61776661884265915 1.0000000180025095e-35
decision_type=2 2 2 2 2 2 2 2 2 2 2 2 2 2 2 2 2 2 2 2 2 2 2 2 2 2 2 2 2 2
left_child=2 3 4 12 -1 -4 25 11 -7 29 24 21 -2 20 -14 18 -17 -18 19 -11 -13 28 -21 -10 -6 -3 -27 -22 -5 -8
right_child=1 6 5 7 10 8 9 -9 23 15 -12 13 14 -15 -16 16 17 -19 -20 22 27 -23 -24 -25 -26 26 -28 -29 -30 -31
leaf_value=-0.013525911013397979 0.010147464954241027 0.033472669286163617 -0.0038194317150493633 0.015077713752301223 -0.011207385189521578 0.0026607047189404422 0.03700755809242124 0.038554674853494758 0.010424588562741387 0.048607977992740338 -0.0051130058111539594 0.047676427601507088 0.015735903099853451 0.053882744081838393 0.029813889750588678 0.078017951077812508 0.062067781602365354 0.040519866544976933 0.037696362141193818 0.065340210544047164 0.020286213356952632 0.027512583340786666 0.048419456858645085 0.021143210042010908 -0.0081705567664389217 0.026204982162885068 0.055510928861100331 0.0304676987475502 0.023577871586514292 0.046623199539908781
leaf_weight=20354.720293790102 1454.7341821789742 689.4845957159996 4818.4876690506935 528.73321285843849 5776.7489072084427 1986.6052587330341 543.62640884518623 872.46952795982361 1058.5032356083393 1294.4602266550064 4499.0417319536209 96.946413308382034 620.18011653423309 91.161524146795273 253.4962854385376 95.957951664924622 319.51956576108932 149.11338871717453 210.79058903455734 298.22189688682556 314.73924028873444 1369.400903493166 205.24625730514526 357.17486417293549 7364.9701592624187 54.687495231628418 141.43875831365585 1364.1172840893269 1115.0082368850708 648.68148085474968
leaf_count=66180 3608 1193 14306 1154 18140 5444 833 1463 2741 1672 13509 178 1477 158 573 102 348 169 259 305 633 2703 200 854 22930 84 205 2558 2317 944
internal_value=-8.89285e-05 0.0323983 -0.00903955 0.0241905 -0.0111403 0.000669512 0.0466491 0.0283918 0.007028 0.0489897 -0.00838682 0.0265662 0.0138002 0.0308629 0.0198569 0.0520792 0.0593238 0.0553251 0.0500115 0.0514302 0.0296481 0.0238925 0.0585638 0.0131461 -0.00950667 0.0366458 0.0475441 0.0285757 0.0208582 0.0422787
internal_weight=58948.5 12732.2 46216.3 8080.99 37995.5 8220.77 4651.23 5752.58 3402.28 3765.62 17640.8 4880.11 2328.41 1866.96 873.676 2573.31 564.591 468.633 2008.72 1797.93 1775.8 3013.14 503.468 1415.68 13141.7 885.611 196.126 1678.86 1643.74 1192.31
internal_count=167240 23136 144104 16822 120759 23345 6314 11164 9039 4832 54579 9701 5658 3527 2050 3055 619 517 2436 2177 3369 6174 505 3595 41070 1482 289 3191 3471 1777
is_linear=0
shrinkage=0.03


Tree=11
num_leaves=31
num_cat=1
split_feature=20 23 23 20 23 20 23 23 20 7 20 8 19 20 0 7 13 16 7 7 20 7 7 22 11 20 20 1 12 22
split_gain=17973.2 1393.55 1020.75 345.789 340.909 144.233 122.365 86.886 79.9384 66.8783 78.9595 74.4765 51.6394 51.1578 50.8962 48.8374 40.1283 39.3106 45.9405 35.8541 33.3563 33.1437 32.6973 72.3753 44.1232 31.486 31.0193 30.9428 30.4843 27.0323
threshold=0.36607142857142866 1.0134693877551022 0.068874293012224058 0.15178571428571433 0.61776661884265915 0.044642857142857144 0.20595625184747268 1.643657178217822 1.2767857142857146 0.3535533905932739 1.4910714285714288 0.35355339059327379 1.4375000000000002 0.74107142857142871 0 -1.0000000180025095e-35 1.0000000180025095e-35 1.0000000180025095e-35 -0.85355339059327373 -1.0000000180025095e-35 0.72321428571428581 -1.0000000180025095e-35 1.0000000180025095e-35 0.94826290821215797 0.78325454425165997 0.25892857142857145 0.90178571428571441 9.5000000000000018 -0.62587551141915865 0.0097673595692717597
decision_type=2 2 2 2 2 2 2 2 2 2 2 2 2 2 1 2 2 2 2 2 2 2 2 2 2 2 2 2 2 2
left_child=2 4 5 14 9 29 -5 12 15 13 11 26 -3 -2 19 16 -6 -14 -19 -4 -9 -8 23 24 -10 -7 -11 -18 -12 -1
right_child=1 7 3 6 8 25 21 20 22 10 28 -13 17 -15 -16 -17 27 18 -20 -21 -22 -23 -24 -25 -26 -27 -28 -29 -30 -31
leaf_value=-0.014611452538534063 0.018619176710950171 0.037453620938471759 -0.0014878175260482527 0.00020282669841034179 0.02720685923219876 -0.0092166301289509107 0.012870687541398838 0.037546445525945799 0.084011139680097685 0.013825802638991287 0.054190538873262396 0.006570083433308207 0.034811159554279797 0.032692976960304883 -0.0081780730791268536 0.025235030411126676 0.035701720492912307 0.067003525069477016 0.04335067491893823 -0.0061817867732524819 0.049069009453815142 0.0045360020653701667 0.032266152139441118 0.033845256303216199 0.045320945049748193 0.0027143632658992601 0.024476085691483754 0.056363331818270107 0.024075720243361694 -0.012463101369252244
leaf_weight=9404.2341117560863 1014.2807766795158 2007.7206710577011 2993.9046777486801 2715.4138498902321 451.65789580345154 9333.899040967226 1284.9615517556667 279.46861863136292 55.505622029304504 707.44414734840393 50.367711752653122 1110.3888031244278 137.38412529230118 306.8111472427845 4068.1620823144913 2996.7855604290962 305.70194667577744 151.48757314682007 169.11498564481735 2875.4975244104862 2110.5545294284821 650.90819257497787 413.91428625583649 192.44179254770279 61.919157862663269 202.20879650115967 387.04884830117226 90.058326900005341 84.671454817056656 12379.949945569038
leaf_count=31131 2303 2937 8833 7751 786 29513 3154 408 85 1628 97 2719 182 600 12613 5852 506 162 218 8738 2371 1723 670 304 93 580 756 147 163 40422
internal_value=-0.000150159 0.0308652 -0.00899057 -0.00243541 0.023338 -0.0120436 0.00431427 0.0436128 0.0288078 0.0165056 0.0134412 0.0120617 0.0395916 0.0219145 -0.00559532 0.0270635 0.0334853 0.0488492 0.0547191 -0.00378269 0.0477404 0.0100752 0.0380135 0.0455428 0.0642151 -0.00896275 0.0176165 0.0405488 0.035668 -0.0133914
internal_weight=58993.9 13084.7 45909.1 14588.8 8229 31320.3 4651.28 4855.73 4567.98 3661.01 2339.92 2204.88 2465.71 1321.09 9937.56 3844.2 847.418 457.987 320.603 5869.4 2390.02 1935.87 723.781 309.867 117.425 9536.11 1094.49 395.76 135.039 21784.2
internal_count=167445 22987 144458 42812 16709 101646 12628 6278 8443 8266 5363 5103 3499 2903 30184 7291 1439 562 380 17571 2779 4877 1152 482 178 30093 2384 653 260 71553
cat_boundaries=0 1
cat_threshold=2217
is_linear=0
shrinkage=0.03


Tree=12
num_leaves=31
num_cat=0
split_feature=20 23 23 23 20 22 20 20 7 7 16 8 7 23 20 23 20 6 20 19 21 20 21 8 6 7 20 14 2 12
split_gain=17355.1 1492.84 896.101 361.6 276.486 146.805 118.237 115.633 98.7483 67.5377 59.7829 54.5057 52.4651 52.0885 45.4169 42.205 38.2271 36.2062 34.5472 32.7281 32.4564 32.2707 31.5898 30.8884 35.1604 30.1386 29.8976 33.875 27.8128 29.3254
threshold=0.33035714285714296 1.0134693877551022 0.068874293012224058 0.42349939975990403 0.15178571428571433 0.030550644371627033 0.75892857142857151 1.2410714285714288 -1.0000000180025095e-35 0.3535533905932739 6.5000000000000009 -0.35355339059327379 0.3535533905932739 0.70603395997574303 0.044642857142857144 0.21065531475748198 0.11607142857142859 715.50000000000011 1.330357142857143 1.0625000000000002 0.90883113171480912 1.455357142857143 0.99021183618429909 0.35355339059327379 247.50000000000003 -1.0000000180025095e-35 0.52678571428571441 1.5000000000000002 4.5000000000000009 -0.57782411410281842
decision_type=2 2 2 2 2 2 2 2 2 2 2 2 2 2 2 2 2 2 2 2 2 2 2 2 2 2 2 2 2 2
left_child=2 3 5 12 14 -1 -3 9 15 20 11 28 26 -9 -4 -6 -7 -15 -19 -13 -5 -14 -11 24 -24 -16 -2 -28 29 -8
right_child=1 6 4 7 8 16 10 13 -10 22 -12 19 21 17 25 -17 -18 18 -20 -21 -22 -23 23 -25 -26 -27 27 -29 -30 -31
leaf_value=-0.013588969020904507 0.014692809732786166 0.033418338291944523 -0.0087973124043782252 0.019963377566772935 0.0034210829386233138 -0.010201599919053055 0.042042424516553996 0.026999212744191495 -0.00082986247683128475 0.01340400379560164 0.071576186603917805 0.042685084879740237 0.0082131065151364053 0.026251357733096576 -0.0025558474314579453 0.012117958196871663 -0.0059693684941420919 0.063081076745585399 0.040697914950533563 0.048992443904073646 0.028251307898581959 0.028915652403481214 0.033467918058653533 0.005588387980854175 0.020817552807447057 -0.0065289878279605603 0.020415255481823054 0.045602658524320973 0.039600854003418035 0.015571648126894877
leaf_weight=19203.563189983368 880.33060055971146 1132.3515563905239 2889.194184422493 535.38540360331535 906.75820058584213 9107.0216981470585 59.219503998756409 450.3211096227169 2269.5136674046516 546.28064197301865 74.385858297348022 1740.825148165226 1522.0585850179195 130.44690024852753 3882.6507624387741 1134.2326618432999 2450.8850896656513 79.905461728572845 391.99777507781982 1500.782640516758 2459.0622167885303 70.41447639465332 245.43398904800415 99.014783382415771 1144.1426369845867 3095.2151493132114 237.12595203518867 61.626180917024612 503.39812785387039 109.56728583574295
leaf_count=64197 2066 1676 9004 1055 2538 29284 93 735 6435 1146 74 2043 3758 222 11654 2766 7584 123 577 1555 4419 156 463 221 2221 9486 509 132 749 168
internal_value=-2.40275e-05 0.0291744 -0.00910404 0.0217118 -0.00286313 -0.01198 0.0420696 0.0258059 0.00347396 0.023899 0.0445154 0.0439814 0.0127192 0.0348797 -0.00563222 0.00826067 -0.00930526 0.0407068 0.044626 0.0456213 0.0267786 0.00914985 0.0196473 0.0219239 0.0230787 -0.00431978 0.017523 0.0257657 0.0360081 0.0250873
internal_weight=58913.1 13974.1 44939 8853.55 14177.6 30761.5 5120.53 6081.99 4310.5 5029.32 3988.18 3913.79 2771.56 1052.67 9867.06 2040.99 11557.9 602.35 471.903 3241.61 2994.45 1592.47 2034.87 1488.59 1389.58 6977.87 1179.08 298.752 672.185 168.787
internal_count=167109 24161 142948 17803 41883 101065 6358 11182 11739 9525 4682 4608 6621 1657 30144 5304 36868 922 700 3598 5474 3914 4051 2905 2684 21140 2707 641 1010 261
is_linear=0
shrinkage=0.03


Tree=13
num_leaves=31
num_cat=2
split_feature=20 23 23 23 20 20 20 7 21 16 23 7 15 0 7 7 0 15 20 6 21 11 1 21 20 22 20 21 20 8
split_gain=16452.8 1167.94 900.014 335.413 266.519 145.631 103.809 89.8275 71.388 62.0859 60.1255 59.5847 52.5523 46.4851 47.0349 42.1966 40.1754 37.8518 30.5294 30.0483 28.0982 32.9822 29.673 39.7207 26.7688 26.5637 24.6297 24.2298 23.4347 23.1205
threshold=0.33035714285714296 1.0134693877551022 0.068874293012224058 0.42349939975990403 0.15178571428571433 0.044642857142857144 0.74107142857142871 -1.0000000180025095e-35 1.461186139773073 6.5000000000000009 1.643657178217822 0.3535533905932739 4.5000000000000009 0 -1.0000000180025095e-35 -1.0000000180025095e-35 1 4.5000000000000009 1.455357142857143 1145.5000000000002 2.0765776293919509 -0.40614700388750385 1.5000000000000002 1.8876736180578704 0.74107142857142871 0.0078229775924323116 0.11607142857142859 0.90883113171480912 0.47321428571428575 -0.35355339059327379
decision_type=2 2 2 2 2 2 2 2 2 2 2 2 2 1 2 2 1 2 2 2 2 2 2 2 2 2 2 2 2 2
left_child=2 3 5 11 13 25 -3 16 15 10 17 24 20 14 -4 28 29 -8 -13 -12 22 -22 -10 -24 -2 -1 -7 -17 -5 -6
right_child=1 6 4 8 7 26 9 -9 12 -11 19 18 -14 -15 -16 27 -18 -19 -20 -21 21 -23 23 -25 -26 -27 -28 -29 -30 -31
leaf_value=-0.014629316050715836 0.016421638223508794 0.030304361408562863 -0.0011819185536104942 0.013928385251658942 0.0051813527765102226 -0.0098149161914283158 0.035436612348948321 -0.00073120503747587621 0.012712738393830735 0.066499706640696446 0.041731582394701684 0.0078755989233873277 0.058905257471167143 -0.0080454097722479825 -0.0065813345717432919 0.016435649633662751 0.0025003953624415215 0.053792643974259251 0.028110189824769104 0.050130498524793156 0.0098007211930096552 0.028166528163855526 0.031865976080474652 0.055639615742389605 0.034783528176479339 -0.012459717861788764 -0.0063360745998836754 0.022897294158407022 0.030592564687713264 0.014057183094270797
leaf_weight=8912.1753476262093 1122.8761079609394 1043.8427187204361 2973.0424554049969 87.770641326904297 384.92218512296677 6796.8209605813026 1858.7484542131424 2249.4659376740456 67.774976491928101 86.090118527412415 1695.9866601228714 1535.4095377027988 57.654909789562225 4011.07713291049 2844.1488771438599 650.35038697719574 787.82224962115288 111.80935573577881 69.659303456544876 553.66668903827667 124.47017523646355 322.44578632712364 903.74121254682541 70.152516931295395 77.075939536094666 12202.788537085056 2534.8800058662891 3155.2206819355488 833.44260799884796 870.66714698076248
leaf_count=30346 2550 1511 8815 180 1009 22120 2362 6384 120 78 1818 3757 84 12617 8756 1331 2189 115 150 475 213 497 1460 116 157 40860 7905 5892 1348 2069
internal_value=-7.84852e-05 0.0277645 -0.00909281 0.0212063 -0.00283205 -0.0119962 0.0388851 0.00340266 0.0250639 0.0409562 0.0404181 0.0125716 0.0306926 -0.00555598 -0.00381696 0.0232152 0.00795444 0.0365079 0.00877446 0.0438227 0.029557 0.0230982 0.0322976 0.0336399 0.017634 -0.0133764 -0.00887134 0.0217992 0.0290282 0.0112576
internal_weight=58996 14428.2 44567.8 9078.04 14121.1 30446.7 5350.14 4292.88 6273.02 4306.3 4220.21 2805.02 1546.24 9828.27 5817.19 4726.78 2043.41 1970.56 1605.07 2249.65 1488.58 446.916 1041.67 973.894 1199.95 21115 9331.7 3805.57 921.213 1255.59
internal_count=167284 24214 143070 17855 41839 101231 6359 11651 11241 4848 4770 6614 2490 30188 17571 8751 5267 2477 3907 2293 2406 710 1696 1576 2707 71206 30025 7223 1528 3078
cat_boundaries=0 1 2
cat_threshold=2217 2432
is_linear=0
shrinkage=0.03


Tree=14
num_leaves=31
num_cat=2
split_feature=20 23 23 23 20 20 3 20 20 7 6 3 0 3 6 0 3 6 23 22 13 3 6 6 6 3 21 21 20 12
split_gain=15888.7 1085.86 961.751 340.342 298.536 143.221 110.561 81.977 79.3576 65.8922 63.7329 57.3473 50.924 58.7253 41.4209 41.384 32.7656 30.6685 29.0109 28.8936 27.0269 28.435 27.3666 40.8599 30.0407 26.7728 26.6652 26.5785 25.5142 25.2073
threshold=0.34821428571428575 1.1527247667514844 0.068874293012224058 0.42349939975990403 0.15178571428571433 0.044642857142857144 5.5000000000000009 1.2767857142857146 1.1160714285714288 0.3535533905932739 775.50000000000011 5.5000000000000009 0 5.5000000000000009 823.50000000000011 1 5.5000000000000009 151.50000000000003 0.67988764044943839 0.011230463732072973 1.0000000180025095e-35 4.5000000000000009 613.50000000000011 1090.5000000000002 151.50000000000003 1.5000000000000002 0.99021183618429909 1.572439166518165 0.11607142857142859 -0.61236746317008228
decision_type=2 2 2 2 2 2 2 2 2 2 2 2 1 2 2 1 2 2 2 2 2 2 2 2 2 2 2 2 2 2
left_child=2 3 5 11 12 19 -6 9 16 20 -10 -2 13 -4 -12 -8 -3 -18 29 -1 -5 -22 24 -24 -23 -11 -27 -16 -7 -9
right_child=1 8 4 7 6 28 15 18 10 25 14 -13 -14 -15 27 -17 17 -19 -20 -21 21 22 23 -25 -26 26 -28 -29 -30 -31
leaf_value=-0.014564628661573459 0.010137496942121299 0.027522306885046609 -0.0059423257112148223 0.023015981601464112 0.00051864631323273402 -0.0097969078845925629 0.013156814581636962 0.035914823518999779 0.036237180277124866 0.0065731335880312679 0.066457223534933732 0.022687079101344342 -0.0080393220391392142 0.00033779373354960937 0.051537280962896427 0.001421280360953784 0.048373557224038508 0.036098426954394865 0.036004545663214323 -0.012307062739851335 0.025848609236426061 0.041968368683143846 0.050372435417379499 0.027259959929321721 0.020454435924580829 0.014442729150180021 0.022138240260255425 0.040231540763335578 -0.006247338763229162 0.019170959032508199
leaf_weight=9342.9997604489326 2233.0232644975185 395.95782148838043 3609.2796283960342 1652.9973938763142 2990.58555367589 6702.2414852082729 1163.4291082620621 130.83592718839645 594.07289850711823 141.93425944447517 114.52974790334702 385.5647845864296 4011.8811823427677 2128.1858173906803 465.60603868961334 370.02422019839287 208.24077779054642 2902.3441481590271 704.05724364519119 11564.696726441383 1306.825980246067 86.203317493200302 167.36063182353973 127.30208441615105 198.67465978860855 561.66991537809372 1597.4236457645893 375.73202723264694 2529.6751842200756 232.61443182826042
leaf_count=32275 5238 568 11141 2864 8376 22026 2785 197 591 310 90 825 12722 6257 405 1017 209 3397 992 39180 2316 130 240 201 303 1125 2912 328 7930 361
internal_value=1.74256e-05 0.0271862 -0.00890371 0.0212168 -0.00248786 -0.0119417 0.00387994 0.0247092 0.0384252 0.0232986 0.0441433 0.0119956 -0.00544344 -0.00360587 0.0490077 0.0104267 0.0358841 0.0369374 0.0323917 -0.0133168 0.0258804 0.0283738 0.0340032 0.0405335 0.0271095 0.0193153 0.0201467 0.0465491 -0.00882571 0.0252969
internal_weight=58996 14583 44413 9526.49 14273.4 30139.6 4524.04 6907.9 5056.48 5840.39 1549.94 2618.59 9749.35 5737.47 955.868 1533.45 3506.54 3110.58 1067.51 20907.7 3539.36 1886.37 579.541 294.663 284.878 2301.03 2159.09 841.338 9231.92 363.45
internal_count=167311 23602 143709 18014 42298 101411 12178 11951 5588 10401 1414 6063 30120 17398 823 3802 4174 3606 1550 71455 6054 3190 874 441 433 4347 4037 733 29956 558
cat_boundaries=0 1 2
cat_threshold=2217 2464
is_linear=0
shrinkage=0.03


Tree=15
num_leaves=31
num_cat=2
split_feature=21 23 23 3 21 21 23 23 13 21 13 15 0 3 7 3 21 22 18 21 22 6 21 0 3 21 6 22 6 21
split_gain=14958.6 1002.94 954.415 376.345 267.647 161.149 120.745 88.1873 67.3042 56.0863 54.1149 47.33 36.9551 44.8041 36.6794 43.8666 39.4728 33.033 65.9258 32.0745 30.2796 26.7071 25.1976 25.0386 31.1622 23.7925 23.0042 40.5247 22.822 21.452
threshold=0.67395903378527333 0.63406663478399505 0.074669754674901376 5.5000000000000009 0.38540608735056198 0.20723205905420547 0.20595625184747268 0.15733188843894372 1.0000000180025095e-35 1.4494737065480099 1.0000000180025095e-35 3.5000000000000004 0 5.5000000000000009 0.3535533905932739 1.5000000000000002 0.95346258924559257 0.90180379829830981 1.0000000180025095e-35 1.0631824853441516 0.0078229775924323116 1120.5000000000002 2.8389108382124317 1 5.5000000000000009 0.36816581414060384 1220.5000000000002 0.90180379829830981 103.50000000000001 2.4379973539548812
decision_type=2 2 2 2 2 2 2 2 2 2 2 2 1 2 2 2 2 2 2 2 2 2 2 1 2 2 2 2 2 2
left_child=2 7 5 8 12 20 23 -2 26 -10 -5 14 13 -4 16 29 -9 18 -11 -17 -1 -8 -12 -6 -25 -7 -3 -28 -18 -16
right_child=1 3 4 10 6 25 21 11 9 17 22 -13 -14 -15 15 19 28 -19 -20 -21 -22 -23 -24 24 -26 -27 27 -29 -30 -31
leaf_value=-0.014621287410418115 0.0040066552066089474 0.021290207487262357 -0.0063611269358539993 0.032357738178123228 -0.0058383522862956059 -0.0094667356397252073 0.0070832447303803316 0.015034874495425283 0.026225902573237155 0.030932463432255149 0.038819725641545955 0.043911994822658347 -0.0087262051821502401 -0.0010836842160342618 0.007403406774025313 0.011162189989555534 0.044682802057002639 0.032195294662211771 0.06788663803688047 0.021045287407116905 -0.012280246465299976 0.015335660040037901 0.055503477397531552 -0.00079110770198083998 0.0078423796351095969 -0.0060809091804594701 0.015336192146411555 0.035897682982987338 0.023118607252619348 0.029770732176975706
leaf_weight=8653.1683872640133 689.79292517900467 2497.8803148567677 3536.8829059302807 1550.7603655159473 617.07630506157875 7421.6124916374683 1582.6043968200684 943.42362663149834 2127.1986957490444 105.89275950193405 3113.2470895648003 52.20389848947525 2267.2477048635483 2456.7388643026352 1002.9429384469986 536.95213255286217 49.501498878002167 661.07279860973358 78.10806405544281 679.49417215585709 12030.768135368824 457.73042914271355 90.318223536014557 1925.1327166557312 466.41100263595581 2522.7360867261887 132.25827670097351 267.90112113952637 535.84785887598991 39.496233969926834
leaf_count=30336 1752 4176 11027 1754 1846 24564 3942 2033 3472 151 3095 98 7264 7338 2340 1160 89 915 109 1203 41242 1052 69 5561 1276 7930 229 403 979 80
internal_value=2.81156e-05 0.0257284 -0.0088362 0.0307683 -0.00212818 -0.0117509 0.00331229 0.0139016 0.0256741 0.0288653 0.0370503 0.015676 -0.00545407 -0.00419249 0.0152738 0.0128246 0.018878 0.0354632 0.046934 0.0167005 -0.0132606 0.00894414 0.0393091 -0.00050674 0.000888989 -0.0086091 0.0223903 0.0291719 0.0250256 0.00828434
internal_weight=59092.4 15154.3 43938.1 10624.6 13309.8 30628.3 5048.95 4529.66 5870.31 2972.27 4754.33 3839.86 8260.87 5993.62 3787.66 2258.89 1528.77 845.074 184.001 1216.45 20683.9 2040.33 3203.57 3008.62 2391.54 9944.35 2898.04 400.159 585.349 1042.44
internal_count=167485 24107 143378 14373 39306 104072 13677 9734 9455 4647 4918 7982 25629 18365 7884 4783 3101 1175 260 2363 71578 4994 3164 8683 6837 32494 4808 632 1068 2420
cat_boundaries=0 1 2
cat_threshold=2233 4117
is_linear=0
shrinkage=0.03


Tree=16
num_leaves=31
num_cat=3
split_feature=21 23 23 23 21 21 3 23 13 21 7 0 21 1 19 0 3 22 1 3 14 23 21 23 22 21 21 23 0 21
split_gain=13813.5 981.57 871.516 290.46 207.898 166.967 152.347 103.332 54.267 54.6782 51.2716 50.895 58.3886 51.3021 44.7081 32.9131 38.5653 31.8657 29.4953 28.5453 28.3541 26.9006 25.5976 25.0262 24.2556 24.0934 32.1176 21.8887 20.2296 20.2139
threshold=0.63998263828472468 0.87029968900197918 0.075652963888258026 0.38950428396572834 0.36816581414060384 0.20723205905420547 5.5000000000000009 0.20050251256281412 1.0000000180025095e-35 1.4494737065480099 0.3535533905932739 0 1.2419873057050366 5.5000000000000009 1.0625000000000002 1 5.5000000000000009 0.017903129084484874 3.5000000000000004 5.5000000000000009 2.5000000000000004 1.4604218880534672 0.95346258924559257 0.033538300026245742 0.24817419475914387 2.8389108382124317 1.5097088392205913 0.65230646871686127 2 1.4177675885225083
decision_type=2 2 2 2 2 2 2 2 2 2 2 1 2 2 2 1 2 2 2 2 2 2 2 2 2 2 2 2 1 2
left_child=2 3 5 10 15 17 -3 -6 27 -10 22 -8 -13 14 18 16 -4 -1 -14 -9 25 -16 -2 -7 -12 26 -11 -5 -21 -15
right_child=1 6 4 8 7 23 11 19 9 20 24 12 13 29 21 -17 -18 -19 -20 28 -22 -23 -24 -25 -26 -27 -28 -29 -30 -31
leaf_value=-0.014307637385715883 0.01187088912821797 0.025652208699715538 -0.0060764121453825218 0.015150644902493194 -0.0011063924453057379 -0.01002098733085594 0.038445908788212656 0.0038515663398786923 0.021498528666696493 0.048280982935192659 0.00046528504993193469 0.025905425818512687 0.023139295877093735 0.037672001230183633 0.06024858632873336 -0.0078701954104191084 -0.00035298902935782688 -0.011905782708108683 0.044124084364143862 0.00046035212637561757 0.018367237902901092 0.04199986487228427 0.022496223724636309 -0.0069916589075978228 0.008353933624134547 0.052428727002534536 0.028324240103175385 0.020411630245575536 0.012696014385580707 0.024655254746488654
leaf_weight=11527.476162523031 1129.0205873847008 2354.8432715237141 2705.0991629362106 1261.2683718800545 3154.7081725001335 4949.38277348876 2581.2175394296646 961.11941573023796 1962.6423023343086 91.260717123746872 499.48659306764603 1112.3719141185284 153.03212487697601 164.09359282255173 126.86946630477905 3159.4454011321068 1745.4179871380329 8920.4212498366833 106.90783202648163 153.59745869040489 131.84005838632584 224.2983825802803 252.75602054595947 4942.2570922672749 1191.5641768276691 60.623740196228027 433.01473173499107 1739.3089303076267 891.66935443878174 370.12144726514816
leaf_count=40915 2606 3443 8473 2353 9184 16531 2412 2512 3398 136 1299 1321 155 175 101 10177 5152 30780 95 412 191 180 520 16080 2799 79 636 2937 2054 392
internal_value=-0.00012024 0.0237347 -0.00894462 0.0169822 -0.00236936 -0.011712 0.0319461 0.00227743 0.0210029 0.0241226 0.00954392 0.0350019 0.0307401 0.0356719 0.0416756 -0.00552149 -0.00382512 -0.0132608 0.0319289 0.00759881 0.0312597 0.0487621 0.0138337 -0.00850888 0.00602906 0.0341192 0.0318948 0.018208 0.0110317 0.0287277
internal_weight=59057.1 15946.5 43110.6 8752.79 12771.1 30339.5 7193.76 5161.09 5679.96 2679.38 3072.83 4838.91 2257.69 1145.32 611.108 7609.96 4450.52 20447.9 259.94 2006.39 716.739 351.168 1381.78 9891.64 1691.05 584.899 524.275 3000.58 1045.27 534.215
internal_count=167498 25228 142270 16954 37964 104306 8274 14162 9730 4440 7224 4831 2419 1098 531 23802 13625 71695 250 4978 1042 281 3126 32611 4098 851 772 5290 2466 567
cat_boundaries=0 1 2 3
cat_threshold=2 2217 25
is_linear=0
shrinkage=0.03


Tree=17
num_leaves=31
num_cat=1
split_feature=21 23 23 3 21 21 23 23 21 13 0 3 21 13 3 22 19 21 13 2 21 19 3 3 11 22 2 12 22 11
split_gain=13579.1 964.15 797.355 297.902 200.319 132.885 115.104 86.5709 56.8308 46.5976 44.0416 47.6014 36.7576 45.3268 42.7037 36.604 34.1802 33.6766 32.4077 30.8727 43.0968 30.2843 27.9725 27.914 26.9632 26.7993 23.3302 28.2824 19.1431 18.7706
threshold=0.60837925114775604 0.63406663478399505 0.068874293012224058 5.5000000000000009 0.38540608735056198 0.20723205905420547 0.19614048150905936 0.20595625184747268 1.438681755915882 1.0000000180025095e-35 0 5.5000000000000009 1.8876736180578704 2.5000000000000004 1.5000000000000002 0.90180379829830981 1.1875000000000002 2.2716490544407919 1.0000000180025095e-35 1.5000000000000002 2.2716490544407919 0.31250000000000006 1.0000000180025095e-35 5.5000000000000009 -0.37447345805034543 0.0097673595692717597 3.5000000000000004 0.57605713708605399 0.9235971133179256 -0.30983472475487867
decision_type=2 2 2 2 2 2 2 2 2 2 1 2 2 2 2 2 2 2 2 2 2 2 2 2 2 2 2 2 2 2
left_child=2 6 5 8 10 25 18 -6 15 26 11 -4 13 14 22 -3 -16 -11 -2 -14 -21 -10 28 -9 -18 -1 27 -5 -8 -17
right_child=1 3 4 9 7 -7 12 23 21 17 -12 -13 19 -15 16 29 24 -19 -20 20 -22 -23 -24 -25 -26 -27 -28 -29 -30 -31
leaf_value=-0.01459425610625719 0.0019420626766662686 0.014883167181799528 -0.0061217989598712323 0.035666686550511875 -0.0010459041194219578 -0.0089324907931101726 0.0095709682748162505 0.003308966788415032 0.0085299100513728954 0.034505527655463601 -0.0082030770620394496 -0.00015365863590235178 0.042877176754473618 0.027196663079223256 0.014376311009668704 0.025376213623666037 0.014135148483526263 0.047654891946675049 0.013108547090863544 0.041300800289033067 0.00724831268889785 0.028985723511685473 0.0059932562967422304 0.011232680125604664 0.032284558365454775 -0.012352555310654737 0.024675237640184762 0.024297571468443351 0.022147610844442219 0.021020556073647285
leaf_weight=8574.2495182752609 984.70489224791527 633.93742120265961 3207.9411336481571 655.96416753530502 2887.5283258259296 9060.2366797327995 250.7069157063961 740.981061398983 69.809934318065643 3193.9197514057159 3702.4871050417423 1927.3158796429634 72.369396716356277 227.98386138677597 2063.2606346011162 1531.4836330115795 127.43781572580338 195.29762595891953 306.75065520405769 49.871548444032669 101.0008417069912 1613.9406645894051 894.07743248343468 878.78136572241783 188.03131166100502 11252.774951279163 689.09268322587013 303.09128484129906 199.26625823974609 2377.9916896522045
leaf_count=30940 2568 1049 10093 675 8413 30261 537 1936 108 2965 12036 5674 125 431 4196 2417 205 147 769 92 177 2206 2052 2043 313 39586 753 327 347 3796
internal_value=-8.32407e-05 0.0227899 -0.00914473 0.027807 -0.003079 -0.0119465 0.0124453 0.0020665 0.0234073 0.0332389 -0.00570384 -0.00387598 0.0148674 0.0141879 0.0133825 0.0216438 0.0158029 0.0352788 0.00460709 0.026749 0.0187419 0.0281467 0.00908585 0.00761586 0.0250397 -0.013323 0.0290214 0.032109 0.0151905 0.0227344
internal_weight=58962.3 16730 42232.3 11264.5 13345 28887.3 5465.46 4507.29 6227.16 5037.37 8837.74 5135.26 4174.01 3950.76 3722.78 4543.41 2378.73 3389.22 1291.46 223.242 150.872 1683.75 1344.05 1619.76 315.469 19827 1648.15 959.055 449.973 3909.48
internal_count=167237 26255 140982 14443 40195 100787 11812 12392 9576 4867 27803 15767 8475 8081 7650 7262 4714 3112 3337 394 269 2314 2936 3979 518 70526 1755 1002 884 6213
cat_boundaries=0 1
cat_threshold=2217
is_linear=0
shrinkage=0.03


Tree=18
num_leaves=31
num_cat=3
split_feature=21 23 23 23 0 21 3 21 0 21 3 21 19 16 0 11 13 15 21 7 3 22 3 3 12 11 23 23 15 6
split_gain=12942.1 863.965 808.87 284.732 217.825 145.641 110.215 63.6262 56.59 55.156 52.0172 46.3214 43.0803 65.3549 40.6088 37.7408 36.9021 37.1037 35.2198 29.2654 28.3335 28.0881 26.2966 23.0355 25.0157 20.3967 19.9307 19.8895 18.9282 21.2407
threshold=0.63998263828472468 0.068874293012224058 1.0134693877551022 0.38950428396572834 0 0.20723205905420547 5.5000000000000009 1.4494737065480099 1 0.35941729821748025 5.5000000000000009 0.38540608735056198 0.81250000000000011 4.5000000000000009 2 0.45273815774107123 1.0000000180025095e-35 3.5000000000000004 0.74902534071883109 0.3535533905932739 3.5000000000000004 0.0097673595692717597 5.5000000000000009 1.5000000000000002 0.063390085881955341 -0.98523971305672675 0.13010914355718903 0.038554440728353782 1.5000000000000002 499.50000000000006
decision_type=2 2 2 2 1 2 2 2 1 2 2 2 2 2 1 2 2 2 2 2 2 2 2 2 2 2 2 2 2 2
left_child=1 5 3 10 6 21 11 19 -4 -8 18 -3 25 15 22 -14 20 -18 -2 -5 -9 -1 -6 -21 -25 -10 -13 -7 29 -17
right_child=2 4 8 7 14 27 9 16 12 -11 -12 26 13 -15 -16 28 17 -19 -20 23 -22 -23 -24 24 -26 -27 -28 -29 -30 -31
leaf_value=-0.014582077585555006 0.0026039883085977075 -0.005984624415968802 0.033835775876989028 0.020587738104305198 -0.0058986585543819182 -0.0097979632659016529 0.00058626529264091398 0.0165623312977068 0.038788324838872401 0.011531258220220452 0.018537271166515368 -0.0020427327175877533 0.024721254118931481 0.052856187123509278 -0.0087284411088681627 0.020377390161718707 0.027746037962721192 0.051919233348717758 0.010175031607197757 0.0060522695243507719 0.027716704728210979 -0.012271261402874456 -0.0017206792996056774 0.020088923606719732 0.013265925753536412 0.022716682259731533 0.003616525321915756 -0.0069064651295084609 0.040019433717611602 0.037232525867558888
leaf_weight=8433.404354184866 794.86662930250168 1159.2124189138412 3321.9931800365448 3231.2935591340065 3381.735172867775 5503.533548027277 619.57650104165077 558.0895990729332 77.398589491844177 1258.1898080706596 491.86619484424591 931.7934222817421 815.50344562530518 113.36854714155197 2691.1485873758793 142.98029357194901 890.54996716976166 62.440602332353592 1840.8079950511456 192.74371200799942 336.41982847452164 11121.461715638638 2272.7475291490555 1088.2463213205338 903.67843833565712 1425.2921622395515 1397.8754117488861 3560.577165722847 315.45755904912949 140.73960328102112
leaf_count=30879 2003 3661 3094 5193 10641 18705 1838 867 86 2997 1038 2737 882 91 8822 144 1209 75 4168 421 462 39612 6778 1863 1596 1642 3726 11826 264 129
internal_value=-1.29864e-05 -0.00884423 0.0223129 0.0171529 -0.0026517 -0.0118109 0.00206299 0.0204125 0.0307479 0.00792534 0.00957676 -0.00108594 0.02715 0.0308229 -0.00567975 0.0290169 0.0252425 0.0293889 0.00789589 0.0187595 0.0207904 -0.0132688 -0.00421358 0.0160444 0.0170047 0.0235737 0.00135052 -0.00866367 0.0348026 0.0288609
internal_weight=59075 42331.3 16743.7 10391 13712.3 28619 5366.65 7263.46 6352.73 1877.77 3127.54 3488.88 3030.74 1528.05 8345.63 1414.68 1847.5 952.991 2635.67 5415.96 894.509 19554.9 5654.48 2184.67 1991.92 1502.69 2329.67 9064.11 599.177 283.72
internal_count=167449 142222 25227 18895 41200 101022 14959 11686 6332 4835 7209 10124 3238 1510 26241 1419 2613 1284 6171 9073 1329 70491 17419 3880 3459 1728 6463 30531 537 273
cat_boundaries=0 1 2 3
cat_threshold=2466 2 25
is_linear=0
shrinkage=0.03


Tree=19
num_leaves=31
num_cat=2
split_feature=21 23 23 0 3 23 21 3 21 0 19 23 6 13 6 23 21 2 2 3 13 13 13 6 21 3 23 15 21 11
split_gain=12374.1 834.823 781.038 204.248 172.585 156.122 117.544 108.303 50.6531 46.9806 46.1735 41.0354 38.6442 44.1408 54.3079 38.3184 36.665 36.283 35.5861 30.6116 30.2514 27.8384 26.4265 46.3754 24.6625 24.3173 23.2297 23.0656 22.9174 21.7725
threshold=0.59625454339525241 0.72010362694300534 0.058968414952187777 0 5.5000000000000009 0.23896588189458454 0.16044347806795992 5.5000000000000009 0.34914175446352724 1 1.0625000000000002 0.38950428396572834 769.50000000000011 1.0000000180025095e-35 805.50000000000011 1.3236144168650121 0.35941729821748025 4.5000000000000009 5.5000000000000009 5.5000000000000009 1.0000000180025095e-35 1.0000000180025095e-35 2.5000000000000004 1069.5000000000002 1.1117728909444315 5.5000000000000009 1.643657178217822 2.5000000000000004 0.36816581414060384 0.89017062131308955
decision_type=2 2 2 1 2 2 2 2 2 1 2 2 2 2 2 2 2 2 2 2 2 2 2 2 2 2 2 2 2 2
left_child=2 5 6 7 12 21 -1 16 -9 19 18 -7 17 -14 -15 -12 -4 -3 -6 -5 -13 -2 -16 -24 -19 -23 -20 -22 -8 -17
right_child=1 4 3 9 10 11 28 8 -10 -11 15 20 13 14 22 29 -18 24 26 -21 27 25 23 -25 -26 -27 -28 -29 -30 -31
leaf_value=-0.013687690724701058 0.0033934800355698382 0.017336563322510309 -0.0061870215997562369 -0.0056361733446196847 0.029116444657325328 0.012035134754131122 -0.01024437382281821 0.0002435477764659528 0.010911011467035183 -0.0080838718673851596 0.05072989063910447 0.015072180586254848 0.021021557946585671 0.055250025805196369 0.025414040070438956 0.031149826411650497 0.00039611466309411053 0.018838267559145697 0.013346770559391447 -0.00048301223623947048 0.019626195924961468 0.0094434780125114293 0.05762137862221877 0.026804503674631223 0.029190283245717274 0.031318346121080795 0.02797181141171615 0.034709979645530263 -0.0065246473643068856 0.03954721275018195
leaf_weight=15761.787887245417 1334.5664124190807 1734.0836107134819 1134.5094634890556 2961.9364268481731 2873.5146242082119 1806.0564233362675 9087.5909938216209 605.88415342569351 1188.4846132695675 4923.1672709286213 115.70265513658524 2048.3637321591377 1123.4401546120644 69.692349314689636 869.19364774227142 1674.8583960533142 2306.4179677963257 370.97539889812469 239.36320400238037 1600.9163244068623 1624.2258042693138 415.94597995281219 69.449150800704956 130.86152413487434 512.26842814683914 51.122695773839951 172.05823332071304 98.962580233812332 1803.7362879216671 362.28368937969208
leaf_count=57823 3378 2624 3647 9370 2799 3900 31765 1805 2871 16313 104 3544 1634 82 1183 1331 6576 553 262 4652 2636 1002 87 166 680 115 160 144 5923 263
internal_value=1.31031e-05 0.021007 -0.00896672 -0.00341968 0.0265182 0.0132978 -0.0120301 0.00133825 0.00731453 -0.00604111 0.0302024 0.0157784 0.0224063 0.0253027 0.0294973 0.0336616 -0.00177384 0.0198914 0.027924 -0.00382159 0.0175656 0.00561069 0.0277635 0.0377519 0.0248753 0.0119124 0.0195306 0.0205156 -0.00962955 0.0326648
internal_weight=59071.4 17697 41374.4 14721.3 10317.7 7379.24 26653.1 5235.3 1794.37 9486.02 5437.78 5577.61 4879.96 2262.64 1139.2 2152.84 3440.93 2617.33 3284.94 4562.85 3771.55 1801.64 1069.5 200.311 883.244 467.069 411.421 1723.19 10891.3 2037.14
internal_count=167392 26647 140745 45234 11928 14719 95511 14899 4676 30335 4919 10224 7009 3152 1518 1698 10223 3857 3221 14022 6324 4495 1436 253 1233 1117 422 2780 37688 1594
cat_boundaries=0 1 2
cat_threshold=2466 9
is_linear=0
shrinkage=0.03


Tree=20
num_leaves=31
num_cat=2
split_feature=20 23 23 20 22 3 23 23 20 0 3 7 20 11 20 20 20 6 21 20 6 14 20 20 3 22 22 23 12 0
split_gain=12187.4 869.098 605.958 219.131 145.507 113.063 112.529 92.0022 47.696 40.525 44.9712 39.4296 37.6207 45.7842 33.5793 31.4963 28.7759 27.0036 26.4108 24.5334 34.1404 30.3542 24.3312 20.7316 20.1859 21.4611 17.8941 17.7803 17.7994 17.4759
threshold=0.33035714285714296 0.068874293012224058 0.75887605042016815 0.13392857142857145 0.027766178885545119 5.5000000000000009 0.38950428396572834 0.20595625184747268 1.4196428571428574 0 5.5000000000000009 0.3535533905932739 0.84821428571428581 0.89017062131308955 1.2410714285714288 0.080357142857142863 0.52678571428571441 1175.5000000000002 2.2716490544407919 1.455357142857143 781.50000000000011 1.0000000180025095e-35 0.90178571428571441 1.0446428571428574 5.5000000000000009 0.12748109862484291 0.8636611719603795 1.4604218880534672 0.11478523713130606 1
decision_type=2 2 2 2 2 2 2 2 2 1 2 2 2 2 2 2 2 2 2 2 2 2 2 2 2 2 2 2 2 1
left_child=1 4 6 9 -1 14 11 24 18 10 -3 16 -7 -14 -4 -6 -2 29 22 20 -16 -22 -8 -13 -5 -26 -24 -15 -29 -9
right_child=2 3 5 7 15 12 8 17 -10 -11 -12 23 13 27 19 -17 -18 -19 -20 -21 21 -23 26 -25 25 -27 -28 28 -30 -31
leaf_value=-0.013602530711811845 0.011490945397206551 -0.0059202860897890697 0.021162232871875557 -0.0021565147152503923 -0.010422762806651855 0.02547085249934752 0.015017015056710992 0.013980391991394009 0.027330658716933381 -0.0078752675782426708 -7.3408665116869308e-05 0.0053386663897485847 0.029252777229617655 0.048918394306744439 0.022924533609459043 -0.00720869412029053 0.022366824595567224 0.015942963187197366 0.0037910783826114636 0.022373082791861513 0.028771254548792063 0.051211292684702064 0.033336019947450092 0.014195656706946809 0.0018945617728677534 0.019981072689911276 0.019089139089432362 0.039574860700593344 0.02689844403484876 0.0046858161688674649
leaf_weight=16184.6726770401 898.59237867593765 3125.884692132473 3410.2481205463409 2437.6460456550121 7338.0819759368896 1869.7423607707024 2176.4970683455467 208.47101035714149 425.46596270799637 3674.3886707127094 1908.7821560502052 1308.4782593548298 3120.1290568113327 124.18652719259262 172.94324558973312 4430.1998726427555 293.89009183645248 285.27587655186653 139.13314560055733 367.08857756853104 109.12201076745987 123.92877060174942 85.638761460781097 292.15760678052902 689.1390066742897 63.764512360095978 1701.1040783822536 338.4175922870636 162.14712107181549 1484.5477578938007
leaf_count=60243 1912 10010 4895 7163 25863 1962 3803 469 544 12217 5624 3055 2518 84 218 14860 552 623 210 405 124 137 129 633 1915 171 2645 241 122 3658
internal_value=1.74111e-05 -0.00870871 0.0213397 -0.00257087 -0.0117556 0.02622 0.0148047 0.00232132 0.0177287 -0.00547501 -0.00369788 0.010058 0.0290119 0.030771 0.0224654 -0.00921404 0.0141929 0.00740276 0.0167249 0.0281714 0.0333314 0.0408976 0.0171764 0.0069669 -0.000828877 0.00345877 0.0197936 0.0382848 0.0355424 0.00595162
internal_weight=58949.8 41830.9 17118.9 13877.9 27953 9797.95 7320.96 5168.84 4527.84 8709.06 5034.67 2793.12 5614.62 3744.88 4183.33 11768.3 1192.48 1978.29 4102.37 773.083 405.994 233.051 3963.24 1600.64 3190.55 752.904 1786.74 624.751 500.565 1693.02
internal_count=167005 142816 24189 41850 100966 10706 13483 13999 7331 27851 15634 6152 4927 2965 5779 40723 2464 4750 6787 884 479 261 6577 3688 9249 2086 2774 447 363 4127
cat_boundaries=0 1 2
cat_threshold=2217 2304
is_linear=0
shrinkage=0.03


Tree=21
num_leaves=31
num_cat=0
split_feature=20 23 23 3 21 22 23 23 13 16 20 20 3 20 20 7 3 7 20 20 22 6 22 6 16 6 22 2 22 21
split_gain=11470.2 741.963 697.78 201.036 163.554 143.179 69.3717 65.8454 60.6708 52.1051 39.9743 32.5093 33.5182 32.5035 29.5502 28.1197 33.3386 25.3793 25.2631 21.9007 21.4924 27.627 21.0928 20.6627 20.4462 20.2362 23.2441 20.8731 29.9436 21.0611
threshold=0.27678571428571436 0.068874293012224058 0.63406663478399505 4.5000000000000009 0.36816581414060384 0.028675921422948492 0.19614048150905936 0.21065531475748198 1.0000000180025095e-35 5.5000000000000009 0.79464285714285732 0.026785714285714288 5.5000000000000009 1.4196428571428574 0.11607142857142859 0.3535533905932739 1.5000000000000002 1.0000000180025095e-35 0.56250000000000011 0.97321428571428581 0.90180379829830981 1240.5000000000002 0.067768326051458591 1021.5000000000001 1.0000000180025095e-35 1210.5000000000002 0.93213278419381618 4.5000000000000009 0.89210411648079824 2.0765776293919509
decision_type=2 2 2 2 2 2 2 2 2 2 2 2 2 2 2 2 2 2 2 2 2 2 2 2 2 2 2 2 2 2
left_child=1 5 6 10 11 -1 17 -6 20 -10 -4 -3 -13 15 -7 18 -17 23 -8 -18 -5 24 -14 -2 -22 27 -27 -12 -29 -30
right_child=2 4 3 8 7 14 13 -9 9 -11 25 12 22 -15 -16 16 19 -19 -20 -21 21 -23 -24 -25 -26 26 -28 28 29 -31
leaf_value=-0.013501640866886046 0.016405549202830272 -0.0094682886802795237 0.014478858239800892 0.017874273908156813 -0.0010880486543188663 -0.0098664101901821625 0.012204728147184991 0.0063397879783533588 0.028089628880920856 0.045898846537148909 0.017568402039796028 -0.0065764154254868232 -0.0060676659581901382 0.02298417003820771 -0.006004458602227117 0.0056784494186083488 0.010451608279949365 0.0024505284563309197 0.019272338304731743 0.019367523055528794 0.018878953905160079 0.034476980936326646 -0.00048954500100555651 0 0.025407589508625528 0.01621684248263092 0.028613901743746485 0.039546536413901122 0.022734971724092248 0.0041491539634990211
leaf_weight=16282.822601228952 251.33588576316833 1599.7487186789513 1393.2781747281551 584.22504839301109 3346.033766746521 9078.6156851351261 1313.2395377159119 1580.1248664259911 4705.7255859375 155.57007038593292 1902.8061817288399 3689.7063108980656 888.12713724374771 266.91009220480919 2237.915175229311 989.42035409808159 839.61528551578522 969.64863839745522 713.92452177405357 359.10121011734009 664.51859703660011 228.85323047637939 1953.5301387310028 94.790009051561356 1398.5457026064396 196.94362926483154 503.89910244941711 92.286471426486969 707.13461166620255 60.895065724849701
leaf_count=61393 606 5341 2289 675 9827 32124 2698 3843 4190 106 2789 12045 2940 403 7402 2191 1612 2473 1157 559 768 214 5904 245 1436 289 610 124 988 73
internal_value=-1.81933e-05 -0.00891145 0.0196393 0.0236044 -0.00301843 -0.011699 0.0110223 0.00129411 0.026612 0.0286701 0.0188078 -0.00563171 -0.00468978 0.0128011 -0.00910381 0.0121496 0.00977376 0.00495314 0.014705 0.0131415 0.0231224 0.0244492 -0.00223655 0.0119195 0.0233178 0.0205426 0.0251668 0.0193588 0.0232869 0.0212765
internal_weight=59049.3 40656.6 18392.7 12594.7 13057.3 27599.4 5797.99 4926.16 7737.44 4861.3 4857.24 8131.11 6531.36 4482.21 11316.5 4215.3 2188.14 1315.77 2027.16 1198.72 2876.14 2291.92 2841.66 346.126 2063.06 3463.97 700.843 2763.12 860.316 768.03
internal_count=167314 140819 26495 14551 39900 100919 11944 13670 7389 4296 7162 26230 20889 8620 39526 8217 4362 3324 3855 2171 3093 2418 8844 851 2204 4873 899 3974 1185 1061
is_linear=0
shrinkage=0.03


Tree=22
num_leaves=31
num_cat=2
split_feature=20 23 23 3 0 22 3 13 23 0 20 21 20 22 3 23 20 21 21 12 3 21 12 2 22 21 3 18 1 19
split_gain=11095.3 737.862 608.651 177.951 155.18 138.889 80.5238 69.6579 46.9434 45.0076 44.9028 40.6084 38.2124 36.4611 32.9605 34.2261 30.7316 29.4113 26.6845 25.9113 25.2176 24.4663 23.2925 21.1239 26.5421 25.6067 19.8657 19.3355 24.2604 22.9347
threshold=0.27678571428571436 0.068874293012224058 0.60048076923076932 5.5000000000000009 0 0.023372770750673795 5.5000000000000009 1.0000000180025095e-35 0.13427827306420917 1 0.99107142857142871 0.24353894017376096 0.098214285714285726 0.077531734807411282 3.5000000000000004 0.38950428396572834 0.66964285714285732 0.36816581414060384 1.2419873057050366 -0.28519997588938989 5.5000000000000009 1.9905621473186046 -0.9292178835113839 4.5000000000000009 0.88301361223524477 2.0765776293919509 2.5000000000000004 1.5000000000000002 5.5000000000000009 1.4375000000000002
decision_type=2 2 2 2 1 2 2 2 2 1 2 2 2 2 2 2 2 2 2 2 2 2 2 2 2 2 2 2 2 2
left_child=1 5 7 10 6 -1 17 8 -2 -5 19 -7 -8 -6 15 -9 -16 -3 -11 22 -15 -17 -4 -12 -25 -26 -13 -20 29 -29
right_child=2 4 3 9 13 11 12 14 -10 18 23 26 -14 20 16 21 -18 -19 27 -21 -22 -23 -24 24 25 -27 -28 28 -30 -31
leaf_value=-0.013764554225737012 0.00067031089138466261 -0.0058823578448227668 0.01539111801579348 0.028972638701617794 -0.0079670587161414039 -0.011096678117098932 -0.00086450226982814861 0.0085287424975953371 0.0095959522125623736 0.01984719398581565 0.02035842118574345 -0.0092748700707500215 0.0090724848926173572 -0.0055928385711823498 0.01837539129933893 0.015993655488126157 0.039296501906512848 0.0003604225576837625 0.022834615103404381 0.015401943936369317 -0.0011290560320382206 0.036487582851255841 0.022781928237507656 0.044076657151452141 0.026136465770189018 0.0098232557432201498 -0.0058740383177020529 0.028583914899792815 0.022075915136795476 0.044655016412627632
leaf_weight=14262.752851039171 656.69418293237686 1009.6149919331074 610.41321843862534 3244.9204280376434 3339.4366818070412 6737.1479348540306 477.22064372897148 804.88468110561371 2790.7147835195065 1324.6360577344894 2128.2528772950172 3438.7949607372284 1275.964595168829 2980.3788783848286 479.83795934915543 492.63217878341675 73.89561539888382 2066.0425810217857 830.0917175412178 2601.3165308833122 1850.3920985758305 59.307268679141998 1120.2704984247684 67.824951648712158 813.66289508342743 100.084756731987 2850.5363624691963 217.22851544618607 220.75080114603043 141.71251100301743
leaf_count=54693 1703 3281 904 2505 11214 24549 1420 1818 5649 1358 2755 11887 3087 9554 961 825 113 5829 685 3895 5473 84 1650 78 974 113 9845 155 195 86
internal_value=-3.85028e-05 -0.00891555 0.0190052 0.0224182 -0.00303215 -0.0117176 0.00123269 0.0104523 0.00789814 0.0262788 0.0193124 -0.00947511 0.00636525 -0.0055481 0.0150513 0.0125058 0.0212439 -0.00168813 0.022881 0.01732 -0.00388485 0.0182686 0.020189 0.0220794 0.0257802 0.0243689 -0.00773563 0.0258733 0.0301675 0.035052
internal_weight=59067.4 40288.3 18779.1 13421.2 12999.1 27289.2 4828.84 5357.97 3447.41 5979.34 7441.83 13026.5 1753.19 8170.21 1910.56 1356.82 553.734 3075.66 2734.42 4332 4830.77 551.939 1730.68 3109.83 981.573 913.748 6289.33 1409.78 579.692 358.941
internal_count=167338 140832 26506 15353 39858 100974 13617 11153 7352 4984 10369 46281 4507 26241 3801 2727 1074 9110 2479 6449 15027 909 2554 3920 1165 1087 21732 1121 436 241
cat_boundaries=0 1 2
cat_threshold=2464 2
is_linear=0
shrinkage=0.03


Tree=23
num_leaves=31
num_cat=2
split_feature=21 23 23 3 21 22 23 23 0 3 21 7 21 21 11 3 22 0 11 21 21 21 11 6 22 19 3 3 22 16
split_gain=10183.8 749.337 577.456 176.676 163.835 140.983 75.9801 63.9365 39.8983 51.6271 32.5269 37.1901 30.3112 28.3419 26.6114 25.9082 29.2064 25.5414 36.2905 57.8167 24.8809 24.2006 29.4392 23.7616 27.2401 23.0889 21.3271 19.9669 17.8917 17.7755
threshold=0.59625454339525241 0.068874293012224058 0.63406663478399505 5.5000000000000009 0.38540608735056198 0.027766178885545119 0.15733188843894372 0.13010914355718903 0 5.5000000000000009 1.8876736180578704 0.3535533905932739 0.97434626768446175 0.24353894017376096 -0.33425342068356556 5.5000000000000009 0.09426481547855893 1 0.45273815774107123 1.116435654853684 0.95346258924559257 2.1731461800422895 0.77244481603295057 1210.5000000000002 0.90180379829830981 0.81250000000000011 1.5000000000000002 2.5000000000000004 0.0078229775924323116 1.0000000180025095e-35
decision_type=2 2 2 2 2 2 2 2 1 2 2 2 2 2 2 2 2 1 2 2 2 2 2 2 2 2 2 2 2 2
left_child=1 5 6 12 8 28 25 -6 9 -3 11 20 14 -7 -4 -9 -17 -5 -19 -20 29 -12 -23 -14 -25 -2 -13 -15 -1 -8
right_child=2 4 3 17 7 13 10 15 -10 -11 21 26 23 27 -16 16 -18 18 19 -21 -22 22 -24 24 -26 -27 -28 -29 -30 -31
leaf_value=-0.014563470647935207 0.0013609508261204265 -0.0060087489331396276 0.02053516135185899 0.027349276570901179 -0.0027575522729595498 -0.010707180498456027 0.01412531934949254 0.0017271691409152525 -0.0077798244870152479 0.00023190890077231485 0.039363986091292359 0.0053062804260692563 0.018142401920874515 -0.0092529864506290336 0.011355326864096803 -0.0026235693743558728 0.0095023898602538542 0.01964896356164662 0.016026813048915962 0.031200519133240675 0.018752208227971235 0.0072674866600015882 0.031783813383026376 0.012537289940129873 0.025179416682957804 0.015366131433298767 0.011028741006431725 -0.0057330621374256365 -0.012508440124848962 0.0072011601797485492
leaf_weight=7784.0375915467739 966.42552590370178 3082.7532822489738 410.73518037796021 3254.2829727530479 1718.1833516359329 5423.5449630320072 1000.9301705956459 1372.7907364368439 3536.4592033624649 1942.8157192766666 57.769015282392502 1049.2408388853073 4531.9622943401337 3297.9029986858368 963.8043101131916 210.90318951010704 1132.9735887348652 1660.4956647753716 326.21432459354401 778.83505874872208 679.50686040520668 114.44743031263351 72.453229695558548 189.59326899051666 938.66415429115295 118.24842929840088 1353.1807886362076 2626.6289639472961 7793.0451834201813 512.55453830957413
leaf_count=30536 2507 10042 613 2436 5165 19847 2038 3734 12028 5723 97 2283 6065 11486 1483 576 2633 1564 356 526 1068 186 105 277 1092 275 2441 9109 29848 1010
internal_value=-0.000225811 -0.00882686 0.0178652 0.021391 -0.00291015 -0.0116824 0.0100932 0.00176867 -0.00533425 -0.0035883 0.0117016 0.0111268 0.0181534 -0.00913578 0.0141157 0.00463349 0.00759439 0.0251698 0.0224142 0.0267452 0.013958 0.0223838 0.0169219 0.0191302 0.0230733 0.00290603 0.00853524 -0.00769468 -0.0135366 0.0117907
internal_weight=58901.4 39922 18979.3 13054.6 12996.9 26925.2 5924.76 4434.85 8562.03 5025.57 4840.08 4595.41 7034.76 11348.1 1374.54 2716.67 1343.88 6019.83 2765.55 1105.05 2192.99 244.67 186.901 5660.22 1128.26 1084.67 2402.42 5924.53 15577.1 1513.48
internal_count=167149 140727 26422 14412 39901 100826 12010 12108 27793 15765 9228 8840 9530 40442 2096 6943 3209 4882 2446 882 4116 388 291 7434 1369 2782 4724 20595 60384 3048
cat_boundaries=0 1 2
cat_threshold=2217 2
is_linear=0
shrinkage=0.03


Tree=24
num_leaves=31
num_cat=0
split_feature=20 23 23 3 20 20 23 23 13 20 15 3 13 20 7 3 16 3 20 20 20 6 20 6 13 23 12 20 6 3
split_gain=10237.1 747.339 500.704 155.092 147.473 146.293 77.769 76.3432 54.5634 35.0595 37.1777 30.4197 29.767 29.7118 28.5849 27.0109 26.7961 24.5654 24.506 24.361 24.1849 22.1397 20.6607 25.2332 20.6078 42.5111 19.0122 18.9701 18.5689 18.0439
threshold=0.27678571428571436 0.068874293012224058 0.63406663478399505 4.5000000000000009 0.098214285714285726 0.044642857142857144 0.25060386473429958 0.19195959595959597 1.0000000180025095e-35 1.4196428571428574 2.5000000000000004 5.5000000000000009 2.5000000000000004 0.79464285714285732 1.0000000180025095e-35 1.5000000000000002 5.5000000000000009 1.0000000180025095e-35 0.18750000000000003 0.026785714285714288 1.0000000180025095e-35 1175.5000000000002 0.97321428571428581 1220.5000000000002 3.5000000000000004 0.77363455809334669 -0.19337245081799007 0.11607142857142859 1210.5000000000002 5.5000000000000009
decision_type=2 2 2 2 2 2 2 2 2 2 2 2 2 2 2 2 2 2 2 2 2 2 2 2 2 2 2 2 2 2
left_child=1 5 7 13 19 20 11 14 -5 10 12 -6 15 -4 21 17 -10 -9 -13 -3 -1 -2 23 -17 28 -26 -11 -7 -15 -21
right_child=2 4 3 8 6 27 -8 9 16 26 -12 18 -14 24 -16 22 -18 -19 -20 29 -22 -23 -24 -25 25 -27 -28 -29 -30 -31
leaf_value=-0.014053228374618877 0.014986594553019301 -0.0092559538342307617 0.013309688914875372 0.020377872388581963 -0.0028381540852893657 -0.0092012924062770916 0.0069579803528633348 0.012871681200142109 0.025085670348063919 0.030672270147810085 0.026539724445904172 0.0002777440959567288 0.021682954452295233 0.016753117691438234 0.0015456047720919567 0.0090336494162245474 0.037575304244614229 0.0045815028881245248 0.0095056435461262877 -0.0065988101756566083 -0.011823394379095633 -0.0070024084772120684 0.018509955228922452 0.016001994240461635 0.015696686095801229 0.043014013860776475 0.014538017528606395 -0.0059645513923425554 0.022425565692497186 -0.0029594313223707367
leaf_weight=10683.069377869368 281.38703516125679 1576.7242469191551 1456.3877418339252 3010.6966118812561 3495.9301898181438 6085.6001601219177 1296.5610826611519 484.38949611783028 5085.6050634086132 139.41960716247559 148.35577371716499 1284.5688762664795 233.79434108734131 2803.0126326084137 961.03490197658539 1478.6117616891861 164.96955209970474 971.26948001980782 323.91216987371445 2745.3052623867989 7607.8620013594627 47.244495540857315 431.20508366823196 694.44363129138947 121.86289554834366 91.363188862800598 133.83335515856743 2254.7797371149063 661.56235760450363 2234.7691906392574
leaf_count=42076 665 5390 2286 3019 10642 21981 3110 860 4197 194 247 3759 392 3819 2433 2842 102 2111 806 9172 29170 126 635 1266 149 108 197 7630 795 7089
internal_value=-5.77046e-07 -0.00874928 0.0178515 0.021079 -0.00283925 -0.0116244 0.000399117 0.0106484 0.023628 0.012418 0.0117684 -0.00126675 0.0112506 0.0169725 0.00416926 0.0106432 0.0254863 0.00735123 0.00214452 -0.00600114 -0.0131268 0.0117956 0.0124774 0.0112696 0.0184173 0.0275758 0.0228738 -0.0083278 0.0178442 -0.00496779
internal_weight=58989.5 39589.1 19400.4 13395.5 12957.8 26631.3 6400.97 6004.99 8261.27 4715.32 4442.07 5104.41 4293.71 5134.19 1289.67 4059.92 5250.57 1455.66 1608.48 6556.8 18290.9 328.632 2604.26 2173.06 3677.8 213.226 273.253 8340.38 3464.57 4980.07
internal_count=167268 140825 26443 14475 39968 100857 18317 11968 7318 8744 8353 15207 8106 7157 3224 7714 4299 2971 4565 21651 71246 791 4743 4108 4871 257 391 29611 4614 16261
is_linear=0
shrinkage=0.03


Tree=25
num_leaves=31
num_cat=1
split_feature=20 23 23 22 20 3 23 23 20 19 20 7 3 6 13 19 3 2 3 20 20 20 3 0 14 14 6 22 3 20
split_gain=9853.8 697.311 475.873 149.282 148.078 101.877 101.188 53.7429 37.7643 35.5692 34.3623 33.0999 34.7456 32.7132 33.8926 45.1483 29.3142 29.2534 28.4429 23.248 22.9362 22.2837 22.1346 22.5395 21.9968 29.6077 56.894 21.8302 19.7566 19.655
threshold=0.27678571428571436 0.068874293012224058 0.72010362694300534 0.025119845311482949 0.13392857142857145 5.5000000000000009 0.31116780045351483 0.13010914355718903 0.026785714285714288 2.4375000000000004 0.098214285714285726 0.3535533905932739 1.5000000000000002 637.50000000000011 2.5000000000000004 1.1875000000000002 5.5000000000000009 4.5000000000000009 5.5000000000000009 0.84821428571428581 1.2410714285714288 0.49107142857142866 5.5000000000000009 0 1.0000000180025095e-35 2.5000000000000004 883.50000000000011 0.067768326051458591 4.5000000000000009 1.455357142857143
decision_type=2 2 2 2 2 2 2 2 2 2 2 2 2 2 2 2 2 2 2 2 2 2 2 1 2 2 2 2 2 2
left_child=1 3 6 -1 8 13 18 -6 -3 11 28 -8 29 17 20 -16 -10 -4 21 -7 -15 -2 -9 -24 -22 26 -26 -18 -5 -13
right_child=2 4 5 10 7 19 9 22 16 -11 -12 12 -14 14 15 -17 27 -19 -20 -21 24 -23 23 -25 25 -27 -28 -29 -30 -31
leaf_value=-0.013611350180415423 0.0036129612929976089 -0.0095574705742559659 0.013100617923127349 -0.010803244432654692 -0.0027657944998026457 0.021009939731647675 0.016331560958157954 0.0013709508459625454 -0.0060929022303171116 0.032826709619373298 -0.0063322237976664543 0.0044344400198639989 0.013536262112069809 0.017501213950867529 0.048622376696269058 0.021876880800203485 -0.006024059351001183 0.020021446959474908 0.014633725148490444 0.024930971721700369 0.017523206411709489 0.0096664640278202943 0.0093009312549584607 0.00070415971656420065 0.053537481795187997 0.013969346898315943 0.024475389280289129 -0.0004931084125990809 -0.0074828437976114989 0.021881327522670461
leaf_weight=14289.756865784526 1573.1803545951843 1553.4494935572147 1644.0677304565907 6855.0674929916859 1669.8944112360477 2123.038154900074 2331.7233496010303 1360.458288282156 3929.9763088524342 89.077809125185013 3080.1283856332302 690.02514618635178 1960.7095129489899 2035.4628454148769 84.152755677700043 186.87227189540863 920.94714060425758 844.63969284296036 374.15800079703331 4243.6681819558144 289.82896083593369 844.50065085291862 941.45086851716042 402.92062219977379 88.557885825634003 96.997947812080383 204.95098620653152 2126.8768844902515 2142.1567775011063 62.865379154682159
leaf_count=56994 3803 5358 2235 25452 5031 1992 3608 3712 13092 116 10647 1463 3006 2725 96 199 3113 1038 740 2937 299 1769 2092 1101 85 97 202 6435 7934 109
internal_value=-4.26666e-05 -0.008738 0.0172312 -0.0115348 -0.00302329 0.0210402 0.0115377 0.00146291 -0.00532436 0.0140386 -0.00907633 0.0136993 0.01143 0.0180264 0.0201577 0.0303516 -0.00437986 0.015459 0.00693288 0.0236279 0.0191274 0.00573306 0.00407588 0.00680566 0.023951 0.0286493 0.0334164 -0.00216777 -0.0100143 0.00592628
internal_weight=59041.6 39273.1 19768.5 26367.1 12906 11842.2 7926.24 4374.72 8531.25 5134.4 12077.4 5045.32 2713.6 5475.53 2986.82 271.025 6977.8 2488.71 2791.84 6366.71 2715.8 2417.68 2704.83 1344.37 680.336 390.507 293.509 3047.82 8997.22 752.891
internal_count=167480 140961 26519 101027 39934 11905 14614 11936 27998 8302 44033 8186 4578 6976 3703 295 22640 3273 6312 4929 3408 5572 6905 3193 683 384 287 9548 33386 1572
cat_boundaries=0 1
cat_threshold=2208
is_linear=0
shrinkage=0.03


Tree=26
num_leaves=31
num_cat=1
split_feature=20 23 23 22 0 7 7 23 15 15 21 20 20 20 7 20 20 22 8 7 16 20 21 11 18 21 19 21 13 23
split_gain=9388.32 724.633 468.038 144.763 141.21 102.846 58.4925 51.7526 36.7054 36.2244 34.7435 32.9569 32.3358 28.6546 26.5475 37.4766 25.2895 29.3391 23.8801 22.1929 21.4654 20.6831 20.4519 20.8656 20.0967 25.8538 19.6617 19.2449 19.1089 18.5162
threshold=0.27678571428571436 0.068874293012224058 0.63406663478399505 0.027766178885545119 0 -1.0000000180025095e-35 -1.0000000180025095e-35 0.15403750478377345 1.5000000000000002 3.5000000000000004 0.34914175446352724 0.79464285714285732 0.044642857142857144 0.062500000000000014 0.3535533905932739 1.4196428571428574 0.66964285714285732 0.8636611719603795 0.35355339059327379 -1.0000000180025095e-35 1.0000000180025095e-35 0.65178571428571441 1.7840381372919745 0.69056404122701587 2.5000000000000004 1.8252823096597433 0.81250000000000011 0.34914175446352724 1.5000000000000002 1.5060608286805761
decision_type=2 2 2 2 1 2 2 2 2 2 2 2 2 2 2 2 2 2 2 2 2 2 2 2 2 2 2 2 2 2
left_child=1 3 7 -1 6 8 10 26 24 14 -3 -7 -6 -5 16 18 20 -18 -16 -14 -9 -10 -23 -24 -4 29 -2 -8 -12 -26
right_child=2 4 5 13 12 11 27 9 21 -11 28 -13 19 -15 15 -17 17 -19 -20 -21 -22 22 23 -25 25 -27 -28 -29 -30 -31
leaf_value=-0.013499313519033756 0.0020686330561995418 -0.00076917591603782034 0.018971078760383293 -0.010503924315724082 -0.0083416840600104188 0.012491690948807923 -0.0063173610807786638 0.013512575647528115 0.014212774391083897 0.032272929001623464 0.0062502836937918015 0.017772468313436995 -0.0024942626201526152 -0.0074446359105904145 0.010023826126953257 0.019848820165173683 0.031988678410562674 0.014980891813704829 0.0040353749637316418 -0.0062710775235285537 0.0064054712300956511 0.025323074257489284 0.011766749213287925 0.024846980818565245 0.014802355599006932 0.037885286294623087 0.015066570300434798 -0.00040433132769318586 0.02262002933514877 0.024994647497091328
leaf_weight=14904.035576164722 929.60937976837158 773.39132878184319 4057.8847475349903 5527.656351774931 2267.3314591944218 1501.0089083611965 697.22370263934135 1111.2403262555599 196.14296865463257 69.783612549304962 1591.07243257761 3844.9991461634636 3297.3890413939953 5572.7723306417465 1384.9140355885029 240.14448001980782 113.72231179475784 495.3074414730072 1067.4502236545086 2446.219911724329 593.69931462407112 3043.9271302223206 226.6037865281105 223.4056071639061 235.66389697790146 108.29493325948715 117.4382004737854 1714.3458366692066 66.405653864145279 573.77135294675827
leaf_count=60124 2362 2366 3808 20865 7867 2283 2334 2163 210 104 3860 4923 10302 19789 2439 342 175 696 2294 8061 1132 2302 165 131 237 76 264 4934 152 414
internal_value=-7.10845e-05 -0.00868608 0.016554 -0.0115663 -0.00285801 0.0195782 0.0011875 0.00963074 0.0216018 0.0108838 0.00447392 0.0162935 -0.0052989 -0.00896941 0.0105781 0.00853986 0.0129425 0.0182138 0.00742236 -0.00410468 0.0110464 0.0238903 0.0244276 0.0183144 0.019899 0.0239701 0.00354521 -0.00211828 0.00692299 0.0220565
internal_weight=58992.9 38857.8 20135 26004.5 12853.4 14011.7 4842.44 6123.31 8665.69 5076.26 2430.87 5346.01 8010.94 11100.4 5006.48 2692.51 2313.97 609.03 2452.36 5743.61 1704.94 3690.08 3493.94 450.009 4975.61 917.73 1047.05 2411.57 1657.48 809.435
internal_count=167174 140654 26520 100778 39876 14549 13646 11971 7343 9345 6378 7206 26230 40654 9241 5075 4166 871 4733 18363 3295 2808 2598 296 4535 727 2626 7268 4012 651
cat_boundaries=0 1
cat_threshold=2464
is_linear=0
shrinkage=0.03


Tree=27
num_leaves=31
num_cat=2
split_feature=20 0 20 7 7 22 7 20 20 20 13 8 7 13 7 22 22 15 20 12 8 19 8 21 7 20 22 0 22 21
split_gain=9113.8 669.692 384.864 228.909 147.587 88.1381 81.4362 65.2017 60.2873 42.4193 39.3197 28.2555 26.511 22.9858 22.4829 22.3181 22.1869 21.3998 20.7305 18.9436 17.9114 17.4262 17.1743 19.0237 22.413 16.5243 16.1983 15.9093 15.0959 15.0342
threshold=0.25892857142857145 0 0.52678571428571441 -1.0000000180025095e-35 -1.0000000180025095e-35 0.023372770750673795 1.0000000180025095e-35 0.15178571428571433 0.13392857142857145 0.9553571428571429 1.0000000180025095e-35 1.0000000180025095e-35 -1.0000000180025095e-35 3.5000000000000004 0.3535533905932739 0.90180379829830981 0.067768326051458591 5.5000000000000009 0.044642857142857144 0.31595530242620651 -0.35355339059327379 1.1875000000000002 0.35355339059327379 2.6753740757250477 0.3535533905932739 0.38392857142857145 0.098295021960509488 1 0.0078229775924323116 2.2716490544407919
decision_type=2 1 2 2 2 2 2 2 2 2 2 2 2 2 2 2 2 2 2 2 2 2 2 2 2 2 2 1 2 2
left_child=1 4 6 10 7 28 -2 16 -6 11 15 -5 18 22 -13 -4 -1 21 -7 -15 -9 -12 29 24 -24 -8 -22 -10 -3 -11
right_child=2 5 3 9 8 12 25 20 27 13 17 14 -14 19 -16 -17 -18 -19 -20 -21 26 -23 23 -25 -26 -27 -28 -29 -30 -31
leaf_value=-0.0059394075363902272 0.011182858780050245 -0.0145365396929346 0.013668705268409048 0.014898141331146569 -0.0080362750415530811 -0.009812635131764863 -0.00037563426813074652 -0.0001703821896968747 -0.00045427590411295228 0.018087952270212548 0.020942994843763926 0.013627935051374499 -0.011055870699686532 0.019201223769421464 0.0076644252668754825 0.019806143875420078 -0.0011182679031028957 0.032461049573194789 -0.0051091894912032448 0.03712628328872896 0.00072623196100001582 0.024514744983962628 0.015379808194284137 0.025557887176287295 0.0067520459772038056 0.0055624757241699374 0.0086015964433006076 -0.0048502208530831628 -0.012497425035987402 0.01036330187071012
leaf_weight=1143.3094383776188 2094.0161842107773 7369.5078540146351 705.039027094841 1887.154892116785 6372.5734105110168 1873.3441273570061 921.80449509620667 511.71860188245773 1363.3324571251869 2241.1631346344948 3421.9074075818062 936.36842375993729 5525.449734583497 165.54252928495407 1487.2953965067863 2450.0034994482994 3468.7646690607071 199.99614006280899 1555.0198620557785 83.363195359706879 322.15444678068161 2067.3616290688515 649.28433138132095 98.588509142398834 474.70833152532578 773.62710431218147 887.92119652032852 1648.1332613527775 6144.8637512624264 261.81358969211578
leaf_count=4015 3982 30550 778 2756 22734 6994 2408 1446 3984 2823 2834 1363 20832 197 2759 2218 10843 118 5473 100 873 1438 813 121 968 1560 1999 5357 24782 310
internal_value=-3.27577e-05 -0.008752 0.0158829 0.0177971 -0.00399217 -0.0120741 0.00722619 -0.000455128 -0.00638285 0.0142082 0.0211565 0.0121349 -0.00976614 0.016452 0.00997554 0.0184413 -0.00231573 0.0226576 -0.00768313 0.0253532 0.00452374 0.0222935 0.015849 0.0128888 0.0117505 0.00233208 0.00651225 -0.00288053 -0.0136108 0.0172868
internal_weight=59105.1 38186.1 20919 17129.6 15717.9 22468.2 3789.45 6333.87 9384.04 8285.28 8844.31 4310.82 8953.81 3974.46 2423.66 3155.04 4612.07 5689.27 3428.36 248.906 1721.79 5489.27 3725.56 1222.58 1123.99 1695.43 1210.08 3011.47 13514.4 2502.98
internal_count=167428 139882 27546 19596 51251 88631 7950 19176 32075 12210 7386 6878 33299 5332 4122 2996 14858 4390 12467 297 4318 4272 5035 1902 1781 3968 2872 9341 55332 3133
cat_boundaries=0 1 2
cat_threshold=2489 2176
is_linear=0
shrinkage=0.03


Tree=28
num_leaves=31
num_cat=3
split_feature=20 23 23 0 23 22 23 23 21 21 0 6 6 8 20 13 13 21 2 0 17 1 15 6 13 22 18 15 6 22
split_gain=8686.81 580.424 543.602 115.25 109.42 104.931 99.1545 59.9119 34.2852 33.9028 31.6362 32.5412 75.6656 44.1381 28.4304 24.6968 23.9747 22.942 18.1386 17.861 16.9575 15.746 15.5533 15.4887 14.583 16.0782 31.7305 14.5451 13.5299 13.1193
threshold=0.22321428571428573 0.055081990897926758 0.60048076923076932 0 0.11779788838612369 0.0239265175543532 1.0134693877551022 0.13010914355718903 0.35941729821748025 1.4494737065480099 1 895.50000000000011 781.50000000000011 0.35355339059327379 1.4910714285714288 1.0000000180025095e-35 1.0000000180025095e-35 0.24353894017376096 4.5000000000000009 2 1.0000000180025095e-35 1.5000000000000002 1.5000000000000002 1230.5000000000002 1.0000000180025095e-35 0.90180379829830981 1.0000000180025095e-35 1.0000000180025095e-35 1195.5000000000002 0.0097673595692717597
decision_type=2 2 2 1 2 2 2 2 2 2 1 2 2 2 2 2 2 2 2 1 2 2 2 2 2 2 2 2 2 2
left_child=1 5 4 7 -2 29 9 -3 -9 -4 28 12 21 -14 15 22 23 -7 20 -10 -13 -12 -6 -5 -11 26 -26 -16 -8 -1
right_child=2 3 6 16 14 17 10 8 19 24 11 18 13 -15 27 -17 -18 -19 -20 -21 -22 -23 -24 -25 25 -27 -28 -29 -30 -31
leaf_value=-0.014528773494441753 -0.00031956547749087795 -0.0045284197465848205 0.013963893154573481 -0.0089231545630408856 0.0070337849363095858 -0.010966867816124411 0.02116616776029712 -0.0021838698657289891 0.0050559971750617104 0.015813119763299938 0.0092026856243471265 0.02136721632081779 0.039888829268243518 0.020278256563004728 0.030045218914030978 0.011840079220348666 0.00089355361758418079 -0.0080681502005198868 0.008613053445243702 -0.00072858797365205801 0.013096766959890779 0.01835261720034715 0.013872245532519374 -0.0040234009575159362 0.017850157727971834 0.019013825460502804 0.040168300105015688 0.012807902411820981 0.025230053702181648 -0.012602090676997271
leaf_weight=7376.9918464571238 1231.0555238723755 4236.6609871089458 5096.7648765444756 4089.9344966113567 3312.4721416532993 5232.4044014215469 3314.2119274735451 2157.3741243481636 1447.7812150716782 888.23132222890854 192.31328874826431 373.98915702104568 242.28848934173584 189.44043326377869 87.31001889705658 1981.9312051534653 273.13505594432354 4719.8914089798927 394.94449245929718 716.6373895406723 593.00956785678864 1896.7011403441429 331.94969075918198 685.11266133189201 130.27319967746735 773.33870452642441 108.12201505899429 96.774857759475708 1024.2017162442207 5889.2567810714245
leaf_count=31031 3380 13980 6941 14637 6798 20354 2528 6691 3681 1061 190 336 147 101 126 3723 943 17236 388 2058 518 1609 609 2407 137 812 110 129 574 24128
internal_value=-9.96673e-05 -0.009043 0.0146954 -0.00412193 0.00780021 -0.0119263 0.0178848 -0.00199127 0.000490386 0.0152506 0.0201238 0.0178267 0.0199033 0.0313644 0.00952134 0.00913664 -0.00771263 -0.0095937 0.0140977 0.00315849 0.0163204 0.017518 0.00766194 -0.0082224 0.0186901 0.0211918 0.0281229 0.021134 0.0220816 -0.0136749
internal_weight=59084.5 36825.2 22259.3 13606.6 7041.49 23218.5 15217.8 8558.45 4321.79 6996.73 8221.1 3882.69 2520.74 431.729 5810.44 5626.35 5048.18 9952.3 1361.94 2164.42 966.999 2089.01 3644.42 4775.05 1899.97 1011.73 238.395 184.085 4338.41 13266.2
internal_count=167363 137146 30217 44397 14765 92749 15452 26410 12430 9061 6391 3289 2047 248 11385 11130 17987 37590 1242 5739 854 1799 7407 17044 2120 1059 247 255 3102 55159
cat_boundaries=0 1 2 3
cat_threshold=2217 2 2208
is_linear=0
shrinkage=0.03


Tree=29
num_leaves=31
num_cat=3
split_feature=20 23 23 0 21 3 3 23 0 6 13 21 0 3 20 3 21 13 19 3 20 14 6 6 7 13 15 16 23 13
split_gain=8466.51 693.172 334.176 152.711 112.983 108.82 80.8495 57.244 42.3284 35.9349 33.9425 29.5507 27.8463 25.2176 23.3499 27.215 23.0051 21.9484 19.2693 18.4973 18.3678 18.0531 19.6866 37.715 41.0088 21.1662 17.8818 20.8937 17.0981 17.0542
threshold=0.27678571428571436 0.056652402256370367 0.63406663478399505 0 0.20723205905420547 5.5000000000000009 5.5000000000000009 0.15733188843894372 1 781.50000000000011 1.0000000180025095e-35 0.36816581414060384 2 2.5000000000000004 1.4196428571428574 5.5000000000000009 1.4494737065480099 3.5000000000000004 0.31250000000000006 4.5000000000000009 0.11607142857142859 2.5000000000000004 601.50000000000011 871.50000000000011 1.0000000180025095e-35 2.5000000000000004 1.0000000180025095e-35 1.0000000180025095e-35 0.50135135135135145 3.5000000000000004
decision_type=2 2 2 1 2 2 2 2 1 2 2 2 1 2 2 2 2 2 2 2 2 2 2 2 2 2 2 2 2 2
left_child=1 4 7 6 12 10 11 19 13 -8 18 -3 -1 -5 15 17 -12 -9 -4 -2 -6 22 -18 24 -24 -25 27 -16 -13 -7
right_child=2 3 5 8 20 29 9 14 -10 -11 16 28 -14 -15 26 -17 21 -19 -20 -21 -22 -23 23 25 -26 -27 -28 -29 -30 -31
leaf_value=-0.014327625854299721 0.0015537445747005115 -0.0059344111189810747 0.0071836598279746136 -0.007740558160278117 -0.0094546345477404727 0.019880719701694388 0.00148705331423395 0.0087708324426042702 -0.0084003885891783189 0.0099417032575888197 0.015667559250483541 -0.00030733337129588902 -0.011659183920619679 -0.0030979892745856652 0.039002744378555991 0.014970459908816593 0.012650556419669877 0.0234405740646806 0.013933638614864113 0.013557946312985684 -0.0058871377741764371 0.012268893131469723 0.042982574682880574 0.015990781421267163 0.018831092440710386 0.029746063379693457 0.011712624382558857 0.015178613397780842 0.022116564788800686 0.025102376148382951
leaf_weight=8867.0140820294619 940.49970358610153 1142.6715847849846 436.87879574298859 1368.4140056073666 5250.0184000730515 6297.1523262262344 882.07842028141022 3943.8771685957909 3353.5220664292574 932.96080860495567 2870.2107886075974 2175.861274600029 7434.0523908287287 4615.3460425436497 65.955050051212311 878.16435092687607 161.58453398942947 93.915877759456635 3397.7106054127216 131.09737458825111 1749.295239418745 196.99779170751572 163.97711628675461 397.49656337499619 108.66633313894272 139.64489471912384 153.78651511669159 72.110950589179993 30.039436429738998 646.47348535060883
leaf_count=37634 2357 3905 607 4695 19993 4554 2370 7213 12153 2208 3549 6227 30243 14833 94 1546 169 141 4296 302 6143 196 151 396 113 132 192 96 69 372
internal_value=-5.57332e-05 -0.00855294 0.0151694 -0.00340245 -0.0117578 0.0176281 0.000739919 0.00936502 -0.00568839 0.00583927 0.0152058 -0.00202102 -0.0131278 -0.00415487 0.0106647 0.0101685 0.0171352 0.00911924 0.0131682 0.00303918 -0.00856486 0.0207191 0.0224122 0.0243347 0.0334825 0.0196266 0.0189382 0.0268013 5.19443e-06 0.0203713
internal_weight=58897.5 37801.3 21096.2 14500.9 23300.4 14816.8 5163.61 6279.41 9337.28 1815.04 7873.17 3348.57 16301.1 5983.76 5207.81 4915.96 4038.58 4037.79 3834.59 1071.6 6999.31 1168.37 971.369 809.785 272.643 537.141 291.853 138.066 2205.9 6943.63
internal_count=166949 140473 26476 46460 94013 14535 14779 11941 31681 4578 9609 10201 67877 19528 9282 8900 4706 7354 4903 2659 26136 1157 961 792 264 528 382 190 6296 4926
cat_boundaries=0 1 2 3
cat_threshold=2464 25 34368
is_linear=0
shrinkage=0.03


Tree=30
num_leaves=31
num_cat=2
split_feature=21 23 23 0 7 23 22 7 21 21 13 15 19 15 7 13 21 7 21 8 13 0 21 19 7 21 11 22 22 21
split_gain=8076.52 664.789 412.956 170.972 94.7405 85.2078 76.4697 67.5359 50.8138 41.6229 33.8314 29.1503 27.1573 26.6629 25.3791 24.917 22.2337 21.645 26.5997 26.0023 20.2292 19.5576 17.8282 15.8511 15.472 14.4664 16.8308 14.4104 13.9715 13.9307
threshold=0.56393125945271683 0.043583790628957376 0.63406663478399505 0 -1.0000000180025095e-35 0.20050251256281412 0.0239265175543532 -1.0000000180025095e-35 0.16044347806795992 0.35941729821748025 1.0000000180025095e-35 5.5000000000000009 0.31250000000000006 3.5000000000000004 -1.0000000180025095e-35 1.0000000180025095e-35 0.34914175446352724 0.3535533905932739 0.95346258924559257 0.35355339059327379 1.0000000180025095e-35 1 0.24353894017376096 1.0625000000000002 -1.0000000180025095e-35 0.99544416765033839 -0.37447345805034543 0.11221338486437929 0.90180379829830981 0.8058229640253799
decision_type=2 2 2 1 2 2 2 2 2 2 2 2 2 2 2 2 2 2 2 2 2 1 2 2 2 2 2 2 2 2
left_child=1 6 5 7 10 15 -1 9 -5 -3 28 23 -6 17 20 -2 -9 18 -7 29 21 -10 -8 -12 27 26 -14 -17 -4 -19
right_child=2 3 4 8 12 13 22 16 14 -11 11 -13 25 -15 -16 24 -18 19 -20 -21 -22 -23 -24 -25 -26 -27 -28 -29 -30 -31
leaf_value=-0.013673485547801201 0.00068225546139318537 -0.0012026823270319777 0.012651364434539658 -0.010212541242059753 0.0059696382180317586 0.0099142428645917508 -0.011220796066548197 -0.0065851513543562536 -0.0019776163646433279 0.0068125356125997537 0.018404162653834363 0.031458909885718152 0.016923679652836674 0.029101328131956837 -0.0069108011940314578 0.0067706005698702438 -0.00099286770529059365 0.0037451485742749473 0.01683228573891454 0.0046723370413158175 0.0023191773271005606 -0.0061609639552880771 -0.0083420664947384381 0.021615927498895477 0.0061941471500849927 0.015347360292383868 0.0087341161749203769 0.032832778146388908 0.017511263227856951 0.011944160748770737
leaf_weight=12637.861103072762 1387.9059768617153 920.57804393768311 690.82004654407501 2321.487939670682 357.40450671315193 1649.7828649282455 4280.1833952218294 965.13373181223869 1836.5215612649918 1583.0049504339695 3105.4128834605217 207.57709324359894 336.79004144668579 66.022093713283539 4186.0427920371294 36.792667299509048 1905.6153203845024 223.15722125768661 729.1925890147686 1149.179720133543 454.30682052671909 2322.8466403782368 3622.0530364364386 2699.0680224299431 342.21061924099922 4279.3518809080124 717.90364691615105 41.926525741815567 2739.2691970765591 1251.1141621470451
leaf_count=54004 3624 2884 680 8815 518 3069 17061 3407 5571 3809 2421 112 471 91 14766 94 5681 463 1017 2329 1460 8280 13485 1777 821 5165 1045 86 2386 1872
internal_value=-6.83006e-05 -0.00862186 0.0143234 -0.00413585 0.017094 0.00822433 -0.0122239 0.000261743 -0.00625598 0.00386361 0.0189406 0.0203073 0.0140265 0.0102194 -0.00521756 0.00262828 -0.0028767 0.00996318 0.0120434 0.00807063 -0.00367881 -0.00433578 -0.00990329 0.0199021 0.00901376 0.014564 0.0113685 0.0209645 0.0165382 0.0107105
internal_weight=59046.5 37035.6 22010.9 16495.5 15133.6 6877.28 20540.1 5374.33 11121.2 2503.58 9442.15 6012.06 5691.45 5068.45 8799.72 1808.84 2870.75 5002.43 2378.98 2623.45 4613.68 4159.37 7902.24 5804.48 420.93 5334.05 1054.69 78.7192 3430.09 1474.27
internal_count=167264 139223 28041 54673 14575 13466 84550 15781 38892 6693 7376 4310 7199 8841 30077 4625 9088 8750 4086 4664 15311 13851 30546 4198 1001 6681 1516 180 3066 2335
cat_boundaries=0 1 2
cat_threshold=2464 9
is_linear=0
shrinkage=0.03


Tree=31
num_leaves=31
num_cat=3
split_feature=20 0 23 23 22 3 20 20 7 23 13 3 23 21 13 18 19 3 3 0 22 20 11 20 16 3 15 21 0 12
split_gain=7802.54 687.486 314.322 188.198 91.4257 85.0495 49.2018 46.386 45.2982 41.5506 31.1863 23.4543 21.8879 21.6736 21.1835 21.1155 20.4682 18.0353 17.6523 19.132 17.4886 17.0991 16.6419 15.3573 15.4861 15.3365 15.1597 19.0833 14.0535 15.604
threshold=0.27678571428571436 0 0.63406663478399505 0.13010914355718903 0.0239265175543532 4.5000000000000009 0.13392857142857145 0.90178571428571441 1.0000000180025095e-35 0.050901435819928759 1.0000000180025095e-35 3.5000000000000004 0.11138079827400217 2.8389108382124317 1.0000000180025095e-35 1.5000000000000002 0.31250000000000006 4.5000000000000009 5.5000000000000009 1 0.0097673595692717597 0.13392857142857145 -0.44504625642270151 0.47321428571428575 1.0000000180025095e-35 2.5000000000000004 6.5000000000000009 2.3334793926020674 2 0.5475998096715059
decision_type=2 1 2 2 2 2 2 2 2 2 2 2 2 2 2 2 2 2 2 1 2 2 2 2 2 2 2 2 1 2
left_child=1 3 7 9 20 16 -5 8 15 -1 28 -6 -10 26 -13 23 -4 21 -8 -20 -3 -11 -9 24 -2 -14 27 -12 -7 -30
right_child=2 4 5 6 11 10 18 22 12 17 13 14 25 -15 -16 -17 -18 -19 19 -21 -22 -23 -24 -25 -26 -27 -28 -29 29 -31
leaf_value=-0.0083689947442487922 0.011867162620763341 -0.014527756180971914 0.0067289624093940185 -0.0020270691689756658 -0.011119128689220912 0.018462508606066342 0.001227658034144473 0.0085382455204526843 -0.0011346035020691754 -0.0070216562103117648 0.019300537196413545 -0.008420109426405531 0.0036017830762198957 0.030116335376246813 0.0009873282557270643 0.0015748914178495949 0.014110555477198132 -0.002153817451744883 0.008969219455422589 0.0016701767348631939 -0.01230500214107302 -0.003002936880691399 0.014829075476776607 0.015565953289774717 0.0045487354945124153 0.0087712163508181437 0.030317801067135903 0.0071976998226182887 0.015785321878917475 0.0099493838710149086
leaf_weight=4183.8247031867504 834.38688677549362 7113.3257888406515 367.01561123132706 2702.152551472187 4069.7108581364155 1527.9019444584846 1339.0686273872852 574.141232162714 508.40348348021507 2732.7687852978706 5628.5208905935287 4026.9583825618029 1236.8222584426403 175.14333760738373 226.19063051044941 218.08686590194702 5390.5568040907383 2011.038399040699 815.16399905085564 563.48243042826653 6001.142822265625 1476.2135786116123 1177.0310174226761 575.39110404253006 385.13513341546059 896.76074847579002 113.31729245185852 122.95860946178436 1330.9771890044212 618.75018727779388
leaf_count=15872 1657 31200 525 8454 16007 1249 3621 915 1309 9747 4002 15234 2539 87 820 379 6664 6607 1683 1477 25411 4666 1790 900 753 1702 62 76 1202 595
internal_value=-0.000117927 -0.00844405 0.0141906 -0.00369181 -0.011944 0.0165305 0.000837726 0.00860879 0.00703741 -0.00605544 0.0182754 -0.0094853 0.00444756 0.0195886 -0.00791828 0.0104296 0.0136423 -0.00449719 0.00368802 0.00607078 -0.0135121 -0.00561465 0.012776 0.0115007 0.00956648 0.00578044 0.0192681 0.0190441 0.0159879 0.0138713
internal_weight=58942.3 37261 21681.3 15823.7 21437.3 15275.1 5419.87 6406.16 4654.99 10403.8 9517.57 8322.86 2641.99 6039.94 4253.15 2013 5757.57 6220.02 2717.72 1378.65 13114.5 4208.98 1751.17 1794.91 1219.52 2133.58 5864.8 5751.48 3477.63 1949.73
internal_count=167205 140799 26406 52127 88672 14462 15235 11944 9239 36892 7273 32061 5550 4227 16054 3689 7189 21020 6781 3160 56611 14413 2705 3310 2410 4241 4140 4078 3046 1797
cat_boundaries=0 1 2 3
cat_threshold=2489 2176 2
is_linear=0
shrinkage=0.03


Tree=32
num_leaves=31
num_cat=2
split_feature=21 0 0 3 3 22 22 3 22 21 21 3 3 15 14 13 22 13 3 18 13 15 21 21 21 22 3 22 22 10
split_gain=7575.29 676.033 271.765 148.862 146.276 89.7605 74.9632 54.1992 51.8258 33.1524 28.1217 27.9044 27.8675 26.6049 24.5907 23.8995 23.4323 21.9274 21.784 19.5035 19.5809 24.2458 16.362 15.8319 15.3499 14.7799 14.3701 14.0871 13.4505 15.4916
threshold=0.56393125945271683 0 1 4.5000000000000009 5.5000000000000009 0.023054471117672951 0.1313055839932952 5.5000000000000009 0.14241756577087622 0.99021183618429909 0.74902534071883109 3.5000000000000004 1.5000000000000002 4.5000000000000009 1.5000000000000002 3.5000000000000004 0.067768326051458591 1.0000000180025095e-35 2.5000000000000004 5.5000000000000009 1.0000000180025095e-35 5.5000000000000009 0.31721153878816621 0.38540608735056198 0.20723205905420547 0.0078229775924323116 1.0000000180025095e-35 0.14769057323736021 0.8636611719603795 1.0000000180025095e-35
decision_type=2 1 1 2 2 2 2 2 2 2 2 2 2 2 2 2 2 2 2 2 2 2 2 2 2 2 2 2 2 2
left_child=1 4 3 9 6 25 12 10 16 26 -4 -7 -1 15 27 18 -6 24 -11 20 -5 -22 -10 -14 -13 -3 -2 -12 -28 -30
right_child=2 5 7 19 8 11 -8 -9 22 13 14 17 23 -15 -16 -17 -18 -19 -20 -21 21 -23 -24 -25 -26 -27 28 -29 29 -31
leaf_value=-0.0092623506043408663 0.01372951314501541 -0.014544832883952948 0.0014958844268735314 0.01562169057358056 -0.0051533267708171937 -0.011368023574646873 -0.0006654350695959241 0.011811608551341526 -0.0041794672790119031 0.011059419108595609 -0.0012318984269293299 -0.010062735494046168 -0.006480930806107974 0.029996928174840076 0.019811426014039193 0.020650537086813529 0.00068053707278838507 0.00097418905662501173 0.014537475574368269 0.025787808821746021 0.018135693795786709 0.028846997746629029 0.0090539366987901701 -0.002790924501792458 -0.0063790425945026751 -0.012444450444476729 0.021021125085579507 0.0077954906726584996 0.0039882655838976745 0.01034831918634232
leaf_weight=2808.2833471894264 415.35056015849113 6862.3901449888945 1609.9426616132259 3439.7430934906006 801.61812664568424 4195.2738753557205 2262.2530262768269 1150.623213917017 93.316932946443558 3602.9980019330978 191.51887011528015 2330.1910649240017 4513.9787074774504 84.732074618339539 132.36309158802032 358.76321989297867 2712.9963944256306 233.93931053578854 3030.3841491341591 266.88248711824417 5858.8194400072098 200.82848286628723 758.4054908156395 1373.5271211564541 1846.8449460417032 5633.0341595411301 61.889206916093826 797.87444543838501 800.07158145308495 613.71014493703842
leaf_count=10425 592 30552 4061 2979 2828 16752 6770 2097 277 5241 438 9198 16458 88 258 410 8050 851 3613 162 4107 106 1590 4500 6826 24186 102 1548 1303 956
internal_value=-1.90341e-05 -0.00848637 0.0136179 0.0151154 -0.00368102 -0.011968 -0.00553352 0.00633312 0.000958533 0.0123275 0.00404302 -0.00961121 -0.00679906 0.0132732 0.00768873 0.0130654 -0.000649439 -0.00793675 0.0126512 0.0176887 0.0174578 0.0184964 0.00759381 -0.00562171 -0.00843737 -0.0135995 0.00878024 0.0060425 0.00737477 0.00675871
internal_weight=59042.5 36426.1 22616.5 18734.2 15324.4 21101.7 10958 3882.32 4366.34 8967.9 2731.7 8606.25 8695.79 7076.88 1121.76 6992.15 3514.61 4410.98 6633.38 9766.27 9499.39 6059.65 851.722 5887.51 4177.04 12495.4 1891.02 989.393 1475.67 1413.78
internal_count=167324 139263 28061 19659 50898 88365 38153 8402 12745 12305 6305 33627 31383 9352 2244 9264 10878 16875 8854 7354 7192 4213 1867 20958 16024 54738 2953 1986 2361 2259
cat_boundaries=0 1 2
cat_threshold=2489 258
is_linear=0
shrinkage=0.03


Tree=33
num_leaves=31
num_cat=5
split_feature=20 0 20 3 3 21 7 20 13 20 20 3 3 15 3 0 3 13 0 6 0 6 19 16 19 3 0 13 6 13
split_gain=7327.54 560.523 376.504 156.031 126.284 95.5682 71.9124 46.9273 39.8195 32.764 29.3518 25.8197 25.0468 21.7271 19.5707 18.781 16.8061 16.743 16.5917 16.2176 15.7883 15.5799 15.3461 14.6089 15.26 14.0674 12.7297 12.6799 15.0075 12.8881
threshold=0.22321428571428573 0 0.49107142857142866 4.5000000000000009 5.5000000000000009 0.13363062095621228 1.0000000180025095e-35 0.15178571428571433 1.0000000180025095e-35 0.99107142857142871 0.15178571428571433 1.5000000000000002 3.5000000000000004 6.5000000000000009 2.5000000000000004 1 2.5000000000000004 1.0000000180025095e-35 2 247.50000000000003 3 1215.5000000000002 1.5625000000000002 6.5000000000000009 0.31250000000000006 1.0000000180025095e-35 4 2.5000000000000004 631.50000000000011 1.0000000180025095e-35
decision_type=2 1 2 2 2 2 2 2 2 2 2 2 2 2 2 1 2 2 1 2 1 2 2 2 2 2 1 2 2 2
left_child=1 4 6 9 7 18 15 11 -5 14 -6 -1 -7 23 25 27 -8 -14 -3 -16 -18 -11 -21 24 -10 -4 -9 28 -2 -30
right_child=2 5 3 8 10 12 16 26 13 21 -12 -13 17 -15 19 -17 20 -19 -20 22 -22 -23 -24 -25 -26 -27 -28 -29 29 -31
leaf_value=-0.0093964204590240123 0.0046658274473606338 -0.011856266233167972 0.011222105110840376 0.014697824427783366 -0.0010348180205307616 -0.010923092160457988 -0.0020876164777520207 -0.00028278897841488678 0.028252798960619021 0.012766632656077307 0.0050561419172173777 -0.0057710458554793625 -0.007995500104029829 0.0309871238230062 0.018830902724794683 -0.00064410175702422196 0.0066894950715085753 -0.00012316900838478615 -0.014304788456494752 0.010855872506604474 -0.00067110627307109534 0.017110893858376865 0.025332179137295668 0.028820669163957844 0.0179600069294698 0.0069720812674683398 -0.0051480465258693557 0.022605886086873021 0.0085286788684250502 0.014335478465194212
leaf_weight=2631.3455035090446 591.37686243653297 5095.339337438345 1176.6145856976509 3605.9442145228386 3157.8917081207037 3725.5117793679237 949.11335828900337 1423.1568921804428 136.86438465118408 2853.5528537631035 918.07248395681381 5477.6418687850237 3618.3398991674185 128.64887464046478 307.01575338840485 196.66001304984093 575.82731890678406 262.35419170558453 8170.7012250870466 1945.882197290659 475.40889185667038 1038.6909066438675 68.572850704193115 122.72179162502289 6105.6269353032112 1792.3032699227333 729.53682479262352 61.631513804197311 1185.2296303212643 497.02889907360077
leaf_count=9919 1108 21525 1580 3152 10013 15124 2487 4266 122 3599 2177 19814 14163 65 382 519 1259 976 36633 2672 1200 1149 86 59 4222 3144 2394 104 2317 921
internal_value=-1.14623e-05 -0.00870456 0.0128408 0.0146697 -0.00412652 -0.011841 0.00505686 -0.00590372 0.0172453 0.0118347 0.000336545 -0.00694922 -0.00916077 0.0186565 0.0102884 0.00841496 0.000801296 -0.00746501 -0.0133855 0.0123617 0.00341477 0.0139316 0.011364 0.0184015 0.0181911 0.00866164 -0.00196123 0.00914398 0.00880685 0.0102554
internal_weight=59024.6 35209.9 23814.7 19282.4 14337.6 20872.2 4532.28 10261.7 10099.8 9182.63 4075.96 8108.99 7606.21 6493.86 5290.39 2531.93 2000.35 3880.69 13266 2321.47 1051.24 3892.24 2014.46 6365.21 6242.49 2968.92 2152.69 2335.27 2273.64 1682.26
internal_count=167151 137004 30147 20232 48583 88421 9915 36393 7620 12612 12190 29733 30263 4468 7864 4969 4946 15139 58158 3140 2459 4748 2758 4403 4344 4724 6660 4450 4346 3238
cat_boundaries=0 1 2 3 4 5
cat_threshold=2233 2442 94212 130 2208
is_linear=0
shrinkage=0.03


Tree=34
num_leaves=31
num_cat=4
split_feature=20 22 20 3 3 7 22 22 6 3 15 13 6 20 0 0 3 11 20 15 13 0 4 17 20 12 0 11 21 16
split_gain=7101.09 551.27 322.151 152.385 122.649 81.9149 72.4862 62.824 35.9756 32.3853 27.2718 26.727 26.2237 24.3892 23.4878 22.5631 21.5294 21.0551 21.0251 20.9314 18.5455 18.2577 16.796 16.0055 15.8936 15.7508 15.1634 14.7759 16.21 15.8397
threshold=0.22321428571428573 0.060743049864530378 0.52678571428571441 4.5000000000000009 2.5000000000000004 1.0000000180025095e-35 0.017903129084484874 0.13910875413485374 1180.5000000000002 5.5000000000000009 1.5000000000000002 3.5000000000000004 739.50000000000011 1.4196428571428574 0 1 2.5000000000000004 0.93845596220871974 0.15178571428571433 1.0000000180025095e-35 3.5000000000000004 2 2.5000000000000004 3.5000000000000004 0.098214285714285726 -0.46800559042974538 3 0.98213580174693105 1.7840381372919745 1.0000000180025095e-35
decision_type=2 2 2 2 2 2 2 2 2 2 2 2 2 2 1 1 2 2 2 2 2 1 2 2 2 2 1 2 2 2
left_child=1 6 5 13 18 14 -1 9 24 -6 11 23 -9 19 -2 -7 -17 -15 -3 -4 -21 -11 -13 26 -8 -25 -5 28 -12 -30
right_child=2 4 3 10 7 15 8 12 -10 21 27 22 -14 17 -16 16 -18 -19 -20 20 -22 -23 -24 25 -26 -27 -28 -29 29 -31
leaf_value=-0.014019739832120038 0.009750829430480272 -0.0090823383237459768 0.0095020531664456731 0.012362855326128993 -0.0051187195073348537 -0.0029431469678721494 -0.011547023324908604 -0.00034337275431811789 -0.0068710465346017947 0.0043486575903090505 0.018759569910592837 0.029332775211116324 0.0078268199665783005 0.017821613806384983 -0.0010671414134334151 -0.00045323705222882912 0.006871767276129038 0.005345367974752495 -0.0043125459245266558 0.012114999426307126 0.02290313194923679 -0.0021634423633689749 0.016593031566002992 0.027072084473866758 -0.0047711841068367048 0.015741140924572596 0.016238283004705083 0.025240424456844358 0.020826680075278554 0.0086878865286343625
leaf_weight=9318.5716422796249 2619.5116477310658 4351.5256006866693 4623.6184694170952 2531.4365159273148 4912.7627007812262 743.52251341938972 7696.5442947596312 798.14446766674519 2132.0430943965912 428.97598195075989 3568.1962123513222 193.86394828557968 631.75205519795418 811.63965886831284 198.67357724905014 671.29860252141953 776.64912143349648 146.15745249390602 1038.2899280488491 3405.5228336155415 151.61354756355286 3277.0076595246792 196.48430866003036 182.91620463132858 329.90790498256683 308.70300906896591 2272.7947584986687 288.47387194633484 144.52857381105423 307.19420051574707
leaf_count=42283 4803 16528 6652 2198 17622 2106 32199 2245 8427 1185 2387 108 1555 819 527 1614 1586 157 3333 4502 169 10506 127 121 1191 203 1769 165 95 169
internal_value=-9.92033e-05 -0.00874944 0.0124104 0.0141839 -0.00451436 0.00563446 -0.0121057 -0.00255474 -0.010348 -0.00352125 0.0167463 0.0153667 0.00326511 0.0113793 0.00901676 0.00128004 0.00344982 0.0159316 -0.00816557 0.0108437 0.0125828 -0.00140117 0.0229943 0.0147991 -0.0112699 0.0200156 0.01426 0.0185617 0.0180747 0.0126224
internal_weight=59058.3 34915.5 24142.8 19133.1 15438.5 5009.66 19477.1 10048.6 10158.5 8618.75 9994.59 5686.2 1429.9 9138.55 2818.19 2191.47 1447.95 957.797 5389.82 8180.75 3557.14 3705.98 390.348 5295.85 8026.45 491.619 4804.23 4308.39 4019.92 451.723
internal_count=167351 137074 30277 19641 52974 10636 84100 33113 41817 29313 7342 4526 3800 12299 5330 5306 3200 976 19861 11323 4671 11691 235 4291 33390 324 3967 2816 2651 264
cat_boundaries=0 1 2 3 4
cat_threshold=2442 6185 32 384
is_linear=0
shrinkage=0.03


Tree=35
num_leaves=31
num_cat=3
split_feature=20 22 20 3 3 22 7 0 7 3 22 20 22 20 6 6 6 3 22 19 0 6 0 20 21 21 10 3 11 12
split_gain=6867.7 546.818 319.388 146.255 130.44 81.5416 62.3246 56.5511 41.8449 54.1231 40.7831 34.3421 25.5326 24.8213 19.8384 23.7055 17.2247 17.1262 16.9044 16.4332 23.4481 19.2311 16.175 15.4724 17.1574 18.7669 22.2019 15.0398 14.7958 14.1539
threshold=0.22321428571428573 0.062277466920423276 0.47321428571428575 5.5000000000000009 4.5000000000000009 0.023372770750673795 1.0000000180025095e-35 0 0.3535533905932739 1.5000000000000002 0.10070289018693793 1.455357142857143 0.10070289018693793 0.062500000000000014 247.50000000000003 1205.5000000000002 739.50000000000011 1.5000000000000002 0.0078229775924323116 0.81250000000000011 1 151.50000000000003 2 1.2232142857142858 2.0765776293919509 1.4856455867340745 -0.22252093395631442 2.5000000000000004 0.59868201182722736 0.6174544326165855
decision_type=2 2 2 2 2 2 2 1 2 2 2 2 2 2 2 2 2 2 2 2 1 2 1 2 2 2 2 2 2 2
left_child=1 5 6 8 10 18 22 12 23 11 17 -10 -6 -7 -11 -16 -14 -3 -1 20 21 -5 -2 24 25 -4 -27 -12 -13 -25
right_child=2 4 3 19 7 13 -8 -9 9 14 27 28 16 -15 15 -17 -18 -19 -20 -21 -22 -23 -24 29 -26 26 -28 -29 -30 -31
leaf_value=-0.014516091053128993 -0.00062295655313628041 -0.01004808809939161 0.012196017471166259 0.023799665268811776 9.1286439214864924e-05 -0.010525763465890728 0.0007166797726029107 -0.0030446855976738493 0.0028545793008404206 0.016143952587221962 -0.0055381474403677694 0.008791519690836757 0.0016704710736557919 -0.0065612875082329781 0.0088701289742811745 0.014708328677325149 0.010204483298078664 -0.0067889244645196649 -0.012248935309517298 0.017988548214409959 0.018360113376408384 0.011690807902961732 0.0086170435409996544 0.014350932546325685 0.0036313516719542983 0.011461293916004476 0.024027406304479509 -0.0010867205104416054 0.03079009986624958 0.021728924689541209
leaf_weight=6581.2013737410307 190.04749804735184 2403.5710407346487 4873.5464506149292 128.69657695293427 1160.4568627029657 5239.6149522662163 1920.8930760920048 4182.0653415620327 1207.8063413202763 662.26980888843536 1661.5935694128275 56.363883078098297 354.43739569187164 1973.611471876502 2405.1615639328957 857.57575777173042 540.74466419219971 3756.8333479911089 5602.2482454776764 4848.7347475886345 1334.1895392537117 1632.0035436153412 2267.9189304113388 1042.4349213242531 193.77116686105728 241.76085031032562 278.99761700630188 1166.9882629364729 56.97840428352356 314.58851391077042
leaf_count=30574 504 9320 5814 90 3573 21639 4795 13909 2411 815 5706 90 909 7561 3224 1097 1254 13974 24930 2841 892 1371 4307 923 203 248 281 3786 77 275
internal_value=-3.36928e-05 -0.00863605 0.0121159 0.013713 -0.00437982 -0.0119765 0.00476949 -0.00104518 0.0116454 0.00961456 -0.00669277 0.00435058 0.00301939 -0.00944293 0.0113833 0.0104105 0.00683787 -0.00806293 -0.0134752 0.0168835 0.0151451 0.0125212 0.00793272 0.013177 0.0124681 0.0127837 0.0182383 -0.00370478 0.0200755 0.0160805
internal_weight=59137.1 34623.4 24513.7 20134.9 15226.7 19396.7 4378.86 6237.7 12191.3 5246.16 8988.99 1321.15 2055.64 7213.23 3925.01 3262.74 895.182 6160.4 12183.4 7943.62 3094.89 1760.7 2457.97 6945.1 5588.08 5394.3 520.758 2828.58 113.342 1357.02
internal_count=167393 137135 30258 20652 52431 84704 9606 19645 15458 7714 32786 2578 5736 29200 5136 4321 2163 23294 55504 5194 2353 1461 4811 7744 6546 6343 529 9492 167 1198
cat_boundaries=0 1 2 3
cat_threshold=2208 384 4145
is_linear=0
shrinkage=0.03


Tree=36
num_leaves=31
num_cat=2
split_feature=20 23 23 0 22 23 7 7 15 20 0 18 13 19 21 19 21 20 13 13 6 23 15 23 6 22 7 20 16 20
split_gain=6610.49 564.55 341.95 116.995 97.6854 81.0994 60.8951 57.7798 30.939 24.9664 25.2964 23.7203 22.6006 22.51 21.6411 21.578 20.5611 20.0207 19.5986 16.7934 19.3815 19.4465 15.3661 18.9632 15.0937 14.522 14.0478 20.2677 20.4538 15.9365
threshold=0.22321428571428573 0.050901435819928759 0.61776661884265915 0 0.0239265175543532 0.13427827306420917 -1.0000000180025095e-35 -1.0000000180025095e-35 3.5000000000000004 0.098214285714285726 1 5.5000000000000009 1.0000000180025095e-35 1.8125000000000002 0.97084111343332469 0.81250000000000011 0.38540608735056198 0.098214285714285726 1.0000000180025095e-35 3.5000000000000004 619.50000000000011 0.73350083752093809 4.5000000000000009 1.7080518656208914 739.50000000000011 0.0078229775924323116 0.3535533905932739 0.54464285714285732 1.0000000180025095e-35 0.90178571428571441
decision_type=2 2 2 1 2 2 2 2 2 2 1 2 2 2 2 2 2 2 2 2 2 2 2 2 2 2 2 2 2 2
left_child=1 4 5 6 25 15 9 11 13 -3 -11 12 -4 26 24 -2 -8 -6 -5 -16 -21 -22 -14 -24 -9 -1 27 28 -7 -28
right_child=2 3 7 18 17 8 16 14 -10 10 -12 -13 22 -15 19 -17 -18 -19 -20 20 21 -23 23 -25 -26 -27 29 -29 -30 -31
leaf_value=-0.014489974514633032 -0.00077799511923435825 -0.0018568875599551335 0.013405476420620897 -0.0079126378998186555 -0.010095960982034276 0.0093599204341104966 -0.0057764880712097904 0.0049411475789308528 0.027893559283352316 0.0054784580796981164 -0.00070406336618378783 0.023952733746673643 0.015966580599815764 0.017884649919168001 0.012306027689504024 0.012722589293680215 -0.001551113814265561 -0.0066141783905659095 6.0045910650272758e-05 0.0085045686885797736 0.016963982170335616 0.036251289380042101 0.028461702459904703 0.015529190561216087 0.011767201457109345 -0.012352090689051085 0.0041327117896036861 0.013046357469360028 0.0032448482063216926 0.0087027872885691287
leaf_weight=6453.8508928418159 1377.2930955588818 1797.2891237586737 3738.8425815403461 4936.9078895449638 6707.3701502084732 1595.9877437651157 2803.5936183184385 617.93639168143272 69.315936028957367 1366.0047788918018 1049.3359191119671 297.29627239704132 6087.9076871573925 194.19421502947807 4883.6094632744789 114.45548284053802 1652.6910763978958 1935.5157672762871 292.42247991263866 98.089176416397095 120.74230808019638 82.460287272930145 208.84899717569351 215.22084593772888 562.99897077679634 5381.46584674716 1722.511859536171 793.76681566238403 718.79960188269615 1154.8685264587402
leaf_count=30433 3751 5686 3076 18862 27835 3086 10092 866 91 3421 3124 168 3996 262 5565 246 5124 7321 1042 104 122 75 110 100 774 24356 3430 1061 1347 1823
internal_value=-7.77648e-05 -0.00857973 0.0117761 -0.00391201 -0.011747 0.006551 -0.00176496 0.0141666 0.00805103 0.000817846 0.00281058 0.0155324 0.0152853 0.00782303 0.0119005 0.000261657 -0.00421148 -0.00931779 -0.00745149 0.0127387 0.019668 0.0249594 0.0163614 0.0219644 0.00820768 -0.0135195 0.00749268 0.00889649 0.00746585 0.00597143
internal_weight=59031.6 34376.4 24655.1 13898.2 20478.2 7741.19 8668.91 16914 6249.44 4212.63 2415.34 10548.1 10250.8 6180.13 6365.84 1491.75 4456.28 8642.89 5229.33 5184.9 301.292 203.203 6511.98 424.07 1180.94 11835.3 5985.93 3108.55 2314.79 2877.38
internal_count=167349 137296 30053 47351 89945 15097 27447 14956 11100 12231 6545 7450 7282 11009 7506 3997 15216 35156 19904 5866 301 197 4206 210 1640 54789 10747 5494 4433 5253
cat_boundaries=0 1 2
cat_threshold=2217 2208
is_linear=0
shrinkage=0.03


Tree=37
num_leaves=31
num_cat=4
split_feature=20 0 20 3 3 0 3 20 15 3 0 20 13 16 3 6 7 6 13 0 13 16 6 11 12 20 12 11 20 12
split_gain=6363.29 535.576 291.816 121.247 119.122 91.6748 79.5525 41.272 34.8308 29.5838 26.095 25.5946 24.9707 32.0656 22.5965 20.8975 15.4449 15.796 14.6873 13.8547 13.6006 13.2354 20.9336 16.6082 17.8538 12.2831 11.4577 11.2792 10.5338 21.0364
threshold=0.22321428571428573 0 0.52678571428571441 5.5000000000000009 3.5000000000000004 1 5.5000000000000009 0.13392857142857145 4.5000000000000009 4.5000000000000009 2 0.15178571428571433 1.0000000180025095e-35 6.5000000000000009 1.5000000000000002 1180.5000000000002 0.3535533905932739 1205.5000000000002 1.0000000180025095e-35 3 1.0000000180025095e-35 1.0000000180025095e-35 649.50000000000011 -0.67803021058859225 0.3484035575467645 0.062500000000000014 0.53312596302726967 -0.99763297024448894 1.3125000000000002 0.67007489853957602
decision_type=2 1 2 2 2 1 2 2 2 2 1 2 2 2 2 2 2 2 2 1 2 2 2 2 2 2 2 2 2 2
left_child=1 3 6 7 8 9 10 14 18 25 16 -5 27 -14 -1 20 -2 -18 26 -9 -11 22 -8 24 -24 -3 -4 -6 -20 -30
right_child=2 5 4 11 12 -7 21 19 -10 15 -12 -13 13 -15 -16 -17 17 -19 28 -21 -22 -23 23 -25 -26 -27 -28 -29 29 -31
leaf_value=-0.0095012214538273201 0.0064924345456118951 -0.011731562994377607 0.0095102353694351289 -0.00099650643206573093 0.022563065256616159 -0.013679983403317135 0.0054563199886306472 -0.0010828553938086107 0.031465720437038554 -0.0089954721081629586 -0.0012702592751060212 0.0046523492624162286 0.015577066011043285 0.03100920518600989 -0.005886942191856496 -0.0028982629851966686 -0.00020495537011938446 0.0090415815476969363 0.010322910173936649 -0.0053769230182950534 0.0010423199646808611 0.0068629829989797176 0.015277066725289992 0.012309440406148498 0.033634559079080646 -0.0085954142407709787 0.0058193539996944767 0.012824939576328359 0.012243944386521958 0.027264424900905859
leaf_weight=2304.4334908872843 1267.2985313534737 4222.2828939259052 2494.4691251218319 3112.4978407621384 112.15608352422714 10452.310427576303 276.53419998288155 1747.2623315453529 66.486544579267502 2808.3278955966234 1152.830938488245 938.58995512127876 7751.643278837204 124.01202428340912 4892.2162781357765 738.28482627868652 857.99666264653206 204.89283588528633 2888.6725377738476 1116.0122196674347 125.65701815485954 588.08907198905945 130.53096231818199 534.1158818602562 79.542488366365433 1577.9699746370316 1111.5642805993557 4699.1137565970421 554.1975970864296 100.24992179870605
leaf_count=9073 2375 18242 3528 9962 103 49083 451 5397 67 11468 3162 2202 5445 56 18262 2874 1975 432 3918 3807 468 943 227 901 134 6290 1597 4198 559 99
internal_value=-0.000108426 -0.00854912 0.0113852 -0.00406625 0.013025 -0.0117154 0.00497329 -0.00583369 0.0099421 -0.00953353 0.0024212 0.000311612 0.014777 0.0158247 -0.00704626 -0.00742713 0.00423712 0.00157868 0.00973672 -0.00278249 -0.00856332 0.0104898 0.0125648 0.0151873 0.0223828 -0.010881 0.00837611 0.0130578 0.011117 0.0145921
internal_weight=59030.2 34035.8 24994.4 14111 19902.6 19924.8 5091.83 10059.9 7215.64 9472.52 3483.02 4051.09 12686.9 7875.66 7196.65 3672.27 2330.19 1062.89 7149.15 2863.27 2933.98 1608.81 1020.72 744.189 210.073 5800.25 3606.03 4811.27 3543.12 654.448
internal_count=167298 137128 30170 48703 19570 88425 10600 36539 9768 39342 7944 12164 9802 5501 27335 14810 4782 2407 9701 9204 11936 2656 1713 1262 361 24532 5125 4301 4576 658
cat_boundaries=0 1 2 3 4
cat_threshold=2233 77828 386 2208
is_linear=0
shrinkage=0.03


Tree=38
num_leaves=31
num_cat=2
split_feature=20 23 23 23 22 3 23 21 20 3 20 7 20 19 0 0 2 15 17 6 7 22 20 19 6 21 6 23 22 6
split_gain=6093.37 518.767 329.554 104.277 80.5232 65.9638 61.6733 45.4278 30.2728 23.4675 21.9794 22.1145 18.6079 18.2335 18.1157 16.8814 23.2344 25.998 20.0732 17.4096 16.1946 16.0583 15.3969 14.4277 14.1322 13.8714 14.5341 13.5726 13.5177 13.1385
threshold=0.20535714285714288 0.044389709906951298 0.53939976345357787 0.13010914355718903 0.023372770750673795 5.5000000000000009 0.13427827306420917 0.24353894017376096 0.098214285714285726 5.5000000000000009 1.4375000000000002 0.3535533905932739 0.66964285714285732 0.81250000000000011 0 1 4.5000000000000009 4.5000000000000009 3.5000000000000004 871.50000000000011 1.0000000180025095e-35 0.08167882834272891 0.080357142857142863 0.43750000000000006 763.50000000000011 0.75743072204743511 85.500000000000014 0.34491379310344833 0.0078229775924323116 1225.5000000000002
decision_type=2 2 2 2 2 2 2 2 2 2 2 2 2 2 1 1 2 2 2 2 2 2 2 2 2 2 2 2 2 2
left_child=1 4 6 7 28 23 13 -3 -5 -9 11 12 -8 20 24 -7 17 18 -17 -18 -2 -11 -6 -4 -10 -13 -27 -12 -1 -25
right_child=2 3 5 8 22 15 10 9 14 21 27 25 -14 -15 -16 16 19 -19 -20 -21 -22 -23 -24 29 -26 26 -28 -29 -30 -31
leaf_value=-0.014473277717003854 0.0045461967811718761 -0.0084615359957716761 0.0084347519630333517 -0.0032414092846764961 -0.010420240319981665 0.016339377571769148 0.0075916568961990711 -0.0053406126682535061 0.00074584191520199905 -0.0026762647373344437 0.0074659301680086764 0.00013582002114149005 0.016269467908689932 0.011948408692180107 -0.0012192395820493562 0.012869843326659613 0.012285198166157517 0.025746750978637625 0.021128091961190844 0.0040372719962481303 -0.0020905051534064328 0.0051899009273483673 -0.0074570817062400542 0.011204745886996154 0.0068516986825196005 0.018684931690129778 0.0050850190074679226 0.025087178955967109 -0.012336922380019542 0.014136922367741453
leaf_weight=6270.5429583638906 454.61657923460007 4183.4003643393517 1371.2985890209675 2142.1517549306154 5310.4148458838463 4428.227655172348 2852.7632206380367 4361.365922883153 655.43637949228287 884.41338710486889 70.495889544487 534.40175375342369 242.81207537651062 116.66748663783073 1113.3978596031666 2222.7909255921841 640.54263079166412 180.0560348033905 306.52803099155426 365.46207636594772 1206.9981530606747 316.05838263034821 2291.9842631518841 7350.4158028662205 716.67495268583298 73.410726934671402 1683.9125944077969 95.259166538715363 4869.2331503927708 1740.3397786021233
leaf_count=30413 1224 16724 1745 7091 22721 2449 5385 15729 1754 3146 106 1291 317 246 3399 1548 435 92 176 283 3426 969 8993 8155 1809 124 3122 117 22626 1738
internal_value=-9.76368e-05 -0.00862626 0.010791 -0.00433738 -0.0119146 0.0129139 0.00540141 -0.00609817 -0.000627579 -0.00431826 0.00695834 0.00662294 0.0082793 0.000535011 0.00162315 0.0149429 0.0131935 0.014681 0.013881 0.00930183 -0.000269457 -0.000597683 -0.00952879 0.0113327 0.00391356 0.00438033 0.00566686 0.0177185 -0.0135412 0.0117682
internal_weight=59052.1 33115.1 25937 14372.9 18742.2 18605.7 7331.34 9745.24 4627.66 5561.84 5553.06 5387.3 3095.58 1778.28 2485.51 8143.61 3715.38 2709.37 2529.32 1006 1661.61 1200.47 7602.4 10462.1 1372.11 2291.73 1757.32 165.755 11139.8 9090.76
internal_count=167353 135374 31979 50621 84753 16621 15358 36568 14053 19844 10462 10239 5702 4896 6962 4983 2534 1816 1724 718 4650 4115 31714 11638 3563 4537 3246 223 53039 9893
cat_boundaries=0 1 2
cat_threshold=2208 2
is_linear=0
shrinkage=0.03


Tree=39
num_leaves=31
num_cat=0
split_feature=20 22 20 3 3 22 3 22 20 20 3 20 3 13 15 14 11 13 16 3 3 21 22 22 19 7 12 22 19 12
split_gain=5990.52 523.634 263.594 122.221 112.133 82.7286 57.5159 48.4782 33.4951 32.2941 28.4969 20.9066 19.8074 18.3231 20.6866 19.1068 25.62 17.5693 17.8836 17.1119 32.7168 24.7161 19.3305 16.7743 15.0714 12.4272 11.8438 10.9882 10.6954 10.4835
threshold=0.22321428571428573 0.060743049864530378 0.52678571428571441 5.5000000000000009 4.5000000000000009 0.017903129084484874 4.5000000000000009 0.1313055839932952 0.044642857142857144 0.098214285714285726 2.5000000000000004 0.38392857142857145 5.5000000000000009 3.5000000000000004 4.5000000000000009 1.5000000000000002 -0.26037633224328088 1.0000000180025095e-35 5.5000000000000009 1.5000000000000002 1.0000000180025095e-35 2.6753740757250477 0.94826290821215797 0.14241756577087622 0.31250000000000006 0.3535533905932739 0.69521084835931835 0.90180379829830981 1.0000000180025095e-35 0.91511078773075516
decision_type=2 2 2 2 2 2 2 2 2 2 2 2 2 2 2 2 2 2 2 2 2 2 2 2 2 2 2 2 2 2
left_child=1 5 6 7 13 -1 11 10 -7 -5 28 25 -10 14 19 16 -15 27 24 20 -4 -22 -21 -11 -19 29 -24 -6 -3 -2
right_child=2 3 4 9 17 8 -8 -9 12 23 -12 -13 -14 15 -16 -17 -18 18 -20 22 21 -23 26 -25 -26 -27 -28 -29 -30 -31
leaf_value=-0.013929285873419045 0.0040759495939183838 -0.0099653143224074873 0.010419314868742905 -0.0024823275479431027 0.0098339706546570378 -0.011148823399107683 0.008364226562516678 -0.0012883707419006829 -0.0087941489052002896 0.0011257453284496709 -0.0051934098239455944 0.0053502412555896913 -0.0034493861501088442 0.035910469758453564 0.023480525541057083 0.0098638490628013276 0.013918381189579249 0.025219813189270648 0.023642971482235511 0.0088991417340894986 0.0032514541511166335 0.025672764751403749 0.013251960443299314 0.0073312605004054714 0.014962463137697033 -0.0021348972255040978 0.0082870340393033665 0.013770719207047062 -0.0069754877988489165 -0.0077610057293256212
leaf_weight=8695.8175490349531 688.85119071602821 2344.9698339402676 1778.0070587396622 2252.7555942386389 846.05223470926285 6390.7276974916458 2323.3657314777374 1682.4874312281609 2391.2523550242186 1547.9250376224518 4638.3451171815395 1051.4055515527725 852.4896886497736 81.248763352632523 98.507246673107147 212.59437733888626 122.15744364261627 134.57462078332901 237.42166727781296 3053.9990146160126 1211.1263692080975 45.065630972385406 2384.4367198944092 525.7440093755722 6583.0171120166779 1025.5019690394402 545.43605118989944 2963.911133825779 2057.9182994812727 73.391310721635818
leaf_count=42281 1702 9378 2072 7554 788 28476 4017 5266 9883 4502 17122 1937 3318 86 94 222 124 104 105 3857 2325 61 2680 1111 4104 2806 630 2220 7875 180
internal_value=-4.03437e-05 -0.00840021 0.0109199 -0.00425246 0.0124595 -0.011805 0.00486396 -0.0059695 -0.00988577 2.50335e-06 -0.00683972 0.00199553 -0.00739283 0.0100856 0.00980076 0.0162748 0.022865 0.01456 0.0154659 0.00964808 0.00779911 0.00408037 0.0105832 0.00270472 0.0151726 1.73144e-05 0.0123329 0.0129009 -0.00857113 0.00291971
internal_weight=58840.5 33380.4 25460.1 15050.1 20297.6 18330.3 5162.52 10723.7 9634.47 4326.42 9041.23 2839.15 3243.74 9532.58 9116.58 416.001 203.406 10765 6955.01 9018.07 3034.2 1256.19 5983.87 2073.67 6717.59 1787.74 2929.87 3809.96 4402.89 762.243
internal_count=166880 136766 30114 52808 19472 83958 10642 39641 41677 13167 34375 6625 13201 12151 11719 432 210 7321 4313 11625 4458 2386 7167 5613 4208 4688 3310 3008 17253 1882
is_linear=0
shrinkage=0.03


Tree=40
num_leaves=31
num_cat=2
split_feature=20 23 23 0 20 23 7 7 6 20 15 20 13 0 13 21 7 19 19 7 20 22 22 6 22 21 21 6 22 16
split_gain=5836.97 512.952 298.724 119.73 73.2957 64.9789 57.5848 57.3461 26.8292 26.4903 22.8707 20.5145 20.5114 19.1911 19.0852 18.1487 16.8078 16.1708 16.0152 15.6207 15.9579 14.9409 14.4644 14.1267 19.0648 13.6446 13.1936 12.6921 17.7074 12.4751
threshold=0.20535714285714288 0.039270764485569515 0.53939976345357787 0 0.026785714285714288 0.13427827306420917 -1.0000000180025095e-35 -1.0000000180025095e-35 1210.5000000000002 0.098214285714285726 1.5000000000000002 1.5267857142857146 1.0000000180025095e-35 1 1.0000000180025095e-35 0.38540608735056198 0.3535533905932739 0.31250000000000006 1.1875000000000002 1.0000000180025095e-35 0.41964285714285715 0.062277466920423276 0.01212562320381567 925.50000000000011 0.14769057323736021 2.2716490544407919 1.4494737065480099 1015.5000000000001 0.12410772417628714 4.5000000000000009
decision_type=2 2 2 1 2 2 2 2 2 2 2 2 2 1 2 2 2 2 2 2 2 2 2 2 2 2 2 2 2 2
left_child=1 4 5 6 22 19 9 10 14 -3 11 25 -7 -11 21 -8 18 -9 23 27 -21 -5 -1 -14 -25 29 -19 28 -2 -4
right_child=2 3 7 8 -6 12 15 17 -10 13 -12 -13 16 -15 -16 -17 -18 26 -20 20 -22 -23 -24 24 -26 -27 -28 -29 -30 -31
leaf_value=-0.014454298557204611 0.004476822281609929 -0.0022222220750606064 0.012202183325922633 -0.010708005022206884 -0.0094586209145098125 0.0055495906028234119 -0.0057586732412036844 0.005372386700842717 -0.0035366273295232994 0.0052245346986243123 0.015366443312456294 0.02022909462770954 0.006860124345698989 -0.00038397223388774468 -0.00033057518200527261 -0.0017439563175752802 0.0061868065114568859 0.01000607940346393 0.025559167695530651 -0.0031366397929570161 0.0054121040405677263 -0.0073944255260321133 -0.01224260717855011 0.027842834303273216 0.011761988958548132 0.0048947007532575311 0.012851263320423419 -0.0020938923018027074 0.021440788688080338 0.019367377694190349
leaf_weight=6340.4081181883812 259.59658259153366 1832.5526542514563 5605.285668194294 2302.5620046854019 6362.5394111573696 3689.4360074102879 3136.242120295763 535.20753049850464 1199.6847599893808 1186.5827881097794 4801.0382598042488 305.85807955265045 451.66296842694283 1015.6155005395412 245.50933648645878 1505.8797347694635 847.4437198638916 5305.8107846975327 71.890166640281677 1026.2068994939327 241.6873123049736 2692.6608965843916 4797.9184118360281 77.822334080934525 482.08761656284332 225.29541015625 2084.8145501613617 159.96151095628738 70.244228571653366 233.02633488178253
leaf_count=31597 688 5911 4210 9857 27298 7070 11716 733 4688 3056 2834 156 797 3052 913 4865 1549 6355 86 3025 518 10316 22438 141 808 152 2030 441 156 129
internal_value=-4.27878e-05 -0.00853716 0.0104225 -0.00448825 -0.0120338 0.00529327 -0.00217754 0.0124036 -0.00758446 0.000440082 0.0137914 0.012601 0.00686751 0.00265824 -0.00852354 -0.00445827 0.0093784 0.0104453 0.0118612 0.000255082 -0.00149936 -0.00892487 -0.0135033 0.0108575 0.0140534 0.012212 0.0108111 0.00480263 0.00816156 0.0124925
internal_weight=59092.5 32618.2 26474.4 15117.3 17500.9 7378.04 8676.87 19096.3 6440.42 4034.75 11170.5 6369.47 5620.34 2202.2 5240.73 4642.12 1930.91 7925.83 1083.46 1757.7 1267.89 4995.22 11138.3 1011.57 559.91 6063.61 7390.63 489.802 329.841 5838.31
internal_count=167585 135707 31878 54374 81333 15279 28600 16599 25774 12019 7481 4647 10451 6108 21086 16581 3381 9118 1832 4828 3543 20173 54035 1746 949 4491 8385 1285 844 4339
cat_boundaries=0 1 2
cat_threshold=2217 2208
is_linear=0
shrinkage=0.03


Tree=41
num_leaves=31
num_cat=3
split_feature=21 23 23 0 0 23 23 3 21 21 21 7 3 21 7 21 0 6 21 17 6 6 22 18 11 12 12 10 19 21
split_gain=5616.43 533.624 323.215 97.4765 92.1325 69.994 57.4639 57.3709 27.4602 22.5253 20.1658 18.6336 18.2764 21.8086 17.9728 19.9049 17.8667 17.6704 17.4415 16.1037 15.7157 15.4251 15.39 25.6424 17.9502 16.7252 16.6986 16.6011 14.9688 14.5892
threshold=0.49901823709522802 0.050901435819928759 0.53939976345357787 0 1 0.13427827306420917 1.4087273881307525 5.5000000000000009 0.24353894017376096 0.38540608735056198 0.20723205905420547 1.0000000180025095e-35 5.5000000000000009 0.74902534071883109 0.3535533905932739 1.4494737065480099 2 1210.5000000000002 0.30435997051820268 4.5000000000000009 1220.5000000000002 1027.5000000000002 0.90768394108401618 1.0000000180025095e-35 0.66527693225344786 -0.61236746317008228 -0.022575793296316496 1.0000000180025095e-35 0.81250000000000011 1.7259478856257846
decision_type=2 2 2 1 1 2 2 2 2 2 2 2 2 2 2 2 1 2 2 2 2 2 2 2 2 2 2 2 2 2
left_child=1 4 5 7 -1 11 14 9 20 -3 -5 -2 13 -7 15 -4 18 21 -9 22 -6 -16 23 27 29 -24 -27 -17 -13 -25
right_child=2 3 6 10 8 12 -8 16 -10 -11 -12 28 -14 -15 17 19 -18 -19 -20 -21 -22 -23 25 24 -26 26 -28 -29 -30 -31
leaf_value=-0.014213513893869502 0.0043850930233681447 -0.0051055152695211369 0.010728648934405543 -0.0091290427197493283 -0.011448336519482029 0.0022934267582819814 0.014234313517492693 -0.0013193169259890242 -0.0078973506156324799 -0.00097384494163562925 -0.0052946433316541806 -0.0029322108171250315 0.0093371684971413627 0.0070435354187736842 0.0089289616481905854 0.0071599092376659597 -0.00078862321744060005 0.013327698663466047 0.0059064295527001933 0.0030547958084225528 -0.0067849983562942645 0.0026155920959358443 0.018080896530378934 0.027115797899599572 0.03359703914376997 0.0053563466675296528 0.013530979805027005 0.021302037749245533 0.0094811977090768565 0.01192130251986831
leaf_weight=7692.9894029200077 578.21999029815197 3429.4275921583176 5743.8568758666515 2374.1163355708122 6684.8245866298676 1308.3430321514606 7671.3148015141487 415.90945313870907 4021.8655454218388 1823.2903605997562 2609.7588640451431 1241.8303127884865 1538.0681541860104 2628.7182854115963 2444.547887980938 211.57641649246216 1483.0795646011829 714.63199591636658 1069.4148077070713 114.80082726478577 733.77385772764683 410.62766745686531 404.07953667640686 109.17680811882019 119.81546717882156 343.07672411203384 679.96702402830124 117.75539928674698 92.889019578695297 127.97257173061371
leaf_count=38466 1602 12532 6025 9843 30889 2947 4387 1301 16498 5574 9839 3630 2634 4508 2946 171 4432 775 2542 81 3304 542 335 93 72 284 576 102 197 105
internal_value=-4.39755e-05 -0.00844319 0.0101664 -0.00380329 -0.0116447 0.00483144 0.0122172 -0.00178674 -0.00989472 -0.00367296 -0.0071096 -0.000105608 0.00655717 0.00546751 0.0108749 0.0116717 0.00154308 0.0090911 0.00385364 0.0140941 -0.0109889 0.00802432 0.0146892 0.0184198 0.0240138 0.0128794 0.0108034 0.0122839 -0.00205736 0.0190261
internal_weight=58939.7 32338.5 26601.3 13205 19133.5 7388.07 19213.2 8221.12 11440.5 5252.72 4983.88 1912.94 5475.13 3937.06 11541.9 7972.08 2968.4 3569.81 1485.32 2228.22 7418.6 2855.18 2113.42 686.297 356.965 1427.12 1023.04 329.332 1334.72 237.149
internal_count=167232 135220 32012 46063 89157 15518 16494 26381 50691 18106 19682 5429 10089 7455 12107 7844 8275 4263 3843 1819 34193 3488 1738 543 270 1195 860 273 3827 198
cat_boundaries=0 1 2 3
cat_threshold=2217 34368 2208
is_linear=0
shrinkage=0.03


Tree=42
num_leaves=31
num_cat=2
split_feature=20 23 23 22 0 3 3 3 21 20 20 21 21 20 16 0 2 6 6 21 22 3 22 13 7 3 20 1 19 6
split_gain=5514.77 542.095 254.003 102.783 101.625 58.9674 57.5699 46.4584 29.7946 25.6739 23.7768 21.3666 20.7754 19.9459 18.0959 16.7601 16.2902 31.2242 30.771 16.6167 15.4366 14.8181 16.3447 14.7359 14.0927 12.9388 12.8701 12.5711 12.1543 12.0701
threshold=0.22321428571428573 0.050901435819928759 0.42349939975990403 0.0239265175543532 0 5.5000000000000009 4.5000000000000009 5.5000000000000009 0.75743072204743511 0.99107142857142871 0.080357142857142863 0.38540608735056198 0.36816581414060384 0.026785714285714288 6.5000000000000009 1 4.5000000000000009 889.50000000000011 715.50000000000011 0.87218936344940856 0.0078229775924323116 2.5000000000000004 0.12410772417628714 3.5000000000000004 0.3535533905932739 4.5000000000000009 0.47321428571428575 9.5000000000000018 0.31250000000000006 1220.5000000000002
decision_type=2 2 2 2 1 2 2 2 2 2 2 2 2 2 2 1 2 2 2 2 2 2 2 2 2 2 2 2 2 2
left_child=1 3 7 20 5 11 9 8 24 23 25 -3 -7 -6 15 -8 -17 18 19 -18 -1 27 -23 28 -2 -5 -9 -10 -4 -15
right_child=2 4 6 10 13 12 14 26 21 -11 -12 -13 -14 29 -16 16 17 -19 -20 -21 -22 22 -24 -25 -26 -27 -28 -29 -30 -31
leaf_value=-0.014479730614552141 0.0030538679831520186 -0.0050083507746420501 0.0038551546658621657 -0.010875355962939388 -0.0099206117870113009 -0.00046672999205017235 0.01414048402084939 0.0082883203197992167 0.0057386535949628583 0.011767737251703986 -0.0066646006702456313 -0.0011244689918519458 0.0045302158362678481 -0.0067555187183976143 0.02206456724416658 0.012625661182363968 -0.0014515030470255302 0.0029672486068696938 0.021885976301089457 0.011016908141782352 -0.01219393596441443 -0.0061999832871926196 0.011023093955378911 0.018206916125459362 -0.0016912984451058449 -0.0072483285968537939 0.016304520212486767 0 0.0087230809778571748 -0.0024575814820821237
leaf_weight=5936.5966845303774 1179.3461339175701 3416.9579038619995 524.19852086901665 4322.7242759913206 1552.3412597030401 1771.6561550199986 6068.1931571364403 1117.3055456578732 1251.1143263280392 3788.5283902287483 2698.0173269808292 2041.4536076188087 1293.481622338295 2694.9946833699942 202.96276658773422 3913.4728086292744 112.11105269193649 521.75387954711914 222.71143794059753 634.8956710100174 5033.3178244829178 53.141242176294327 578.03238520026207 137.0144989490509 1075.0727717280388 1139.1012831479311 218.5013188123703 471.49353912472725 4348.1157366931438 760.3275313526392
leaf_count=30476 2764 12552 747 19227 6578 5407 3640 1978 2377 3805 10825 6290 3115 10417 95 2889 144 428 120 445 24493 120 968 149 2896 4983 300 914 5423 2888
internal_value=-4.03848e-05 -0.00828372 0.0101507 -0.0115343 -0.0036872 -0.00168539 0.0117359 0.00468844 0.00325719 0.00989758 -0.00898017 -0.00355734 0.0016408 -0.00707478 0.0131196 0.0129589 0.0115813 0.00890784 0.0120916 0.00913818 -0.0134327 0.00561768 0.009556 0.00847993 0.000788617 -0.0101215 0.00961525 0.00416646 0.00820148 -0.0058125
internal_weight=59078.9 32661 26418 19129.8 13531.2 8523.55 20474 5944.01 4608.2 8797.86 8159.84 5458.41 3065.14 5007.66 11676.1 11473.1 5404.94 1491.47 969.718 747.007 10969.9 2353.78 631.174 5009.33 2254.42 5461.83 1335.81 1722.61 4872.31 3455.32
internal_count=167453 137251 30202 90004 47247 27364 17885 12317 10039 10124 35035 18842 8522 19883 7761 7666 4026 1137 709 589 54969 4379 1088 6319 5660 24210 2278 3291 6170 13305
cat_boundaries=0 1 2
cat_threshold=2217 2
is_linear=0
shrinkage=0.03


Tree=43
num_leaves=31
num_cat=2
split_feature=23 0 23 21 22 21 3 13 0 3 13 7 23 23 22 13 3 21 21 3 21 21 3 21 21 22 11 13 22 11
split_gain=5220.51 560.293 217.854 96.9989 96.3177 58.3946 48.5248 38.6563 38.4967 26.975 23.0024 22.762 19.5863 19.2357 18.4726 17.539 17.874 18.8417 17.3142 17.0829 16.2187 15.4185 14.0531 19.7946 19.0306 14.013 13.3159 12.1101 11.1169 14.2848
threshold=0.20050251256281412 0 0.61776661884265915 0.36816581414060384 0.024363793171037675 0.44430012086718762 5.5000000000000009 1.0000000180025095e-35 1 3.5000000000000004 1.0000000180025095e-35 0.3535533905932739 1.4087273881307525 0.027855369335816265 0.0078229775924323116 2.5000000000000004 1.5000000000000002 0.82414851769614594 2.8389108382124317 2.5000000000000004 0.74118192729629018 0.20723205905420547 5.5000000000000009 2.2716490544407919 1.8876736180578704 0.20498530880825902 0.82899317702918729 1.0000000180025095e-35 0.90180379829830981 -0.98803845231459242
decision_type=2 1 2 2 2 2 2 2 1 2 2 2 2 2 2 2 2 2 2 2 2 2 2 2 2 2 2 2 2 2
left_child=1 3 5 6 14 -2 13 12 19 -6 21 25 28 -1 -3 16 -7 -18 22 -5 -13 -11 23 24 -9 27 -20 -10 -4 -30
right_child=2 4 7 8 9 15 -8 18 11 10 -12 20 -14 -15 -16 -17 17 -19 26 -21 -22 -23 -24 -25 -26 -27 -28 -29 29 -31
leaf_value=-0.010162709365292073 0.00032454893972052511 -0.014465062822481205 0.0062460756892187578 -0.007593317650925106 -0.010739686128350327 0.0040560749230890564 -0.0017102054897070601 0.011286195128322267 0.0012125741689182033 -0.0094945849651941645 0.0026222512611331346 -0.002611993954221346 0.01215570093154106 -0.00614496047146138 -0.012012859921812478 0.013654309067670104 0.0057476381870733666 0.009784182144726556 0.025752267911430184 -0.0019022940369030357 0.0037292226547334219 -0.0055007171751932198 0.013529635892041116 0 0.022080493890847742 0.010846945730232928 0.013246932094538982 0.007507065569669103 0.017739358084528548 0.0092107928199352297
leaf_weight=1410.0051706880331 1505.2892384976149 5873.9668567031622 1154.3783358037472 761.69351288676262 3539.4875862151384 1849.774235188961 2020.7018569409847 4584.6257436573505 1325.4258683919907 1890.7168878167868 206.70188002288342 1561.0687629729509 2426.762771487236 4618.3021568357944 5424.4869140386581 329.23749858140945 2285.1926101446152 1940.4715138375759 162.31920850276947 1270.3013124018908 471.37883991003036 1642.2007332444191 5808.8907595276833 134.99906134605408 153.38610517978668 204.43792149424553 158.13940322399139 347.53953947126865 187.70953822135925 3725.0488720238209
leaf_count=6135 4380 30582 1267 2781 15683 3291 6808 4523 3788 8231 783 4835 1537 17973 26517 446 4320 2591 91 4085 1029 6529 3091 117 124 477 72 903 192 3995
internal_value=-9.70264e-05 -0.00813413 0.00981533 -0.00358978 -0.0115477 0.00564594 -0.00573845 0.0115977 -0.000683679 -0.00885769 -0.00707241 0.00105762 0.00992851 -0.00708723 -0.0132894 0.00689544 0.00652599 0.00760456 0.012733 -0.00402143 -0.00113724 -0.0076419 0.0125228 0.0113188 0.0116415 0.0034419 0.0196602 0.00252747 0.00885849 0.0096259
internal_weight=58974.6 32568.4 26406.2 13990.9 18577.6 7909.97 8049.01 18496.3 5941.85 7279.11 3739.62 3909.85 7493.9 6028.31 11298.5 6404.68 6075.44 4225.66 11002.4 2031.99 2032.45 3532.92 10681.9 4873.01 4738.01 1877.4 320.459 1672.97 5067.14 3912.76
internal_count=167176 137139 30037 48814 88325 15028 30916 15009 17898 31226 15543 11032 6991 24108 57099 10648 10202 6911 8018 6866 5864 14760 7855 4764 4647 5168 163 4691 5454 4187
cat_boundaries=0 1 2
cat_threshold=2491 25
is_linear=0
shrinkage=0.03


Tree=44
num_leaves=31
num_cat=3
split_feature=20 23 23 23 0 20 3 3 21 20 0 3 19 19 20 21 22 0 13 20 3 3 22 11 6 3 11 3 23 23
split_gain=5063.91 543.605 206.339 98.3367 82.2201 45.6638 45.5965 45.3769 37.305 31.4818 31.1024 24.6981 22.8937 19.3069 16.4032 16.2711 15.9436 15.3624 14.8196 15.5055 13.4485 13.0766 18.2348 12.7178 11.8647 11.5792 11.388 11.3846 10.8362 10.7001
threshold=0.22321428571428573 0.044389709906951298 0.42349939975990403 0.13010914355718903 0 0.044642857142857144 4.5000000000000009 5.5000000000000009 0.74902534071883109 0.062500000000000014 1 5.5000000000000009 0.31250000000000006 1.0625000000000002 0.098214285714285726 1.043844044678311 0.08167882834272891 2 1.5000000000000002 0.75892857142857151 5.5000000000000009 1.5000000000000002 0.24817419475914387 0.96465729447553372 1195.5000000000002 3.5000000000000004 -0.92923668111203805 4.5000000000000009 0.12468905472636817 1.7080518656208914
decision_type=2 2 2 2 1 2 2 2 2 2 1 2 2 2 2 2 2 1 2 2 2 2 2 2 2 2 2 2 2 2
left_child=1 4 7 5 -1 -3 12 8 28 27 14 -7 -4 17 -5 -14 -13 24 19 -15 -16 -10 26 -20 -8 -11 -23 -6 -2 -21
right_child=2 3 6 10 9 11 13 -9 21 25 -12 16 15 18 20 -17 -18 -19 23 29 -22 22 -24 -25 -26 -27 -28 -29 -30 -31
leaf_value=-0.014165991556929804 -0.002096401944446628 -0.0086586735914643605 0.0035449996288940949 -0.0020568838016855593 -0.011792364988144354 -0.0052098180814568731 0.012145636560682198 0.0094319158805537696 0.0040735858628156759 -0.0086836306244826213 -0.002689281665083215 -0.0025857302132926666 0.0074465015288407883 0.0020977294274666003 0.00091311674573636302 0.010489625851483728 0.0046361408964579257 0.0096858845108708149 0.014548075124324419 0.010812846338448154 0.0062167245832086444 0.011985292084054355 0.012636764049921251 0.021864763372839279 0.018073988871860441 -0.0047883051850192045 0.0008985832483629822 -0.0089815325610222048 0.0021478383224826157 0.015303245894027298
leaf_weight=7315.5575276464224 919.29942616820335 3065.3966246843338 586.7111579477787 633.77171611785889 5174.4887615442276 5058.0635607838631 3104.3614581823349 1359.4443805515766 1522.3080317080021 2266.6311177611351 2605.2473109513521 1104.5138637572527 2166.4170277714729 138.97394287586212 861.00600516796112 6170.1803706884384 364.97764629125595 3782.1168059110641 2178.5725979804993 1306.2099385857582 866.13325786590576 115.3900933265686 480.90389475226402 245.69000470638275 346.84225380420685 1004.1085476726294 299.63653859496117 1787.5141829699278 1312.4863902330399 790.00201261043549
leaf_count=38151 2672 13092 808 2081 24639 18862 1998 2287 2849 9539 8499 4064 2768 109 2436 6485 1122 3024 1086 865 1910 218 780 106 177 4128 604 8576 2928 365
internal_value=-0.000110992 -0.00814914 0.00950957 -0.00386255 -0.0117048 -0.00563642 0.0109235 0.00460989 0.00319714 -0.0099199 -0.000434381 -0.00421512 0.00929691 0.0121426 0.00205412 0.00970052 -0.000786021 0.0111628 0.0136595 0.0118707 0.00357832 0.00577791 0.00865934 0.0153008 0.0127114 -0.00749144 0.00401685 -0.0110729 0.000396742 0.0125145
internal_weight=58933 32107.4 26825.5 14559.1 17548.3 9592.95 20816.1 6009.47 4650.02 10232.7 4966.16 6527.56 8923.31 11892.8 2360.91 8336.6 1469.49 7233.32 4659.45 2235.19 1727.14 2418.24 895.931 2424.26 3451.2 3270.74 415.027 6962 2231.79 2096.21
internal_count=167228 137099 30129 52066 85033 37140 17791 12338 10051 46882 14926 24048 10061 7730 6427 9253 5186 5199 2531 1339 4346 4451 1602 1192 2175 13667 822 33215 5600 1230
cat_boundaries=0 1 2 3
cat_threshold=34368 2208 2
is_linear=0
shrinkage=0.03


Tree=45
num_leaves=31
num_cat=3
split_feature=20 23 23 22 0 3 3 3 21 21 20 20 21 22 20 16 22 12 12 16 6 15 0 11 22 19 6 3 0 6
split_gain=4969.31 528.145 202.092 102.59 92.7071 49.2096 45.4469 37.2224 26.9446 23.8386 22.2167 21.5415 19.3776 17.6859 15.1316 14.9882 14.2376 13.602 13.4861 13.8027 12.8069 12.5078 12.4233 13.7133 12.1544 11.3551 11.2836 11.197 10.7757 10.7421
threshold=0.22321428571428573 0.050901435819928759 0.42349939975990403 0.0239265175543532 0 5.5000000000000009 5.5000000000000009 5.5000000000000009 0.74902534071883109 1.438681755915882 0.026785714285714288 0.062500000000000014 0.38540608735056198 0.0078229775924323116 0.11607142857142859 1.0000000180025095e-35 0.32382978617948238 -0.90161545992537195 -0.27694043983797384 1.5000000000000002 1220.5000000000002 4.5000000000000009 1 -0.93545489084327571 0.090941640318698475 0.31250000000000006 151.50000000000003 3.5000000000000004 2 1205.5000000000002
decision_type=2 2 2 2 1 2 2 2 2 2 2 2 2 2 2 2 2 2 2 2 2 2 1 2 2 2 2 2 1 2
left_child=1 3 7 13 5 12 9 8 28 18 -6 29 -3 -1 -7 24 -8 -17 -4 -20 -12 25 23 -16 -9 -11 -18 -13 -2 -5
right_child=2 4 6 11 10 14 16 15 -10 21 20 27 -14 -15 22 17 26 -19 19 -21 -22 -23 -24 -25 -26 -27 -28 -29 -30 -31
leaf_value=-0.014461932040503401 0.0017873748601150352 -0.0047683654924308384 0.01003929845987149 -0.010785819127518035 -0.0098552963408926903 -0.00062231366802984801 0.0046474572474166469 -0.0024805304843435005 0.00542689190698182 0.0027209780316367936 -0.0064651715876691065 -0.0081893687127707164 -0.0010502773911717127 -0.011968118200862569 0.016229567674354208 0.016324267598236471 0.015626631231675899 0.0025105484121458032 0.0069130580681301184 0.011217180235677832 -0.0020195869034999028 0.020542096378039946 -3.0880241951684805e-05 0.0044431124860124472 0.012098046851058464 0.011670942038981556 0.012140827688107699 -0.0045419258367400519 -0.0036961700195867041 -0.0061507531336071949
leaf_weight=5693.993495464325 1855.8262754678726 3359.6720146685839 3785.3189921677113 3819.985220476985 1520.3204717189074 1614.4466384351254 215.87869113683701 53.835788249969482 2398.0265454053879 135.72517544031143 2641.2999995052814 2524.404995277524 2028.3439612984657 4829.5793765485287 99.519960850477219 75.193414002656937 963.4448282122612 421.7281768321991 4059.8157414495945 813.82327884435654 755.39995712041855 139.77161622047424 549.30490675568581 821.56179511547089 826.13081556558609 3052.5744982361794 8027.9145600199699 1101.8680978417397 379.1188608109951 522.72233378887177
leaf_count=30513 4500 12522 4137 17697 6621 4961 320 124 4394 151 10391 10605 6273 24359 212 117 470 702 4669 860 2906 100 1544 1828 1347 2722 4489 4465 1113 2366
internal_value=-5.09309e-05 -0.00808741 0.00936731 -0.011373 -0.00354871 -0.00163826 0.0107444 0.0045088 0.00321841 0.00952254 -0.00682132 -0.00880082 -0.00337024 -0.0133193 0.0013797 0.00884087 0.0123334 0.00464146 0.00868788 0.00763517 -0.00547916 0.0116891 0.00358086 0.00567775 0.0111975 0.0112928 0.0125167 -0.00708428 0.000844731 -0.0102308
internal_weight=59086.6 31882.4 27204.1 18492.6 13389.9 8472.85 21194.3 6009.86 4632.97 11987 4917.02 7968.98 5388.02 10523.6 3084.83 1376.89 9207.24 496.922 8658.96 4873.64 3396.7 3328.07 1470.39 921.082 879.967 3188.3 8991.36 3626.27 2234.95 4342.71
internal_count=167478 137263 30215 90005 47258 27340 17918 12297 10007 12639 19918 35133 18795 54872 8545 2290 5279 819 9666 5529 13297 2973 3584 2040 1471 2873 4959 15070 5613 20063
cat_boundaries=0 1 2 3
cat_threshold=2217 2208 2176
is_linear=0
shrinkage=0.03


Tree=46
num_leaves=31
num_cat=5
split_feature=20 23 20 0 3 0 3 3 0 20 23 20 7 20 13 20 0 13 23 16 0 6 6 21 2 17 16 16 6 22
split_gain=4903.39 436.07 280.109 83.2839 73.7345 73.4091 68.5618 45.1537 27.1175 26.0701 23.4483 21.1936 15.5907 15.1391 14.9014 13.9535 13.9758 13.268 13.0479 12.8807 14.4929 15.7935 34.3616 28.5511 19.4751 18.8932 19.4909 16.3448 14.6122 14.224
threshold=0.18750000000000003 0.040100502512562822 0.47321428571428575 0 4.5000000000000009 1 5.5000000000000009 4.5000000000000009 2 0.026785714285714288 0.42349939975990403 0.080357142857142863 0.3535533905932739 0.99107142857142871 3.5000000000000004 0.098214285714285726 3 1.0000000180025095e-35 0.13010914355718903 6.5000000000000009 4 919.50000000000011 757.50000000000011 1.8252823096597433 4.5000000000000009 1.0000000180025095e-35 1.5000000000000002 1.5000000000000002 1195.5000000000002 0.85554710052178595
decision_type=2 2 2 1 2 1 2 2 1 2 2 2 2 2 2 2 1 2 2 2 1 2 2 2 2 2 2 2 2 2
left_child=1 5 6 7 10 -1 8 18 12 -5 -4 -7 -2 14 -12 -9 -17 -11 -3 20 21 22 29 -24 25 26 -23 -25 -22 -6
right_child=2 3 4 9 19 11 -8 15 -10 17 13 -13 -14 -15 -16 16 -18 -19 -20 -21 28 24 23 27 -26 -27 -28 -29 -30 -31
leaf_value=-0.014131897446955489 0.0038980238725092511 -0.0056168852223727984 0.0053612434609830503 -0.010089521885962368 0.017854008704213591 -0.010733050121487571 0.0076141227874386638 -0.0019806806500710763 -0.004236437569156956 -0.0063397267425846426 0.007733089108837644 -0.0071842573879610967 -0.00027843077100225231 0.010532151518017957 0.017537018972526026 0.0042162196273515399 -0.00092401285554924851 0.00012513278894279257 -0.0016839032110856258 0.019210260050572182 0.012072436204925548 0.010900869236954422 0.026688465094949421 0.018135754264774196 0.0035933170673611101 0.0072959738716422617 0.022881721923511976 0.0076811508852742509 0.015500018492439711 0.0095145374183125547
leaf_weight=7067.681391492486 1763.1856395602226 3120.6372658759356 1785.3295451104641 1937.6076013892889 201.704725086689 7344.6192742288113 1975.7024863958359 1798.2657903730869 770.33178575336933 3769.9195645451546 4790.2413487434387 1934.7336355000734 1473.8415277004242 3962.0375242233276 144.4897164106369 962.53189127147198 926.47663146257401 307.12703774869442 1010.8999431729317 219.15179347991943 4979.3085315227509 461.00091671943665 214.9114208817482 323.48750758171082 552.72700846195221 861.81429612636566 169.96401405334473 238.55742216110229 1488.556113243103 2464.5357849597931
leaf_count=37914 3766 11931 3202 8728 194 35480 3393 5872 2450 15240 5760 8141 3756 3825 149 2517 2819 1160 3407 95 3083 384 144 152 467 647 130 105 664 1644
internal_value=-2.2847e-05 -0.00847571 0.00882242 -0.00455449 0.0103351 -0.0117932 0.00304158 -0.00250009 0.000784394 -0.00720713 0.00851221 -0.00998387 0.00198896 0.00914318 0.00802486 -8.82221e-05 0.00171025 -0.00585134 -0.00465666 0.0119331 0.0117976 0.010518 0.0117847 0.0173522 0.00842946 0.0102125 0.0141688 0.0137305 0.0128446 0.0101541
internal_weight=59021.4 30180.5 28840.9 13833.5 22857.8 16347 5983.06 7818.81 4007.36 6014.65 10682.1 9279.35 3237.03 8896.77 4934.73 3687.27 1889.01 4077.05 4131.54 12175.7 11956.6 5488.7 3443.2 776.956 2045.51 1492.78 630.965 562.045 6467.86 2666.24
internal_count=167219 133209 34010 51674 20645 81535 13365 26546 9972 25128 12936 43621 7522 9734 5909 11208 5336 16400 15338 7709 7614 3867 2239 401 1628 1161 514 257 3747 1838
cat_boundaries=0 1 2 3 4 5
cat_threshold=2217 34368 2434 2208 384
is_linear=0
shrinkage=0.03


Tree=47
num_leaves=31
num_cat=1
split_feature=22 22 23 3 23 21 22 22 13 3 15 21 22 21 0 13 6 22 21 7 3 6 21 11 23 6 23 6 21 13
split_gain=4602.39 461.456 278.889 112.043 62.3079 55.7063 48.4764 36.1524 35.858 23.8023 23.3834 21.614 19.3316 19.2915 19.0306 18.7887 18.0983 15.8866 15.5093 13.8642 13.8289 12.9199 16.607 12.7168 13.7758 12.4568 12.282 11.906 10.9499 10.7848
threshold=0.1313055839932952 0.031024547593865439 0.61776661884265915 5.5000000000000009 0.20595625184747268 0.38540608735056198 0.06986821333074654 0.0078229775924323116 1.0000000180025095e-35 2.5000000000000004 5.5000000000000009 0.34914175446352724 0.90180379829830981 0.74118192729629018 0 1.0000000180025095e-35 1230.5000000000002 0.060743049864530378 0.56292372208241181 0.3535533905932739 2.5000000000000004 1175.5000000000002 1.0631824853441516 -0.98803845231459242 1.4604218880534672 595.50000000000011 0.023575729504400188 895.50000000000011 0.16044347806795992 3.5000000000000004
decision_type=2 2 2 2 2 2 2 2 2 2 2 2 2 2 1 2 2 2 2 2 2 2 2 2 2 2 2 2 2 2
left_child=1 7 4 5 13 9 28 -1 12 -3 29 25 -4 19 -7 -8 23 -11 -17 -2 -15 22 -13 -14 -25 -6 -9 -24 -5 -10
right_child=2 3 8 6 11 14 15 26 10 17 -12 21 16 20 -16 18 -18 -19 -20 -21 -22 -23 27 24 -26 -27 -28 -29 -30 -31
leaf_value=-0.014433808780465815 0.0020496398069196542 -0.0092370933003288313 0.005945510161635254 -0.0088254165295636976 -0.0043232836707962768 -0.00020912042311681923 0.00012900855393200162 -0.01206980745286756 0.011041800029753281 -0.0089772883363978626 0.019712845861494445 0.0040585799106110567 0.016073393458310676 0.0027714368296410945 -0.0052813497172666309 0.0043413639447773085 0.014203134980667161 -0.0051532028729035602 0.019892437052676078 -0.0028226581269972452 0.01378590147346314 0.0082194453481232825 0.0090552197826654843 0.0077608582253724445 0.011052723373363537 0.017309740310126363 -0.0094086689732765256 0.0026887112017084758 -0.0036417458452661319 0.014008271129166786
leaf_weight=5542.7057562023401 895.24826073646545 4603.0199138969183 1543.825147241354 516.26346941292286 256.31290647387505 1332.2246647328138 2672.8573140054941 4875.9830233454704 9945.6180408298969 1365.643159866333 314.76913338899612 3210.56631731987 229.82588523626328 437.5590215921402 1338.791024133563 344.07636024057865 721.96892619132996 3532.4193974286318 69.103415846824646 1267.8217951059341 134.23115670681 1962.8745856881142 1318.2163506746292 3615.267473757267 1709.1508485674858 25.357303112745285 2374.8714526295662 335.56355005502701 1298.8525483161211 1277.9425979852676
leaf_count=30541 2579 20122 1505 2226 833 4246 8135 24770 7182 6086 134 6130 201 904 4886 990 543 14011 118 3947 248 2883 1818 3735 1007 78 11396 506 4949 736
internal_value=-1.45064e-05 -0.00829477 0.00845402 -0.00506574 0.00434101 -0.00660789 -0.00123399 -0.0126028 0.0105448 -0.00768431 0.0116108 0.00582131 0.00896997 0.000490251 -0.00277529 0.00105265 0.00971191 -0.00622225 0.00699848 -0.000803331 0.00538718 0.00615754 0.00532277 0.00912459 0.00882056 -0.0023002 -0.0112005 0.00776944 -0.00512346 0.0113813
internal_weight=59068.9 29866.8 29202.1 17073.3 9843.75 12172.1 4901.15 12793.6 19358.4 9501.08 11538.3 7108.89 7820.04 2734.86 2671.02 3086.04 6276.21 4898.06 413.18 2163.07 571.79 6827.22 4864.35 5554.24 5324.42 281.67 7250.85 1653.78 1815.12 11223.6
internal_count=167445 132476 34969 65769 19926 49351 16418 66707 15043 40219 8052 12248 6991 7678 9132 9243 5486 20097 1108 6526 1152 11337 8454 4943 4742 911 36166 2324 7175 7918
cat_boundaries=0 1
cat_threshold=2080
is_linear=0
shrinkage=0.03


Tree=48
num_leaves=31
num_cat=0
split_feature=20 23 20 22 20 3 3 3 13 15 21 22 21 23 6 6 22 16 3 21 22 23 16 22 19 21 6 20 23 18
split_gain=4548.08 488.995 192.362 102.247 81.2302 70.6724 49.8288 48.4121 31.1854 36.5432 20.8009 20.3755 19.8008 19.7355 18.9017 18.847 15.4658 15.0802 13.3776 12.0761 12.0643 11.2294 10.9327 10.4786 10.3019 10.1686 9.97494 9.51908 9.34522 8.9061
threshold=0.20535714285714288 0.050901435819928759 0.49107142857142866 0.023372770750673795 0.044642857142857144 5.5000000000000009 5.5000000000000009 5.5000000000000009 1.0000000180025095e-35 4.5000000000000009 0.38540608735056198 0.14769057323736021 0.24353894017376096 0.11779788838612369 739.50000000000011 151.50000000000003 0.0078229775924323116 4.5000000000000009 2.5000000000000004 1.205506844960557 0.077531734807411282 0.67988764044943839 1.0000000180025095e-35 0.079673112168048024 0.31250000000000006 1.015304151317443 1180.5000000000002 0.33035714285714296 0.069709591576998742 2.5000000000000004
decision_type=2 2 2 2 2 2 2 2 2 2 2 2 2 2 2 2 2 2 2 2 2 2 2 2 2 2 2 2 2 2
left_child=1 3 6 16 20 8 13 10 21 17 -6 23 26 -2 -13 19 -1 25 -14 -7 -3 -4 -16 -9 -23 -10 -5 -15 -25 -17
right_child=2 4 5 12 7 15 -8 11 9 -11 -12 14 18 27 22 29 -18 -19 -20 -21 -22 24 -24 28 -26 -27 -28 -29 -30 -31
leaf_value=-0.01443153690418059 -0.0014997575549937948 -0.0089048214358664265 0.0055199997173071454 -0.01074477282310277 -0.0051904168790023889 0.02047441725720546 0.0075960701840626426 -0.0026177832204431696 0.0070992803579241048 0.026250372168574381 -0.001359355397310896 0.00020399883667879539 -0.0086918187835093412 0.0011656683223785773 0.015794722243460943 0.010705356339442909 -0.012020824820475885 0.022159456035054419 -0.0049989895157153694 0.013372672373478223 -0.0046740545187536368 0.003148547839191987 0.00021469400735254175 0.017587844905017424 0.008471623101347709 0.0099833148977792174 -0.0063738346251132286 0.0049111919290574643 0.00066002840310664551 0.012997442906393453
leaf_weight=5451.3209104090929 1265.6927059590816 2310.2804451435804 2880.7792585492134 3644.9611486494541 3898.283296123147 324.93308997154236 1822.5784468352795 1200.2350744754076 1431.42840051651 119.51389807462692 1904.0457531362772 232.01553326845169 2114.9276642501354 1185.4924182593822 181.09456226229668 6136.9297989010811 4459.230425581336 84.244252562522888 1543.7583038806915 715.61590701341629 837.35220232605934 365.22289592027664 53.187654733657837 28.825627639889717 3651.6266370415688 5226.2640244662762 554.02705089747906 1271.6141854226589 2022.3791263401508 2119.0535309314728
leaf_count=30491 3680 10091 4078 17517 14976 178 2927 4349 1740 84 6147 557 9180 2863 356 3525 23324 64 6464 316 3124 405 102 101 3622 5223 2581 2218 5943 1027
internal_value=-3.79403e-05 -0.00810972 0.00855147 -0.0113205 -0.00360509 0.00975823 0.00353229 -0.00222241 0.00839002 0.00982523 -0.00393473 0.00044875 -0.00876028 0.00153966 0.00630712 0.0117814 -0.0133488 0.00952932 -0.00713709 0.0156136 -0.00778307 0.00696025 0.0122991 -0.00039125 0.00799003 0.0093653 -0.0101711 0.00310772 0.000909293 0.0112959
internal_weight=59036.9 30435.9 28601 17768.2 12667.7 23055.6 5545.38 9520.07 13759.1 6861.45 5802.33 3717.74 7857.67 3722.8 466.298 9296.53 9910.55 6741.94 3658.69 1040.55 3147.63 6897.63 234.282 3251.44 4016.85 6657.69 4198.99 2457.11 2051.2 8255.98
internal_count=167253 135303 31950 89557 45746 20262 11688 32531 15216 7111 21123 11408 35742 8761 1015 5046 53815 7027 15644 494 13215 8105 458 10393 4027 6963 20098 5081 6044 4552
is_linear=0
shrinkage=0.03


Tree=49
num_leaves=31
num_cat=3
split_feature=20 22 20 0 3 3 7 22 3 3 21 0 20 13 17 22 20 21 13 3 13 21 21 3 3 6 10 15 0 11
split_gain=4524.91 441.144 256.769 96.1371 68.0154 60.8101 48.3649 33.6978 30.0625 21.367 19.8322 16.7591 15.3672 14.2609 14.1716 13.0767 11.9726 11.3158 11.1265 11.0934 13.45 10.5656 10.5635 10.0408 9.12095 10.7476 10.883 9.83118 8.36447 8.96358
threshold=0.18750000000000003 0.031024547593865439 0.49107142857142866 0 3.5000000000000004 5.5000000000000009 0.3535533905932739 0.0078229775924323116 3.5000000000000004 1.5000000000000002 0.13363062095621173 1 0.90178571428571441 2.5000000000000004 2.5000000000000004 0.1313055839932952 0.29464285714285715 0.76085222211419234 1.0000000180025095e-35 4.5000000000000009 1.0000000180025095e-35 0.36816581414060384 1.9905621473186046 1.0000000180025095e-35 5.5000000000000009 1375.5000000000002 1.0000000180025095e-35 1.0000000180025095e-35 2 -0.99275805973510278
decision_type=2 2 2 1 2 2 2 2 2 2 2 1 2 2 2 2 2 2 2 2 2 2 2 2 2 2 2 2 1 2
left_child=1 7 6 5 12 9 11 -1 -5 15 -10 13 -4 24 17 23 -8 -6 -12 -9 -21 -11 -16 -3 28 26 -26 -28 -2 -30
right_child=2 3 4 8 14 -7 16 19 10 21 18 -13 -14 -15 22 -17 -18 -19 -20 20 -22 -23 -24 -25 25 -27 27 -29 29 -31
leaf_value=-0.014424519164961456 0.0094642160226469565 -0.0061229863988618762 0.0060817177016683028 -0.0095972054359773455 0.0031108878495789394 0.00062780959580193644 -0.0032555118062274862 -0.012203595161804425 -0.010444983037416276 -0.0045473142895155845 -0.0053851232112018333 0.00054134267276616124 0.008691434970034044 0.018129464282160598 0.012145028254557159 -0.0021076224616941616 0.0014541336688563462 0.010567662607527162 0.0011720212132864463 -0.010106703445779758 0.0021200098041521784 -0.0013986884012257255 0.018014436387650098 -0.010853406754698208 0.0081798257362912276 0.014349795325720772 0.00558738856656491 -0.0022939237719006743 0.014085580503125942 0.0025560221457667591
leaf_weight=5370.4237217903137 199.89896458387375 856.12408037483692 3694.4990490972996 3727.2224627286196 189.40495592355728 2756.9955544918776 1026.3878176063299 4383.2075051516294 704.41131341457367 2951.6738958060741 3123.4255296289921 760.93788313865662 4614.6651339828968 78.295597970485687 2729.4671892523766 366.54658578336239 918.71502503752708 11782.478689789772 249.7157906293869 2639.6342115849257 82.378393396735191 1431.7789330035448 317.39143717288971 790.4878745675087 900.26752611994743 155.21575504541397 443.17480131983757 207.74116870760918 62.447148561477661 1598.0355878770351
leaf_count=30458 261 3438 5070 16957 179 8106 3143 22615 3179 11590 12744 2090 5077 118 1466 1286 2037 8354 933 13249 377 4840 149 3436 1379 229 682 314 131 3485
internal_value=-6.83679e-06 -0.00834139 0.00825872 -0.00519019 0.00971478 -0.00309128 0.00290893 -0.0126236 -0.00763662 -0.00469986 -0.00585982 0.0046483 0.00753267 0.0054871 0.0109211 -0.00726117 -0.00102835 0.0104505 -0.00489771 -0.0112598 -0.00973383 -0.00352079 0.0127641 -0.00840277 0.00521828 0.00680732 0.00603998 0.00306319 0.00375466 0.00298349
internal_weight=59113 29434 29679 16958.4 23327.9 9153.61 6351.12 12475.6 7804.78 6396.61 4077.55 4406.01 8309.16 3645.08 15018.7 2013.16 1945.1 11971.9 3373.14 7105.22 2722.01 4383.45 3046.86 1646.61 3566.78 1706.4 1551.18 650.916 1860.38 1660.48
internal_count=167372 133208 34164 66509 20295 32696 13869 66699 33813 24590 16856 8689 10147 6599 10148 8160 5180 8533 13677 36241 13626 16430 1615 6874 6481 2604 2375 996 3877 3616
cat_boundaries=0 1 2 3
cat_threshold=2217 2434 256
is_linear=0
shrinkage=0.03


Tree=50
num_leaves=31
num_cat=2
split_feature=20 22 23 3 23 22 13 0 22 15 23 15 3 3 6 23 19 22 20 0 6 20 6 22 3 8 3 21 21 22
split_gain=4258.33 406.497 266.92 97.9148 55.792 38.2416 37.0093 35.3024 35.082 25.9413 24.1745 17.6276 17.0473 16.5388 16.0167 18.9051 14.8477 13.9893 12.5381 11.9327 11.9218 11.9103 19.6567 18.2778 28.6023 45.2229 15.8428 16.4145 15.4138 17.2682
threshold=0.16964285714285718 0.031024547593865439 0.42349939975990403 4.5000000000000009 0.13231403672580147 0.067768326051458591 1.0000000180025095e-35 0 0.010795735706248767 3.5000000000000004 0.80493902439024401 6.5000000000000009 1.5000000000000002 4.5000000000000009 1175.5000000000002 0.20595625184747268 0.31250000000000006 0.12166413815136976 0.098214285714285726 1 1180.5000000000002 1.3125000000000002 157.50000000000003 0.94234376052844826 6.5000000000000009 -0.35355339059327379 1.5000000000000002 1.205506844960557 2.2716490544407919 0.86856135311838201
decision_type=2 2 2 2 2 2 2 1 2 2 2 2 2 2 2 2 2 2 2 1 2 2 2 2 2 2 2 2 2 2
left_child=1 8 4 7 13 20 10 12 -1 14 16 21 -3 -2 -6 -16 -4 -15 -7 -17 -5 22 26 24 25 -23 -8 -28 29 -24
right_child=2 3 6 5 9 18 11 -9 -10 -11 -12 -13 -14 17 15 19 -18 -19 -20 -21 -22 23 28 -25 -26 -27 27 -29 -30 -31
leaf_value=-0.014329981602726759 -0.0017290449159169526 -0.0077022370793315472 0.001403819698906128 -0.0068137098446766683 0.0034682584042823802 -0.0022081948135283993 0.0047576560694375944 -0.009171399737393152 -0.011095626069342198 0.02728704103802243 0.0092573899108685451 0.019362477274494149 -0.0040055234776047903 0.0021304332969365168 0.0015777263645008544 -0.001851516024322723 0.0068827080901772393 0.015931745949817101 0.0010904695862167055 0.0093461491109569361 -0.0020802812164911373 0.0096326902283451459 0.014273746936339766 0.010598754999495695 0.0070013820174020741 0.02865421942519062 0.018903938850583776 0.011522926878276624 0.0015407271871952367 0.009164366076733467
leaf_weight=5532.8631182312965 2082.8264035880566 1836.4295794516802 516.67998760938644 1756.9369691312313 3893.6753919124603 2407.3868461996317 173.45230269432068 4587.1732600927353 6782.6275508999825 44.72515943646431 5505.0723736584187 198.90923357009888 2931.5002740621567 390.64320623874664 458.40919044613838 94.002960920333862 3376.7775493860245 79.082815915346146 1817.7919237613678 1283.681196719408 665.35814599692822 198.70842814445496 651.31558346748352 1761.956690967083 203.52576017379761 266.4723727107048 471.43165370821953 676.08434945344925 224.01722419261932 8011.1975258588791
leaf_count=31758 6258 7603 741 7315 7735 8409 184 20873 34928 62 4191 82 11384 1103 1065 171 3854 186 5521 1968 2737 139 547 952 68 140 355 396 162 6080
internal_value=-7.13793e-05 -0.00845275 0.00769428 -0.0052984 0.00311133 -0.00251263 0.00941006 -0.00727677 -0.0125502 0.00474386 0.00797474 0.0104597 -0.00542057 -0.000579898 0.00456212 0.00687537 0.00615772 0.00449567 -0.000787674 0.00863132 -0.0055174 0.0103176 0.0098621 0.0122233 0.0164727 0.0205799 0.0132944 0.0145743 0.00934977 0.00955083
internal_weight=58880.7 28318.1 30562.6 16002.6 8327.05 6647.47 22235.6 9355.1 12315.5 5774.49 9398.53 12837.1 4767.93 2552.55 5729.77 1836.09 3893.46 469.726 4225.18 1377.68 2422.3 12638.2 10207.5 2430.66 668.707 465.181 1320.97 1147.52 8886.53 8662.51
internal_count=166967 130528 36439 63842 18548 23982 17891 39860 66686 11001 8786 9105 18987 7547 10939 3204 4595 1289 13930 2139 10052 9023 7724 1299 347 279 935 751 6789 6627
cat_boundaries=0 1 2
cat_threshold=2217 256
is_linear=0
shrinkage=0.03


Tree=51
num_leaves=31
num_cat=3
split_feature=20 23 20 0 23 0 7 7 6 13 22 21 15 23 13 8 8 7 20 6 22 6 23 6 23 20 6 13 21 0
split_gain=4212.07 392.057 277.561 69.4536 66.2072 59.5941 51.9886 43.242 30.5686 23.8056 17.4416 17.1158 14.7591 15.4215 13.0223 12.7759 12.7553 11.9209 11.6884 10.7754 19.1487 10.6466 10.5999 10.5528 17.4544 10.0252 9.45341 10.7751 11.4912 9.34875
threshold=0.16964285714285718 0.033538300026245742 0.52678571428571441 0 0.13427827306420917 1 -1.0000000180025095e-35 -1.0000000180025095e-35 1220.5000000000002 1.0000000180025095e-35 0.062277466920423276 0.24353894017376096 4.5000000000000009 0.42349939975990403 1.0000000180025095e-35 -0.35355339059327379 0.35355339059327379 -1.0000000180025095e-35 0.99107142857142871 805.50000000000011 0.9235971133179256 1095.5000000000002 0.12795348837209305 1165.5000000000002 0.20595625184747268 0.098214285714285726 193.50000000000003 3.5000000000000004 1.2349745866484907 2
decision_type=2 2 2 1 2 1 2 2 2 2 2 2 2 2 2 2 2 2 2 2 2 2 2 2 2 2 2 2 2 1
left_child=1 5 4 7 29 -1 15 25 10 23 14 -7 13 16 -5 -4 -8 -12 26 -11 21 -21 -9 -6 -25 -3 -15 28 -28 -2
right_child=2 3 6 8 9 11 12 22 -10 19 17 -13 -14 18 -16 -17 -18 -19 -20 20 -22 -23 -24 24 -26 -27 27 -29 -30 -31
leaf_value=-0.014148732809967616 -0.0076746022808453452 -0.0019456298577251144 0.0088013296888031362 -0.010248004356050597 0.0023168799566329235 -0.01110682991860833 0.010423719772438691 -0.0058731004757437743 -0.0027576301928535878 0.0048040237523773437 -0.0045282890992935747 -0.0080433788735973597 0.018747441130265916 0.011535414466835743 0.0018070655343444145 0.011059901536090485 0.0035143616096371057 -0.008467392686753868 0.0092221678035691902 0.013825127209904314 0.027488620266564321 0.0062704977566963539 -0.0021123936841334571 -2.93945467869415e-05 0.0082867886323204978 0.0013025336872980844 0.0072102064019075275 0.014731554794077333 0.0035341367718090782 -0.00085648462949153964
leaf_weight=6465.6376865208149 186.96230132877827 1818.8754132091999 3034.9608087539673 2532.7689439207315 2753.0193030834198 5322.750800549984 296.72973102331161 3039.7250561714172 1179.4762325584888 603.97157090902328 1441.8110738694668 2422.4696113020182 107.15567046403885 390.89300948381424 82.144494220614433 9494.8786932229996 1296.4690648019314 1355.2475683689117 4083.9922470450401 259.38294130563736 53.001035630702972 498.28520232439041 875.8676196038723 321.22521710395813 762.82987847924232 1610.6511062681675 3368.8067519664764 144.09031701087952 1003.7310707569122 2285.1115375012159
leaf_count=37187 668 6041 2423 12148 5339 27592 466 12172 4987 1003 5668 10957 86 421 355 4913 2295 5908 3763 475 53 811 3086 773 1184 4714 3943 140 1108 6777
internal_value=-7.63919e-05 -0.00847443 0.00756214 -0.0048979 0.00263417 -0.0119809 0.00920079 -0.00287629 -0.00713379 0.0045398 -0.00809891 -0.0101375 0.00766036 0.0075458 -0.00986647 0.0105141 0.00481071 -0.00644138 0.00802917 0.00786874 0.0101359 0.0088795 -0.00503416 0.0033092 0.00581927 -0.00041847 0.00703347 0.00664005 0.00636872 -0.00141195
internal_weight=59092.9 28147.4 30945.5 13936.6 7723.79 14210.9 23221.7 7345.12 6591.45 5251.72 5411.97 7745.22 10691.9 10584.7 2614.91 12529.8 1593.2 2797.06 8991.51 1414.64 810.669 757.668 3915.59 3837.07 1084.06 3429.53 4907.52 4516.63 4372.54 2472.07
internal_count=167456 130815 36641 55079 17083 75736 19558 26013 29066 9638 24079 38549 12222 12136 12503 7336 2761 11576 9375 2342 1339 1286 15258 7296 1957 10755 5612 5191 5051 7445
cat_boundaries=0 1 2 3
cat_threshold=2217 34368 4101
is_linear=0
shrinkage=0.03


Tree=52
num_leaves=31
num_cat=2
split_feature=22 22 21 3 3 21 7 0 22 3 6 13 0 3 19 6 21 18 22 13 21 13 21 6 6 3 12 23 13 23
split_gain=4109.39 435.101 222.229 93.976 64.5767 47.8927 45.1118 39.0448 36.899 21.1019 20.8555 18.0167 17.799 17.2451 15.425 13.7826 13.1925 13.1878 16.7306 12.5824 12.5048 15.9588 15.2088 21.8977 30.8299 53.7616 25.4859 12.0574 11.7172 11.3391
threshold=0.1313055839932952 0.031024547593865439 0.76085222211419234 5.5000000000000009 3.5000000000000004 0.38540608735056198 0.3535533905932739 0 0.0078229775924323116 1.5000000000000002 601.50000000000011 1.0000000180025095e-35 1 5.5000000000000009 0.31250000000000006 133.50000000000003 0.58650879619340068 1.5000000000000002 0.15436204275845475 1.0000000180025095e-35 1.438681755915882 4.5000000000000009 1.5364616121837529 961.50000000000011 757.50000000000011 6.5000000000000009 0.080547328232315238 0.022514150544901582 1.5000000000000002 1.5644362823379114
decision_type=2 2 2 2 2 2 2 1 2 2 2 2 1 2 2 2 2 2 2 2 2 2 2 2 2 2 2 2 2 2
left_child=1 8 6 5 14 9 10 19 -1 -3 15 -6 -11 28 -4 -2 -7 18 -15 -5 21 -13 -22 24 -24 26 -26 -10 -12 -25
right_child=2 3 4 7 11 16 -8 -9 27 12 13 20 -14 17 -16 -17 -18 -19 -20 -21 22 -23 23 29 25 -27 -28 -29 -30 -31
leaf_value=-0.014394771839041321 0.0079856575976988507 -0.0095856399748228804 0.002340990878736945 7.553128540427742e-05 0.0087959065093325475 -0.0038807831665599772 -0.0015394322618955104 -0.0045221861806259414 -0.011942017688007463 -0.0085437421523926194 0.0027167989658709651 0.0099405168510541854 -0.0051552021195866047 0.021918407984350512 0.0072160174588026052 0.00043237846563137805 0.0015872664094760478 -0.00025208759299601803 0.0084996076822282541 0.0059385497536550407 0.016546114484872639 0.018587349627895263 0.0084567514087265094 0.0038219067892222964 0.01840044532884989 0.0075024678810420211 0.033570277936936843 -0.0092677150790613678 0.014927737188929313 0.010685132801989558
leaf_weight=5171.9623514264822 256.34570550918579 2900.1920571029186 634.72037926316261 2355.8212707489729 6136.5106456875801 2171.2233121544123 1785.9943747073412 2113.2487639337778 4523.0094279199839 2385.9644072949886 1155.9480708837509 6728.1402818262577 3846.3697484880686 92.136153727769852 8122.9186692535877 1416.4159130454063 483.621297955513 133.57385468482971 945.64870139956474 382.41600333154202 676.68473279476166 199.95314019918442 531.18858778476715 387.30688905715942 249.73266875743866 267.25403308868408 175.58922111988068 2363.3457147628069 74.737640023231506 505.94030225276947
leaf_count=30611 497 13350 974 6875 4932 7901 5104 8562 24363 10974 2570 4338 15747 151 9687 3498 1299 184 1482 983 341 99 285 241 121 99 73 11959 142 179
internal_value=1.36395e-05 -0.00813333 0.00768512 -0.00498756 0.00893517 -0.00643406 0.00243311 -0.00147127 -0.0124728 -0.0074655 0.0041757 0.0100783 -0.00647656 0.00596718 0.00686369 0.00159756 -0.00288221 0.00857554 0.00971668 0.000895139 0.0108861 0.0101936 0.012597 0.0113246 0.0139397 0.0181181 0.0247413 -0.0110266 0.00347474 0.00772359
internal_weight=59173.9 28697.2 30476.7 16638.9 24615.9 11787.4 5860.8 4851.49 12058.3 9132.53 4074.81 15858.3 6232.33 2402.04 8757.64 1672.76 2654.84 1171.36 1037.78 2738.24 9721.79 6928.09 2793.7 2117.01 1223.76 692.576 425.322 6886.36 1230.69 893.247
internal_count=167621 132624 34997 65691 21369 49271 13628 16420 66933 40071 8524 10708 26721 4529 10661 3995 9200 1817 1633 7858 5776 4437 1339 998 578 293 194 36322 2712 420
cat_boundaries=0 1 2
cat_threshold=2089 69636
is_linear=0
shrinkage=0.03


Tree=53
num_leaves=31
num_cat=3
split_feature=20 22 20 23 3 23 22 3 0 3 3 21 23 3 6 6 23 20 12 20 1 6 0 20 6 0 22 10 6 22
split_gain=3936.49 400.606 253.475 91.1646 51.551 48.1374 38.2186 28.8447 28.4644 22.5508 20.3941 19.6128 14.2465 13.9961 13.7126 12.6136 12.7561 12.361 12.5584 10.6641 14.4583 13.9186 11.45 10.6095 10.5845 10.2071 11.4373 10.0635 11.6389 11.7614
threshold=0.16964285714285718 0.031024547593865439 0.47321428571428575 0.080379576453697074 3.5000000000000004 0.11779788838612369 0.0078229775924323116 2.5000000000000004 0 5.5000000000000009 5.5000000000000009 0.13363062095621173 0.61776661884265915 4.5000000000000009 1250.5000000000002 109.50000000000001 0.80493902439024401 1.4196428571428574 -0.61236746317008228 1.1875000000000002 4.5000000000000009 757.50000000000011 1 0.062500000000000014 91.500000000000014 2 0.10070289018693793 0.81174490092936691 1100.5000000000002 0.92839657202515979
decision_type=2 2 2 2 2 2 2 2 1 2 2 2 2 2 2 2 2 2 2 2 2 2 1 2 2 1 2 2 2 2
left_child=1 6 5 7 12 -2 -1 23 14 -10 -7 -9 17 -8 -5 16 -6 24 -19 20 21 22 -17 -3 -4 26 -11 28 29 -23
right_child=2 3 4 8 15 10 13 11 9 25 -12 -13 -14 -15 -16 19 -18 18 -20 -21 -22 27 -24 -25 -26 -27 -28 -29 -30 -31
leaf_value=-0.014438611436576189 -0.0016538791492984877 -0.010645394091446634 0.011734747440244138 -0.0063961888163693225 0.020921876083483389 0.0020967916761500767 -0.012062928504703949 -0.010674111631924372 -0.0032745142238917373 0.0022368987810887048 0.0060043437343821875 -0.0046889387891579544 0.0078508550751591084 -0.009228467950429621 0.0020369122576586762 0.0071364757285293 0.011489754704137314 0.018437551408490054 0.0062626235420636051 0.010956828477048557 0.0096372467714067045 0.018289126023188915 0.0010124663337218258 -0.0076212903683512334 0.0043806757906682129 -0.00059726020908337232 0.013497996848443407 0.014850718894680728 0.0055916320224269397 0.0086011509255562377
leaf_weight=5077.7909856587648 2061.9385208189487 1958.2131403684616 187.45147907733917 1928.2063407599926 152.51714867353439 2756.9104457199574 4176.2278478592634 572.20412938296795 2829.6607929170132 605.31609258055687 2142.2927851080894 3650.9036200344563 5026.5547385215759 2590.4025954455137 189.07960025966167 656.50703006982803 972.53212094306946 124.36024391651154 204.99527013301849 3381.7487578988075 8443.6927618980408 154.7521498799324 494.83659768104553 2331.3626607358456 3093.1057543456554 1618.3277045637369 93.342141479253769 224.18606108427048 814.98621606826782 446.21167927980423
leaf_count=30490 6387 9579 267 7846 137 6014 22553 2765 10321 1731 3540 15667 5039 13520 713 442 516 126 216 1630 6053 97 383 10255 4638 4856 217 153 560 282
internal_value=-3.75377e-05 -0.00829447 0.00723952 -0.00516283 0.00868128 0.00218898 -0.0124645 -0.00726973 -0.00269223 -0.0014748 0.00380756 -0.00550365 0.0068147 -0.0109803 -0.00561315 0.00970446 0.0127912 0.00536848 0.0109198 0.00946561 0.00901529 0.00712906 0.00458352 -0.00900537 0.00480616 0.000714657 0.00371404 0.00890845 0.00795356 0.0111321
internal_weight=58960.6 27621 31339.6 15776.6 24378.4 6961.14 11844.4 8512.68 7263.93 5146.65 4899.2 4223.11 8636.47 6766.63 2117.29 15742 1125.05 3609.91 329.356 14616.9 11235.2 2791.48 1151.34 4289.58 3280.56 2316.99 698.658 1640.14 1415.95 600.964
internal_count=166993 130513 36480 63950 20539 15941 66563 38266 25684 17125 9554 18432 10286 36073 8559 10253 653 5247 342 9600 7970 1917 825 19834 4905 6804 1948 1092 939 379
cat_boundaries=0 1 2 3
cat_threshold=12308 2 2080
is_linear=0
shrinkage=0.03


Tree=54
num_leaves=31
num_cat=5
split_feature=20 23 23 20 0 23 3 21 23 15 0 21 23 3 20 3 3 19 6 3 18 6 0 6 6 0 17 0 19 1
split_gain=3776.04 467.984 134.303 86.9549 84.171 42.7281 40.1927 27.4864 24.3286 23.5275 22.3333 17.9734 16.9288 13.6791 13.1123 20.7009 12.3008 11.2413 11.1335 10.989 10.5935 13.5672 12.1871 10.482 10.4413 14.6444 9.49222 10.1121 9.40536 9.24467
threshold=0.20535714285714288 0.042618059159315005 0.61776661884265915 0.080357142857142863 0 0.11779788838612369 5.5000000000000009 0.13363062095621228 1.5644362823379114 3.5000000000000004 1 0.24353894017376096 0.18313345419048951 5.5000000000000009 1.0089285714285716 2.5000000000000004 3.5000000000000004 1.0000000180025095e-35 61.500000000000007 5.5000000000000009 1.5000000000000002 1200.5000000000002 2 739.50000000000011 1033.5000000000002 3 3.5000000000000004 4 1.5625000000000002 5.5000000000000009
decision_type=2 2 2 2 1 2 2 2 2 2 1 2 2 2 2 2 2 2 2 2 2 2 1 2 2 1 2 1 2 2
left_child=1 4 5 7 -1 24 12 -3 17 14 23 19 -5 -9 15 -7 -13 -4 -17 -6 21 -20 -23 -8 25 -2 27 -10 -28 -29
right_child=2 3 8 6 11 9 10 13 26 -11 -12 16 -14 -15 -16 18 -18 -19 20 -21 -22 22 -24 -25 -26 -27 28 29 -30 -31
leaf_value=-0.013524917224360226 0.005841965431055818 -0.00920772874836597 -0.0012487274319967327 -0.0038880809437767741 -0.010789842785605597 0.0025175072815301646 0.0015607778243983286 -0.0062726772135489684 0.010607917449348503 0.020880900834287529 -0.00069175041416468549 -0.0084736719145153162 0.0013549882803845837 -0.0029859993764752438 0.0077937953932614773 0.016966117936974463 -0.0042583996479117576 0.0081216841962594953 0.0048925312546169971 -0.006037227783354469 0.00062609279741901675 0.010819415538908667 0.003132759156816664 0.0077119240574335564 -0.0038417129539396635 -0.0015692928283286616 0.014390331874999012 0.010191031498906733 0.0072881686631707356 0.0055968862822353147
leaf_weight=7980.7950471490622 398.74291145801544 1921.886421084404 114.82658439874649 3766.7442049235106 3852.9413783401251 2652.3862394690514 442.47722467780113 2843.2009821683168 4081.3710141181946 85.61349806189537 1529.9100325554609 2085.1041258573532 647.44589251279831 1922.4170918613672 1370.3988525867462 81.190688818693161 903.29112902283669 13778.727397054434 2212.6784986257553 505.85435946285725 333.90170937776566 816.38632422685623 280.61288630962372 580.56559512019157 492.03305122256279 571.21174351871014 823.8766542673111 698.87580591440201 219.81302034854889 939.20097476243973
leaf_count=47223 975 8969 122 14179 20057 4743 1139 12030 1864 95 4957 9561 1962 7176 1694 122 3953 11650 3940 2614 518 1153 546 1323 1448 1668 358 366 80 519
internal_value=-5.1818e-05 -0.00777144 0.00741781 -0.00373142 -0.0113695 0.00442106 -0.0013845 -0.006175 0.00876573 0.00529972 0.00160975 -0.00899531 -0.00311757 -0.00494902 0.0051241 0.00454833 -0.0072034 0.00804372 0.00599179 -0.0102412 0.00574101 0.00625488 0.00899034 0.00501252 -0.000283016 0.00151814 0.0102467 0.00975766 0.0129087 0.00751976
internal_weight=58934.5 28982.6 29951.8 13654.6 15328 9295.16 6967.14 6687.5 20656.7 7833.17 2552.95 7347.19 4414.19 4765.62 7747.56 6377.16 2988.4 13893.6 3724.77 4358.8 3643.58 3309.68 1097 1023.04 1461.99 969.955 6763.14 5719.45 1043.69 1638.08
internal_count=167004 135143 31861 51735 83408 16902 23560 28175 14959 12811 7419 36185 16141 19206 12716 11022 13514 11772 6279 22671 6157 5639 1699 2462 4091 2643 3187 2749 438 885
cat_boundaries=0 1 2 3 4 5
cat_threshold=50752 2208 416 2306 2
is_linear=0
shrinkage=0.03


Tree=55
num_leaves=31
num_cat=5
split_feature=20 23 20 0 20 3 7 3 15 0 20 20 22 11 3 18 0 0 23 3 0 23 23 12 22 3 6 6 3 18
split_gain=3690.27 399.06 229.656 78.003 66.8446 47.8352 45.8926 39.8833 25.1309 21.8716 21.286 15.4682 16.5871 18.6153 18.8017 14.1277 14.0277 13.329 13.2928 13.0484 12.666 11.7603 10.6533 12.4465 9.04927 8.96443 8.77275 8.70629 8.65515 9.98795
threshold=0.16964285714285718 0.042618059159315005 0.52678571428571441 0 0.044642857142857144 3.5000000000000004 0.3535533905932739 5.5000000000000009 4.5000000000000009 1 0.044642857142857144 1.3125000000000002 0.94826290821215797 0.78325454425165997 1.5000000000000002 5.5000000000000009 2 3 1.4087273881307525 3.5000000000000004 4 0.13010914355718903 0.61776661884265915 -0.25206183926700709 0.086726131699760872 4.5000000000000009 1265.5000000000002 1210.5000000000002 5.5000000000000009 1.5000000000000002
decision_type=2 2 2 1 2 2 2 2 2 1 2 2 2 2 2 2 1 1 2 2 1 2 2 2 2 2 2 2 2 2
left_child=1 3 6 -1 16 8 9 21 11 -2 25 18 13 14 -13 -7 -3 -8 22 -12 27 -6 -4 -24 -11 -5 -27 -9 -26 -30
right_child=2 4 5 10 7 15 17 20 -10 24 19 12 -14 -15 -16 -17 -18 -19 -20 -21 -22 -23 23 -25 28 26 -28 -29 29 -31
leaf_value=-0.01404430634124256 5.5744944171921785e-05 -0.0051201569630794502 0.0042503817555843088 -0.01164780184347702 -0.0050839823962172256 0.0091720115456034659 9.1437428805330991e-05 0.00087750155943682731 0.022539423303138205 -0.0066230142322778029 -0.0090962685771697367 0.029622372187649095 0.00682434898904501 0.0080723144961316034 0.011803048663149516 0.014825636265058695 -0.0091945008571692917 -0.0053648173576078088 0.018299966388451428 -0.0052971651857501422 -0.001843181335671725 -0.0016749081617524946 0.0085043322911645784 0.0051468630000008854 0.0037239945376606829 -0.0092738010965680573 0.0018746160731088562 0.0070956350649902262 0.0072295874699739469 0.00090552886860987148
leaf_weight=6270.6949297040701 1074.9053695648909 1368.6991219222546 2907.3491572737694 3661.088158711791 4176.9769792258739 15095.609026193619 1848.8892222940922 1275.6288426220417 86.584450125694275 59.534756422042847 2552.0349508225918 102.97359973192215 840.49594295024872 239.70213288068771 117.30807685852051 414.12688589096069 2133.4412342607975 504.05361737310886 75.17729127407074 1216.7518607378006 1810.6014069914818 1173.5676093995571 1805.6444688439369 2262.4175879359245 2221.0969511568546 1234.9880424886942 65.711535468697548 240.8428849875927 1802.616994291544 259.6387787759304
leaf_count=38055 3039 5522 4305 19938 16915 9542 4622 3654 66 180 12163 87 743 207 95 190 10293 1731 55 5590 6540 4152 1842 2383 4445 6746 348 657 2631 333
internal_value=-7.14361e-05 -0.00818316 0.0068798 -0.0114587 -0.00414774 0.00833402 0.00239702 -0.00273423 0.00651213 0.00391639 -0.00957245 0.00634256 0.0093586 0.0139514 0.0202563 0.0093243 -0.00764667 -0.00109905 0.00578415 -0.00787305 -0.000153022 -0.00433782 0.0056458 0.0066403 0.00485901 -0.0108795 -0.00870496 0.00186077 0.00503285 0.00643712
internal_weight=58899.2 27181 31718.1 15001.3 12179.8 23947.4 7770.74 8677.62 8437.65 5417.79 8730.57 8351.07 1300.48 459.984 220.282 15509.7 3502.14 2352.94 7050.59 3768.79 3327.07 5350.54 6975.41 4068.06 4342.89 4961.79 1300.7 1516.47 4283.35 2062.26
internal_count=167069 130573 36496 82840 47733 19515 16981 31918 9783 10628 44785 9717 1132 389 182 9732 15815 6353 8585 17753 10851 21067 8530 4225 7589 27032 7094 4311 7409 2964
cat_boundaries=0 1 2 3 4 5
cat_threshold=34368 4157 2297 6530 2216
is_linear=0
shrinkage=0.03


Tree=56
num_leaves=31
num_cat=5
split_feature=20 23 20 20 0 23 7 7 8 12 20 0 20 0 17 6 23 19 22 16 23 7 13 22 0 7 11 11 0 22
split_gain=3592.73 389.777 219.289 73.4863 60.7282 47.2621 42.9101 41.8426 29.5021 20.8515 18.6812 17.993 17.6271 17.2226 14.4633 12.8597 12.4969 12.0765 11.8082 11.6245 15.1871 12.7931 10.6729 10.1284 10.0406 11.29 9.94214 9.57797 9.34176 9.32759
threshold=0.16964285714285718 0.03234524847428074 0.52678571428571441 0.044642857142857144 0 0.13427827306420917 -1.0000000180025095e-35 0.3535533905932739 0.35355339059327379 0.5475998096715059 1.455357142857143 1 0.062500000000000014 2 7.5000000000000009 553.50000000000011 0.13010914355718903 3.1875000000000004 0.93524945171900331 1.0000000180025095e-35 0.89626135569531806 1.0000000180025095e-35 1.0000000180025095e-35 0.098295021960509488 3 1.0000000180025095e-35 0.8697513045430848 0.62587949062545845 4 0.15436204275845475
decision_type=2 2 2 2 1 2 2 2 2 2 2 1 2 1 2 2 2 2 2 2 2 2 2 2 1 2 2 2 1 2
left_child=1 4 5 13 -1 24 11 14 9 18 -10 -5 -6 -3 17 -7 -8 -4 -9 21 -21 23 -13 -17 25 -2 -23 -12 29 -25
right_child=2 3 7 6 12 15 16 8 10 -11 27 22 -14 -15 -16 19 -18 -19 -20 20 -22 26 -24 28 -26 -27 -28 -29 -30 -31
leaf_value=-0.014117065889022487 0.0034043230274060487 -0.0056518362654387937 0.0088086548048123253 0.0019230555013288549 -0.010877088433354706 0.0013927871992020378 -0.0058979721109147934 0.0062118299050234194 0.00092827037478646513 0.0038223501405098437 0.0047166933036894036 -0.0028362168315835619 -0.0075541966698719253 -0.0096332940709733163 0.0001301867147356848 -0.0037007644706796572 -0.0018568320250875955 0.018198096661392278 0.0098741728004098899 0.00086176723621894538 0.011402278229834925 0.0043690670370251546 0.0025726152648448217 0.01339871340256377 -0.004684499866474675 -0.0016599631397528698 -0.0035351204947604016 0.020450683298835141 -0.0010203745195105415 0.007200721981798529
leaf_weight=6049.105818733573 568.28011333942413 1905.5481593757868 17937.710049927235 1253.9878521114588 5160.3105617314577 1410.1975947320461 3918.1684662103653 1392.1666854023933 1267.7421899437904 1292.7507973313332 74.399128794670105 3099.8901455849409 2028.1654760539532 2391.9703972041607 173.27081805467606 73.208519846200943 842.58007784187794 125.26725435256958 1905.5642132163048 998.97279199957848 139.64336264133453 709.49790650606155 365.27554121613503 261.1863911151886 554.92966140806675 1301.4190797060728 177.73782444000244 67.996288478374481 111.49409335851669 1481.8708796203136
leaf_count=37286 1533 8235 12056 3692 28180 2621 16471 1615 2245 1432 101 11314 9448 11978 89 150 3039 58 1863 1758 115 1489 1248 464 1925 3875 356 74 247 2394
internal_value=-0.000127715 -0.00818521 0.00666905 -0.00465176 -0.0118617 0.00228839 -0.00317495 0.00807636 0.00589831 0.00706461 0.00209504 -0.0011457 -0.00992777 -0.00790657 0.00879236 0.00385966 -0.00518455 0.00887511 0.00833225 0.00473747 0.00216862 0.00577325 -0.00225723 0.00714712 -0.00118528 -0.00011589 0.00277669 0.012362 0.00758034 0.00809364
internal_weight=59040.3 27015 32025.3 13777.4 13237.6 7788.44 9479.9 24236.9 6000.62 4590.48 1410.14 4719.15 7188.48 4297.52 18236.2 5363.81 4760.75 18063 3297.73 3953.61 1138.62 2815 3465.17 1927.76 2424.63 1869.7 887.236 142.395 1854.55 1743.06
internal_count=167351 130891 36460 55977 74914 16927 35764 19533 7330 4910 2420 16254 37628 20213 12203 9594 19510 12114 3478 6973 1873 5100 12562 3255 7333 5408 1845 175 3105 2858
cat_boundaries=0 1 2 3 4 5
cat_threshold=34368 2208 67769 10400 2464
is_linear=0
shrinkage=0.03


Tree=57
num_leaves=31
num_cat=2
split_feature=20 22 23 3 23 22 22 13 23 0 13 3 3 22 20 13 19 23 3 3 19 0 11 21 22 7 20 11 12 22
split_gain=3482.4 350.278 254.143 84.2025 54.3383 44.0361 29.9451 26.8126 23.2554 20.4692 20.2572 17.3758 15.8246 23.1666 15.5347 14.553 13.6042 13.2556 13.0102 13.916 12.7166 12.1064 17.2235 24.0927 20.1688 15.3796 13.3113 12.5202 12.2707 11.6005
threshold=0.15178571428571433 0.027766178885545119 0.24506557589923389 3.5000000000000004 1.0134693877551022 0.067768326051458591 0.0078229775924323116 1.0000000180025095e-35 0.042618059159315005 0 3.5000000000000004 5.5000000000000009 2.5000000000000004 0.27116427820612465 0.044642857142857144 5.5000000000000009 0.43750000000000006 0.77363455809334669 1.5000000000000002 1.0000000180025095e-35 0.93750000000000011 1 0.45273815774107123 1.116435654853684 0.89210411648079824 -0.85355339059327373 0.93750000000000011 -0.96689237009891416 0.063390085881955341 0.93213278419381618
decision_type=2 2 2 2 2 2 2 2 2 1 2 2 2 2 2 2 2 2 2 2 2 1 2 2 2 2 2 2 2 2
left_child=1 6 7 8 10 14 -1 9 -3 12 16 -7 20 -14 -5 17 -4 -12 19 -18 -2 -6 26 -24 -25 29 27 -23 -27 -26
right_child=2 3 4 5 21 11 -8 -9 -10 -11 15 -13 13 -15 -16 -17 18 -19 -20 -21 -22 22 23 24 25 28 -28 -29 -30 -31
leaf_value=-0.014388343737515767 -0.0020878908732118971 -0.0096519263067195455 0.0045501608477009001 -0.0080299792340259302 0.0099949644634610129 -0.0035947354649670899 -0.011130530428693195 0.0044763076023949583 -0.0062116307570917184 -0.0041441722824387475 0.011000522970479201 1.7647230164602339e-05 0.0016770067821702435 0.015671592272484582 -0.0040174227318196471 0.0038943875345275525 0.0064863620999384237 0.022566078512495685 0.0072661541118497633 0.0021637431615677554 0.01071742894333441 0.013661674100506126 0.0049850898812237388 0.020760601430428339 0.018991499756389196 0.010781792671745364 0.0037256978894752838 0.0070115209874127187 0.0030872451344320846 0.0098971328127919721
leaf_weight=4812.077520608902 1558.0487736314535 3508.7571932077408 3693.9780106246471 1749.3833526670933 6374.3659786581993 2174.6419781595469 5507.5584461539984 1221.2081375867128 3617.5996765643358 1064.9282947927713 283.14836031198502 2660.6391631066799 1626.7287570387125 113.13131844997406 1749.0605631768703 152.73061603307724 1863.9010705649853 135.36950027942657 8303.5153926610947 1056.2989819645882 71.96109414100647 293.43709093332291 615.05964010953903 207.89741563796997 274.57264411449432 535.57497489452362 1022.392284989357 2104.0129582881927 291.40782833099365 248.60574579238892
leaf_count=30551 4311 17516 5634 8353 3047 8616 31197 2899 15375 3608 261 8565 4053 238 7308 121 1870 100 8354 1781 134 179 451 84 108 257 577 1391 139 95
internal_value=-0.000103254 -0.00837094 0.00633347 -0.00551265 0.00752634 -0.00346336 -0.0126515 0.000541507 -0.00790746 -0.000541429 0.006351 -0.00160617 0.000606697 0.00259891 -0.00602732 0.0119071 0.00613705 0.0148006 0.00665835 0.00492611 -0.00151266 0.00904638 0.00793056 0.0100408 0.0120282 0.0106648 0.00660852 0.00783333 0.00808468 0.0147086
internal_weight=58892 25779.7 33112.3 15460.1 27456.3 8333.73 10319.6 5656.01 7126.36 4434.8 15488.9 4835.28 3369.87 1739.86 3498.44 571.248 14917.7 418.518 11223.7 2920.2 1630.01 11967.3 5592.96 2173.12 1558.06 1350.16 3419.84 2397.45 826.983 523.178
internal_count=167173 127481 39692 65733 24449 32842 61748 15243 32891 12344 18121 17181 8736 4291 15661 482 17639 361 12005 3651 4445 6328 3281 1134 683 599 2147 1570 396 203
cat_boundaries=0 1 2
cat_threshold=2466 2
is_linear=0
shrinkage=0.03


Tree=58
num_leaves=31
num_cat=2
split_feature=20 22 20 23 7 3 22 0 3 3 13 21 23 13 15 20 23 15 6 22 23 12 21 0 20 13 12 6 3 2
split_gain=3427.4 396.078 184.916 97.7846 45.8012 45.4244 37.0008 29.4578 27.4433 21.6513 19.0519 16.0294 15.8395 15.7668 14.7916 13.9437 13.9785 13.3647 13.3414 12.9269 11.9543 11.2484 11.0125 9.86977 15.6186 9.32106 8.56836 8.97148 8.45763 8.54364
threshold=0.16964285714285718 0.031024547593865439 0.38392857142857145 0.080379576453697074 0.3535533905932739 4.5000000000000009 0.01468085287722967 0 4.5000000000000009 5.5000000000000009 3.5000000000000004 0.24353894017376096 0.77363455809334669 1.5000000000000002 4.5000000000000009 0.99107142857142871 0.63406663478399505 1.5000000000000002 1305.5000000000002 0.10010412724786256 0.022514150544901582 -0.80417042486635371 0.13363062095621173 1 1.4375000000000002 1.0000000180025095e-35 0.86004965528756494 169.50000000000003 5.5000000000000009 4.5000000000000009
decision_type=2 2 2 2 2 2 2 1 2 2 2 2 2 2 2 2 2 2 2 2 2 2 2 1 2 2 2 2 2 2
left_child=1 6 4 8 13 10 -1 18 11 -9 14 -3 -12 19 15 16 -4 23 -5 -2 -8 -15 -10 -7 -25 -22 27 -18 -21 -30
right_child=2 3 5 7 -6 17 20 9 22 -11 12 -13 -14 21 -16 -17 26 -19 -20 28 25 -23 -24 24 -26 -27 -28 -29 29 -31
leaf_value=-0.01403547117896933 -0.00094340605045202888 -0.0098404475200242914 0.0035119415810000503 -0.0060207239709554128 -0.0024576526495680945 0.0091188434793099439 -0.011664073471291024 -0.0029118237411663436 -0.0097330460843957321 0.001010332872201107 0.008213926996753643 -0.0067644477740109593 0.019449024355333595 0.025136967497908242 0.016901098745093018 0.007132132124112984 0.013372108304449704 0.0097585679744137 0.0037529707637641305 0.0021858181403339059 -0.0091102654749676288 0.0077630104671785466 -0.003138938888369251 0.0064696809122923712 0.013848299403901806 0.0022440409774951249 0.0032765253628932729 0.006460459612002009 0.0067374631668499331 0.0016239512427179247
leaf_weight=5695.5127864331007 649.76665765047073 2755.69165353477 3169.042390525341 1937.8551486879587 1751.4969046860933 3688.0499659180641 3429.0129565149546 2771.5372309237719 264.4456590116024 2328.5919736921787 369.33090525865555 3498.3861867189407 166.0878723859787 41.186025530099869 109.66182672977448 4600.9209506213665 180.78132396936417 6003.9535394310951 132.98533886671066 1608.1020616889 1998.3624437302351 184.7366184592247 1689.7508884370327 4429.0947376787663 275.87110352516174 66.023938998579979 753.86044722795486 3102.2324838638306 1078.217633664608 409.91264772415161
leaf_count=36178 1886 13990 4962 8074 5247 2042 19638 10309 1312 6844 337 15742 123 84 85 4453 169 2989 508 3881 10678 352 7208 3345 108 316 823 3266 1820 702
internal_value=-4.41744e-05 -0.0080407 0.00647819 -0.00491521 0.00158078 0.00752186 -0.0123353 -0.00235416 -0.00715133 -0.00111785 0.00619219 -0.00812212 0.01174 0.00336328 0.00594145 0.00583773 0.00500955 0.00867097 -0.00536279 0.00289505 -0.0105694 0.0110536 -0.00403886 0.00789116 0.0068918 -0.00874331 0.00618257 0.00684684 0.00370256 0.00533499
internal_weight=59140.5 26568.2 32572.3 15379.2 5723.42 26848.9 11188.9 7170.97 8208.27 5100.13 12451.9 6254.08 535.419 3971.92 11916.5 11806.8 7205.92 14397 2070.84 3746 5493.4 225.923 1954.2 8393.02 4704.97 2064.39 4036.87 3283.01 3096.23 1488.13
internal_count=167471 130797 36674 63987 13972 22702 66810 25735 38252 17153 14218 29732 460 8725 13758 13673 9220 8484 8582 8289 30632 436 8520 5495 3453 10994 4258 3435 6403 2522
cat_boundaries=0 1 2
cat_threshold=4116 2
is_linear=0
shrinkage=0.03


Tree=59
num_leaves=31
num_cat=3
split_feature=20 22 23 23 22 0 23 0 7 23 6 6 7 21 23 7 21 6 16 20 6 16 8 12 0 6 6 21 16 7
split_gain=3322.94 423.436 159.043 98.6348 37.3607 35.669 35.4468 27.0359 26.831 16.0487 17.3782 15.2186 15.0401 14.9511 14.0748 13.5865 14.3215 13.2829 13.2805 12.1699 11.744 11.5418 11.5082 12.6547 10.9957 18.8773 16.4892 10.9822 10.8884 10.5685
threshold=0.18750000000000003 0.031024547593865439 0.31948553583168976 0.080379576453697074 0.0078229775924323116 0 1.0134693877551022 1 -1.0000000180025095e-35 0.25060386473429958 739.50000000000011 1305.5000000000002 0.3535533905932739 0.20723205905420547 0.022514150544901582 0.3535533905932739 0.74118192729629018 391.50000000000006 6.5000000000000009 1.4196428571428574 73.500000000000014 1.0000000180025095e-35 0.35355339059327379 0.67007489853957602 2 907.50000000000011 829.50000000000011 0.13363062095621173 1.0000000180025095e-35 0.3535533905932739
decision_type=2 2 2 2 2 1 2 1 2 2 2 2 2 2 2 2 2 2 2 2 2 2 2 2 1 2 2 2 2 2
left_child=1 4 7 8 -1 11 12 15 27 -7 17 -5 -4 -10 -6 20 -17 -11 24 22 -2 -22 23 -14 -8 26 -26 -3 -12 -9
right_child=2 3 6 5 14 9 18 29 13 10 28 -13 19 -15 -16 16 -18 -19 -20 -21 21 -23 -24 -25 25 -27 -28 -29 -30 -31
leaf_value=-0.014342659456782567 0.016948578155676346 -0.009559795766329841 0.0072588000930219956 -0.006291585266820515 -0.011833471181912854 -0.0016219606268551966 0.0094562163226535843 -9.4991725832561127e-05 -0.010063185985872232 0.0044924956902394515 0.013512437389185195 0.0038361746140252134 0.0063605046313222188 -0.0069010826208564498 -0.0088395403456375445 -0.0011600416583955392 0.00369664439173353 -0.004649695538441803 0.016432428214512164 0.0092973101286465409 0.0055244261499109385 0.001025186174288533 0.0013458455564258052 0.0024136631396574956 0.0080795623130275451 0.0050623532635775256 0.014745254669409709 -0.0030166585808785477 -0.0038446458224179868 -0.006295669649603753
leaf_weight=4686.1452823281288 66.163484871387482 267.07062573730946 8418.6548605561256 1939.6168165951967 4147.3462578654289 4847.8132264465094 6511.9259227514267 744.20164400339127 1970.4857389181852 308.89585310220718 173.54763039946556 141.99859222769737 2883.9710074365139 4398.5499277561903 2206.1403387188911 1077.1349406242371 1104.661639213562 264.50876075029373 198.45419836044312 583.37586110830307 1734.3306790888309 734.3567062318325 778.94101801514626 989.04549494385719 3292.227910399437 1890.2356360554695 375.78263735771179 1740.5260310918093 38.889715284109116 371.11563761532307
leaf_count=30605 114 1340 8392 8115 24223 16441 3055 2039 10277 846 391 535 3164 20070 11922 2957 2056 787 70 493 3325 1284 1344 1155 1873 1191 161 7414 83 1256
internal_value=-6.8663e-05 -0.0077784 0.00651849 -0.00467312 -0.0123034 -0.00222422 0.00752558 0.00204047 -0.00692742 -0.000974676 0.00299536 -0.00556958 0.00647111 -0.00788176 -0.0107964 0.00303057 0.00129676 0.000264049 0.00869802 0.00520217 0.00453138 0.00418943 0.00468545 0.00535504 0.008569 0.00749647 0.00876792 -0.00389441 0.0103037 -0.00214816
internal_weight=58886.1 27131.5 31754.6 16091.9 11039.6 7715.27 25922.6 5831.96 8376.63 5633.66 785.842 2081.62 13654 6369.04 6353.49 4716.65 2181.8 573.405 12268.6 5235.33 2534.85 2468.69 4651.96 3873.02 12070.2 5558.25 3668.01 2007.6 212.437 1115.32
internal_count=166978 133049 33929 66299 66750 27198 20898 13031 39101 18548 2107 8650 14548 30347 36145 9736 5013 1633 6350 6156 4723 4609 5663 4319 6280 3225 2034 8754 474 3295
cat_boundaries=0 1 2 3
cat_threshold=12308 2434 2
is_linear=0
shrinkage=0.03


Tree=60
num_leaves=31
num_cat=5
split_feature=20 23 20 0 23 20 3 7 3 20 21 6 0 7 12 0 3 3 6 0 16 1 23 0 2 23 6 6 23 20
split_gain=3255.79 338.418 221.92 64.6485 61.7802 59.3669 42.5441 32.8545 17.0518 17.4296 16.2694 15.7656 14.3756 13.8674 13.0208 11.9454 12.4918 11.0162 10.6363 10.0891 9.34892 16.1747 9.4246 9.28814 9.07489 8.84068 8.40636 10.373 10.3236 8.37716
threshold=0.15178571428571433 0.033538300026245742 0.52678571428571441 0 0.11634059308477913 0.026785714285714288 5.5000000000000009 0.3535533905932739 1.5000000000000002 1.455357142857143 0.20723205905420547 175.50000000000003 1 0.3535533905932739 0.67007489853957602 2 5.5000000000000009 2.5000000000000004 1205.5000000000002 3 1.0000000180025095e-35 9.5000000000000018 1.3236144168650121 4 5.5000000000000009 0.34491379310344833 1300.5000000000002 355.50000000000006 0.12468905472636817 1.2232142857142858
decision_type=2 2 2 1 2 2 2 2 2 2 2 2 1 2 2 1 2 2 2 1 2 2 2 1 2 2 2 2 2 2
left_child=1 3 4 -1 13 23 17 29 9 -9 -5 -10 -8 -2 18 16 -6 -7 -13 -15 21 -18 -22 -3 -23 -11 27 28 -14 -4
right_child=2 5 7 10 15 6 12 8 11 25 -12 14 26 19 -16 -17 20 -19 -20 -21 22 24 -24 -25 -26 -27 -28 -29 -30 -31
leaf_value=-0.014050653605274126 0.00039118737742500898 -0.0052120117877309862 0.0077836948905086701 -0.010880450179022064 0.0027805843967795276 -0.006722802696825291 0.00054603087197999188 0.0016274198615918937 0.011094075263724733 0.0053212275479062278 -0.0079156518269275031 0.0056986137759313417 0.0049326519248152666 -0.001838511238518865 0.0028272288942510311 -0.00065712754219444957 0.005068833557543383 -0.0041421526646676469 0.0096757296878581204 -0.0071810294700765144 0.0015809330422847409 0.013512509221897236 0.010124197081233645 -0.0098985804105701219 0.00062320486487887005 0.020431800038431702 0.0015836903700205914 -0.00580405169204416 -0.0047322835029974062 0.009321511724538524
leaf_weight=5715.5807629525661 1196.5407894402742 595.04455178976059 14620.276997327805 4074.2934481501579 3303.5832828581333 2486.0340467840433 2075.812280356884 1299.3888027071953 584.5306122303009 75.112260937690735 2885.1594318300486 2286.2646221518517 191.57977415621281 822.12912617623806 1004.8736681938171 550.77181926369667 1126.3392212688923 3791.5947023332119 836.85681885480881 539.74928160011768 689.53026601672173 385.79588583111763 139.63351595401764 1889.3627826571465 57.56010439991951 68.033167064189911 272.57741083204746 987.71613922715187 204.69019915163517 4189.8667042255402
leaf_count=37207 3749 2592 10167 23581 6691 10950 6264 2272 568 96 14371 2415 808 2563 1099 1510 1677 15719 835 2013 1081 580 101 9835 93 73 1118 4272 795 2012
internal_value=-2.73079e-05 -0.00819482 0.00605875 -0.0116488 0.00196447 -0.00468974 -0.00365784 0.00750348 0.00559589 0.00273202 -0.00963967 0.0064705 -0.0011189 -0.00196068 0.00581181 0.00357141 0.0039751 -0.00516599 0.00676898 -0.00403019 0.00563235 0.0069965 0.00303733 -0.00884185 0.0118578 0.0126364 -0.00319193 -0.00416034 -4.39382e-05 0.00812703
internal_weight=58946.3 25169.4 33776.8 12675 8811.63 12494.4 10010 24965.2 6155.06 1442.53 6959.45 4712.53 3732.38 2558.42 4128 6253.21 5702.44 6277.63 3123.12 1361.88 2398.86 1569.7 829.164 2484.41 443.356 143.145 1656.56 1383.99 396.27 18810.1
internal_count=167107 127512 39595 75159 20058 52353 39926 19537 7358 2441 37952 4917 13257 8325 4349 11733 10223 26669 3250 4576 3532 2350 1182 12427 673 169 6993 5875 1603 12179
cat_boundaries=0 1 2 3 4 5
cat_threshold=34368 2217 2466 6288 57
is_linear=0
shrinkage=0.03


Tree=61
num_leaves=31
num_cat=0
split_feature=20 22 20 3 3 22 3 22 21 20 3 22 15 7 3 6 22 3 3 6 6 21 12 2 6 1 21 21 22 6
split_gain=3128.5 359.848 203.372 81.125 48.129 37.6335 35.94 33.7147 28.7703 20.0666 18.4891 15.1356 13.967 12.7165 22.8829 13.5258 12.156 10.369 9.75438 9.71244 9.26524 12.1112 9.37332 9.15128 16.1349 9.54059 14.9419 8.98007 7.90849 7.8385
threshold=0.15178571428571433 0.02904877199003093 0.33035714285714296 5.5000000000000009 5.5000000000000009 0.068969548426628405 3.5000000000000004 0.0078229775924323116 0.24353894017376096 0.99107142857142871 2.5000000000000004 0.085549068571874942 4.5000000000000009 0.3535533905932739 1.5000000000000002 1335.5000000000002 0.10070289018693793 2.5000000000000004 4.5000000000000009 1185.5000000000002 169.50000000000003 1.0688931038847922 0.69521084835931835 4.5000000000000009 721.50000000000011 2.5000000000000004 2.0765776293919509 1.3872096630829269 0.1313055839932952 1215.5000000000002
decision_type=2 2 2 2 2 2 2 2 2 2 2 2 2 2 2 2 2 2 2 2 2 2 2 2 2 2 2 2 2 2
left_child=1 7 6 8 9 19 -2 -1 11 12 -10 29 13 15 -15 -4 -8 -13 -9 -5 21 -16 -22 24 -11 27 -27 -25 -12 -3
right_child=2 3 4 5 -6 -7 16 18 10 23 28 17 -14 14 20 -17 -18 -19 -20 -21 22 -23 -24 25 -26 26 -28 -29 -30 -31
leaf_value=-0.014326029257892546 -0.0019202098393961047 -0.0097726407017457752 0.0063941352046041179 -0.0063856354568166667 0.008482871642059308 0.00063180127091567735 -0.00028218859169928094 -0.011833868008347976 -0.0068938121413194943 0.0043866044305016765 -0.0040460458030869631 -0.0082024102271257334 0.018711470060724496 -4.1187682824021969e-06 0.0052023114341443232 0.0014522271991087832 0.0038604407028130444 -0.0017453918423391255 -0.0092303478075915386 -0.0011932716823641648 0.0056069293105110527 0.020080027467165543 0.0017421408978393344 0.008726898559745469 0.0080259008926913313 0.0092762851622282348 0.00092447088994851391 0.021902564256684586 0.00098867976534136202 -0.0054811247317377351
leaf_weight=4549.7666240930557 2460.2805663496256 3076.2972698807716 5374.7533716261387 1284.3613331019878 11425.60288259387 2630.7180135250092 844.06222493946552 3462.4358308464289 2850.2767412215471 1903.614503800869 2829.1027425676584 432.28350403904915 67.103650569915771 1074.0301583707333 126.30915620923042 553.67988342046738 2569.5777839273214 470.47343818843365 2162.4798655211926 438.34408310055733 2218.9479756355286 82.450513422489166 765.77449530363083 98.426517009735107 2633.8071981668472 1594.0668488144875 221.40493619441986 95.437109768390656 309.26208212971687 450.4338835477829
leaf_count=30567 7749 15797 5552 5669 6049 8481 2502 20670 12917 1838 11803 2017 54 2045 187 640 5307 1952 12402 1858 2866 87 1008 91 2195 1313 174 70 1090 2293
internal_value=1.71061e-05 -0.00805668 0.0059222 -0.00506507 0.00697877 -0.00162349 0.00084204 -0.0123984 -0.00650234 0.00595563 -0.00514223 -0.00833826 0.00512465 0.00503281 0.00377848 0.00593393 0.00283459 -0.00484962 -0.0108358 -0.00506937 0.00505212 0.0111746 0.00461829 0.00725642 0.00650171 0.00895363 0.00826212 0.0153231 -0.00354784 -0.00922794
internal_weight=59055.6 24946.2 34109.3 14771.6 28235.4 4353.42 5873.92 10174.7 10418.1 16809.8 5988.64 4429.49 10263 10195.9 4267.51 5928.43 3413.64 902.757 5624.92 1722.71 3193.48 208.76 2984.72 6546.76 4537.42 2009.34 1815.47 193.864 3138.36 3526.73
internal_count=167243 127516 39727 63877 24169 16008 15558 63639 47869 18120 25810 22059 12439 12385 6193 6192 7809 3969 33072 7527 4148 274 3874 5681 4033 1648 1487 161 12893 18090
is_linear=0
shrinkage=0.03


Tree=62
num_leaves=31
num_cat=3
split_feature=20 22 20 23 7 23 22 7 0 21 22 20 16 7 0 6 21 6 7 18 0 7 22 17 6 12 20 14 6 6
split_gain=2999.77 350.515 204.116 86.1264 41.5866 35.9692 28.4435 23.3835 18.7212 16.8982 15.5858 15.0816 13.6749 13.2991 13.0813 12.7519 11.7869 11.5974 10.0266 9.61791 9.32102 8.86006 11.3467 11.2557 10.7516 9.55765 8.83262 8.53815 8.10171 14.9625
threshold=0.15178571428571433 0.027208800438141379 0.38392857142857145 0.080379576453697074 -1.0000000180025095e-35 0.95128543177323677 0.0078229775924323116 -1.0000000180025095e-35 0 0.20723205905420547 0.10010412724786256 1.3125000000000002 6.5000000000000009 -1.0000000180025095e-35 1 1250.5000000000002 0.13363062095621173 91.500000000000014 -1.0000000180025095e-35 5.5000000000000009 2 0.3535533905932739 1.0155790454665534 2.5000000000000004 1205.5000000000002 0.99855310097228334 0.84821428571428581 1.0000000180025095e-35 907.50000000000011 799.50000000000011
decision_type=2 2 2 2 2 2 2 2 1 2 2 2 2 2 1 2 2 2 2 2 1 2 2 2 2 2 2 2 2 2
left_child=1 6 4 7 10 11 -1 16 15 -9 -2 17 19 -10 -6 -5 -3 -4 -8 20 -7 -19 23 24 25 -23 -24 -18 29 -22
right_child=2 3 5 8 14 12 18 9 13 -11 -12 -13 -14 -15 -16 -17 27 21 -20 -21 28 22 26 -25 -26 -27 -28 -29 -30 -31
leaf_value=-0.014324656510170057 -0.00059050928751495306 -0.0098209322671544887 0.0097005435641146966 -0.0058642409016079547 -0.0087109756299482404 0.0084178462803700289 -0.009316029941305419 -0.010226907471458484 -0.0002690160523293492 -0.0069850393471713257 0.0045485779520950589 0.0082469996560108217 0.015177985701320836 -0.003567882727370682 -0.00083484693529467372 0.0026441774815291882 -0.0041595483181264886 0.0058597242037658256 -0.012089641601280452 0.012585399781237528 0.0067404570442513353 0.0024112995574890432 0.016276838180176677 0.012832388126841168 0.0063001664326854537 0.013091116483708486 0.006406724579611018 0.0042657489663476891 0.0051758445372796563 0.012136735828624257
leaf_weight=4486.4919333904982 673.55538766086102 328.13539059460163 526.23162141442299 1801.3163916319609 191.02962504327297 6884.7785786390305 1953.8222687542439 2277.2468635886908 2752.5823164582253 4085.0432056039572 2472.4422806948423 1850.3594487309456 229.71560680866241 1835.8483544141054 3356.7623900324106 172.23812483251095 1786.1929855048656 6592.777007073164 3147.5604311525822 367.18806892633438 3278.3624488711357 3382.7527185678482 100.32986760139465 117.24391674995422 926.40598261356354 76.491968274116516 466.92925232648849 113.7451971322298 2103.7201704382896 544.19260120391846
leaf_count=30575 1868 1707 576 7730 737 3311 11425 12338 8736 19413 4565 1443 78 7201 9851 665 8011 6687 19152 155 1919 4632 130 135 1305 105 550 485 1358 227
internal_value=-0.000130166 -0.0080846 0.00563385 -0.00524287 0.000935485 0.00677938 -0.0125739 -0.00721998 -0.00265299 -0.00814777 0.00344656 0.00571556 0.00789235 -0.00158724 -0.00128986 -0.0050919 -0.00456551 0.00533014 -0.0110306 0.00776375 0.00762411 0.00513161 0.00418269 0.00367501 0.00342596 0.0026529 0.00818856 -0.00365001 0.00667427 0.00751323
internal_weight=58881.5 24740.2 34141.3 15152.3 6693.79 27447.5 9587.87 8590.36 6561.99 6362.29 3146 14039.5 13408 4588.43 3547.79 1973.55 2228.07 12189.2 5101.38 13178.2 12811.1 11662.9 5070.15 4502.89 4385.65 3459.24 567.259 1899.94 5926.28 3822.56
internal_count=167070 127438 39632 66286 17021 22611 61152 41954 24332 31751 6433 15563 7048 15937 10588 8395 10203 14120 30577 6970 6815 13544 6857 6177 6042 4737 680 8496 3504 2146
cat_boundaries=0 1 2 3
cat_threshold=12308 5 2
is_linear=0
shrinkage=0.03


Tree=63
num_leaves=31
num_cat=5
split_feature=23 22 21 21 23 21 3 3 21 0 3 22 15 0 13 0 6 6 22 2 22 0 17 3 12 0 14 13 22 23
split_gain=3002.19 341.721 229.449 71.5641 38.2384 28.9886 31.5428 26.707 26.6054 24.6965 16.6585 14.0649 13.3028 12.8693 12.6254 11.6389 11.209 10.5741 16.49 11.332 10.4984 10.0479 10.0301 9.73353 10.5613 9.71905 9.36982 9.27812 16.7351 19.3975
threshold=0.13010914355718903 0.025119845311482949 0.56393125945271683 0.27749879654779902 0.63406663478399505 0.58650879619340068 3.5000000000000004 4.5000000000000009 0.35941729821748025 0 5.5000000000000009 0.083060887201289055 3.5000000000000004 1 1.0000000180025095e-35 2 67.500000000000014 637.50000000000011 0.9927430448035357 3.5000000000000004 0.8636611719603795 3 3.5000000000000004 3.5000000000000004 1.0000000180025095e-35 4 1.5000000000000002 2.5000000000000004 0.93213278419381618 0.77363455809334669
decision_type=2 2 2 2 2 2 2 2 2 1 2 2 2 1 2 1 2 2 2 2 2 1 2 2 2 1 2 2 2 2
left_child=1 9 8 7 12 6 13 11 25 -1 17 -3 -4 -5 21 23 -7 18 -6 -20 -19 -9 -12 24 -10 -2 -24 -22 -29 -30
right_child=2 3 4 5 10 16 -8 14 15 -11 22 -13 -14 -15 -16 -17 -18 20 19 -21 27 -23 26 -25 -26 -27 -28 28 29 -31
leaf_value=-0.010548272843008338 -0.0010881429557598136 -0.0097835608608144494 0.0046530049033550536 -0.0035360055272454431 0.0033213055649381593 0.01308082764604406 -0.0018258106410816222 -0.0071138557252552696 0.004037489885698963 -0.014057307786470505 0.0078220408625648708 -0.0058264353415182733 0.015205901235516841 -0.0071636777063152921 0.0047179852651375517 -0.0018575728828430155 0.00037274271516761655 0.015510484972498271 0.0052280209331935024 0.0092204039700131829 0.0067146837774388424 -0.0031244700154185816 0.012009463154808411 0.0039504098262305009 -0.0035391822849676936 -0.0054106317329166388 0.006479745203538315 0.005053427913595413 0.008025309837417215 0.021496543074698279
leaf_weight=3338.9457441568375 1904.3505752235651 3657.7610305398703 7073.4198218286037 1464.1392051577568 1960.6424077153206 65.797902643680573 3023.1476645022631 1510.1105307340622 290.99277830123901 5582.4150632023811 9341.5455436706543 1056.2998235821724 108.9175136089325 2582.7652860283852 111.0997466146946 579.48169642686844 985.81072133779526 138.40053284168243 1493.0636468529701 1143.7441655993462 5607.344218313694 1015.0580792576075 1054.0739213228226 1872.8834757208824 381.17587104439735 620.38179087638855 386.74288094043732 301.68665760755539 204.85981512069702 187.18701845407486
leaf_count=20316 6385 19576 10244 5663 1846 118 11569 7421 806 37794 4399 4888 108 11607 456 1754 2524 115 1336 926 4812 4377 419 3938 1063 2426 140 230 150 112
internal_value=-3.47044e-05 -0.00809718 0.00564097 -0.00539966 0.00671837 -0.00345662 -0.00414797 -0.00754503 0.000108618 -0.0127736 0.00734407 -0.00889957 0.00481597 -0.00588033 -0.00511816 0.00196001 0.00118524 0.00652031 0.00541339 0.00696487 0.0073087 -0.00555499 0.00818605 0.00282816 -0.000249079 -0.0021801 0.0105349 0.00712516 0.0104199 0.0145109
internal_weight=59044.2 24393.4 34650.9 15472 29001.6 8121.66 7070.05 7350.33 5649.27 8921.36 21819.3 4714.06 7182.34 4046.9 2636.27 3124.53 1051.61 11036.9 4597.45 2636.81 6439.48 2525.17 10782.4 2545.05 672.169 2524.73 1440.82 6301.08 693.733 392.047
internal_count=167518 126309 41209 68199 24837 31481 28839 36718 16372 58110 14485 24464 10352 17270 12254 7561 2642 9527 4108 2262 5419 11798 4958 5807 1869 8811 559 5304 492 262
cat_boundaries=0 1 2 3 4 5
cat_threshold=90144 2208 2465 70660 34873
is_linear=0
shrinkage=0.03


Tree=64
num_leaves=31
num_cat=3
split_feature=20 23 23 20 22 3 13 0 3 23 11 22 0 21 14 23 0 21 3 21 21 22 6 1 6 11 23 3 15 20
split_gain=2907.03 349.698 174.46 60.2806 55.1038 36.5255 32.879 25.8465 21.1449 19.1827 15.6439 15.1074 15.0087 14.8411 11.8765 11.8679 10.6801 10.5479 9.97588 19.5181 10.1716 10.8835 32.2693 30.8095 9.31441 8.99812 8.85652 8.37074 8.21671 12.0333
threshold=0.15178571428571433 0.03234524847428074 0.24506557589923389 0.044642857142857144 0.017903129084484874 5.5000000000000009 1.0000000180025095e-35 0 5.5000000000000009 0.80493902439024401 -0.98803845231459242 0.11701815622099478 1 0.24353894017376096 1.5000000000000002 0.19614048150905936 2 2.1731461800422895 1.5000000000000002 2.8389108382124317 2.0765776293919509 0.88301361223524477 601.50000000000011 9.5000000000000018 1165.5000000000002 -0.90893996196865023 0.14321074964639322 1.5000000000000002 1.0000000180025095e-35 1.4196428571428574
decision_type=2 2 2 2 2 2 2 1 2 2 2 2 1 2 2 2 1 2 2 2 2 2 2 2 2 2 2 2 2 2
left_child=1 4 7 12 -1 26 9 8 14 28 -11 25 -3 -6 -2 -13 24 -12 19 20 21 22 -8 -24 -7 -10 -5 -15 29 -4
right_child=2 3 6 5 13 16 18 -9 11 10 17 15 -14 27 -16 -17 -18 -19 -20 -21 -22 -23 23 -25 -26 -27 -28 -29 -30 -31
leaf_value=-0.013753623441975921 0.00035505438508128082 -0.004912253063362665 0.0030798189181715737 -0.0050727369675143208 -0.010719933431026417 0.00011192431462765899 -0.00080609844870536268 -0.0031104733486595247 0.014855775345759175 0.013270519272894873 0.0065519362713208473 0.025367235714284807 -0.0088959500571948753 -0.0097178112282854095 0.0062529705403748378 0.0088381543934405414 -0.0022069475154547196 0.0017180210726408772 0.007696577485914991 0.019107145773508635 -0.003154362194188793 0.0048942880687551388 0.033020096118680189 0.0073270085032816129 0.0058546675360866343 0.0021671837479719223 -0.0016048003892268317 -0.0057535864138068202 0.0055231872353685941 0.011944434647735001
leaf_weight=5944.1740390509367 3419.9807750433683 1433.1092727929354 4042.909932166338 4538.6137433946133 4003.8818945884705 1206.8295414894819 119.70413392782211 1250.539403423667 56.771594226360321 296.46074318885803 5437.3049803674221 55.846124947071075 2611.6088773161173 877.5944112688303 337.00087571144104 138.40585961937904 1541.3186434656382 443.6969341635704 13174.935984790325 93.660359859466553 123.40373492240906 2223.0924357771873 79.323161363601685 91.19066059589386 321.80379621684551 410.89589661359787 783.70524913072586 1100.370033800602 2677.594437867403 142.39089721441269
leaf_count=40649 8958 6183 5708 19739 23578 3743 159 4248 123 197 3718 89 13989 4490 714 200 5753 257 8347 65 112 2393 104 112 1025 877 2905 5406 3162 124
internal_value=-9.43386e-05 -0.0080333 0.0054932 -0.00451237 -0.0117039 -0.00306059 0.00643577 0.000679519 0.00175696 0.00531651 0.00653154 0.00670219 -0.00752164 -0.00966411 0.000887217 0.0137265 -0.000452235 0.00618861 0.00735266 0.00568874 0.00520276 0.00561657 0.0110929 0.0194373 0.00131921 0.0037487 -0.00456361 -0.00751951 0.00422116 0.00338562
internal_weight=58978.1 24363 34615.1 12437 11926 8392.27 28945.7 5669.44 4418.9 13040.4 6177.46 661.919 4044.72 5981.85 3756.98 194.252 3069.95 5881 15905.3 2730.37 2636.71 2513.31 290.218 170.514 1528.63 467.667 5322.32 1977.96 6862.9 4185.3
internal_count=167127 127460 39667 53337 74123 33165 24458 15209 10961 13166 4172 1289 20172 33474 9672 289 10521 3975 11292 2945 2880 2768 375 216 4768 1000 22644 9896 8994 5832
cat_boundaries=0 1 2 3
cat_threshold=2466 2233 6312
is_linear=0
shrinkage=0.03


Tree=65
num_leaves=31
num_cat=5
split_feature=23 20 20 23 0 0 0 3 20 6 16 3 3 13 3 6 6 21 14 21 9 0 7 13 13 0 23 6 2 23
split_gain=2756.67 364.962 158.205 92.3765 41.6382 39.4633 35.2652 32.4655 27.703 19.4089 18.4147 19.8088 14.2424 14.2276 13.6602 13.5215 12.6367 11.5408 17.0248 13.9756 14.6704 10.4158 11.2723 10.0969 9.74894 13.2936 14.9071 10.7677 10.3748 21.4394
threshold=0.14321074964639322 0.026785714285714288 0.47321428571428575 0.043583790628957376 0 1 2 2.5000000000000004 0.11607142857142859 613.50000000000011 1.0000000180025095e-35 5.5000000000000009 2.5000000000000004 1.0000000180025095e-35 4.5000000000000009 1033.5000000000002 1180.5000000000002 1.8876736180578704 2.5000000000000004 2.0765776293919509 1.0000000180025095e-35 3 0.3535533905932739 1.5000000000000002 2.5000000000000004 4 0.56426576217079016 1195.5000000000002 3.5000000000000004 1.5644362823379114
decision_type=2 2 2 2 1 1 1 2 2 2 2 2 2 2 2 2 2 2 2 2 2 1 2 2 2 1 2 2 2 2
left_child=1 5 4 8 9 -1 13 17 14 -2 11 23 -8 -5 -3 -15 -7 -4 19 -19 -21 22 -10 -11 25 26 -9 -27 29 -26
right_child=2 3 7 6 -6 16 12 24 21 10 -12 -13 -14 15 -16 -17 -18 18 -20 20 -22 -23 -24 -25 28 27 -28 -29 -30 -31
leaf_value=-0.013980976512648983 0.00060864036642129307 -0.0095798517200574897 0.0042730852170215642 -0.0013372246971590711 -0.0018638915586025007 -0.010472757115904952 -0.0068104557586861252 0.015522157601946215 0.004207366076292113 0.0025271232237050558 0.00077762430325142168 0.0083721690371622842 -0.0033816976485282163 0.0079094383869677785 -0.0056979183443903892 -0.0013491675202555156 -0.0042363039627667191 0.020927524429784954 -0.0013003176452132963 0.003411309638809752 0.014834324020048547 -0.006503815776394012 -0.0040257151121648 0.013095936955483375 0.0153095443365872 0.0070683730427483849 0.0057153526223377559 0.0093994882593710517 0.0066709430284257456 0.007814007776075901
leaf_weight=5247.5257456898689 1936.2185681313276 3596.5837392956018 5847.4678764045238 3084.5358207374811 2161.057316660881 4370.0197913497686 1533.6530178338289 142.29185235500336 244.42873112857342 1333.8247688859701 967.97734260559082 1249.9341451525688 3838.1307340860367 319.02886682748795 1074.1395418941975 252.97092513740063 318.93396058678627 101.41141605377197 126.29769951105118 233.79864251613617 180.92246699333191 541.77757951617241 381.72233802080154 86.123721688985825 537.57853645086288 7314.3689285516739 7484.5459331870079 2405.831442296505 1152.482862174511 979.50907874107361
leaf_count=36527 4425 19828 6812 10549 7111 25354 6787 154 925 2925 1663 2105 15720 909 5766 732 1795 96 112 215 159 2309 1525 149 311 4836 5081 1501 527 364
internal_value=-7.4548e-05 -0.00769075 0.00544225 -0.00471454 0.00166612 -0.0121422 -0.00281128 0.00654387 -0.00765554 0.00303377 0.00433069 0.00561585 -0.00435471 -0.000528272 -0.00868981 0.00380908 -0.0100295 0.00469586 0.00852207 0.0109351 0.00843274 -0.0035103 -0.000788075 0.00318114 0.00714248 0.00688006 0.00589339 0.00763901 0.00884227 0.0104823
internal_weight=59045.1 24803.5 34241.6 14867 7735.14 9936.48 9028.32 26506.5 5838.65 5574.08 3637.86 2669.88 5371.78 3656.54 4670.72 572 4688.95 6489.9 642.43 516.133 414.721 1167.93 626.151 1419.95 20016.6 17347 7626.84 9720.2 2669.57 1517.09
internal_count=167272 128726 38546 65050 18378 63676 34697 20168 30353 11267 6842 5179 22507 12190 25594 1641 27149 7394 582 470 374 4759 2450 3074 12774 11572 5235 6337 1202 675
cat_boundaries=0 1 2 3 4 5
cat_threshold=2466 34368 68002 12714 256
is_linear=0
shrinkage=0.03


Tree=66
num_leaves=31
num_cat=5
split_feature=20 22 20 3 20 22 3 3 3 3 0 0 20 22 17 22 20 0 17 21 0 0 13 15 13 14 6 6 6 11
split_gain=2699.33 359.153 177.387 72.6539 45.9257 39.7434 33.1511 28.5521 25.1729 14.2508 13.2085 12.7158 12.7006 11.1691 10.5815 9.91079 9.84448 9.74492 9.2629 15.8155 10.8716 9.02182 8.80186 9.80578 8.78346 7.45868 7.37082 9.32676 10.4902 15.9954
threshold=0.15178571428571433 0.031024547593865439 0.34821428571428575 2.5000000000000004 0.026785714285714288 0.0078229775924323116 3.5000000000000004 3.5000000000000004 5.5000000000000009 4.5000000000000009 0 1 0.99107142857142871 0.1313055839932952 1.5000000000000002 0.067768326051458591 1.9375000000000002 2 2.5000000000000004 1.9905621473186046 3 4 1.0000000180025095e-35 1.0000000180025095e-35 1.0000000180025095e-35 5.5000000000000009 151.50000000000003 493.50000000000006 811.50000000000011 0.73865729060996166
decision_type=2 2 2 2 2 2 2 2 2 2 1 1 2 2 2 2 2 1 2 2 1 1 2 2 2 2 2 2 2 2
left_child=1 5 7 10 21 -1 12 17 13 -7 -3 -9 14 -6 -4 -10 18 -2 20 -20 -8 -5 23 -16 -11 -14 -22 -28 29 -29
right_child=2 3 6 4 8 9 16 11 15 24 -12 -13 25 -15 22 -17 -18 -19 19 -21 26 -23 -24 -25 -26 -27 27 28 -30 -31
leaf_value=-0.014326953059815212 -0.00033963728030229109 -0.004954331496849834 0.0035292999411911056 -0.0098222529826466325 -0.0042421179329574605 -0.011691110812646528 0.0075982515875532381 0.0029041314526476675 -0.0027683801244067275 -0.0089768918227058642 -0.0087616645152889874 -0.0031748113315848243 0.0063821496359442636 0.0012969907532868433 0.0068078984305500086 0.00068910939682468577 -0.0010467220427289084 -0.0041646286726298408 0.0077825764620158494 0.014706969854438938 0.0086385447461543238 -0.004491836976011499 0.003600965828984083 0.016766409995306111 0.001727365802939842 -0.0013061054008931183 0.0034390488132659421 0.0068933945741807808 0.0052759512276749736 0.01512315017957592
leaf_weight=4241.6714360713959 1595.6766525059938 1243.1071795672178 5407.8923781216145 938.67140109837055 3928.5320438593626 3626.3460647761822 7096.0065105557442 3289.1288821101189 1069.2206305861473 2242.1420114785433 3351.1622253805399 333.61827723681927 3911.5957283973694 355.22463148832321 253.72384339570999 2459.3652419447899 134.79667007923126 960.76379026472569 3192.4949092566967 330.66876602172852 806.22356095910072 509.85507337749004 307.61366519331932 141.39836886525154 69.911451861262321 115.31556046009064 1458.8609326481819 1457.3527629673481 3865.8975458145142 251.12254264950752
leaf_count=30559 4456 5570 7192 4867 17268 22665 4002 6953 4492 13319 17248 1112 3701 1269 315 7874 51 3556 1506 134 539 2328 329 163 362 110 1004 1104 3239 143
internal_value=-8.66211e-05 -0.00782361 0.0052401 -0.00467892 -0.00314713 -0.0121021 0.00623183 0.000627681 -0.00223577 -0.0105098 -0.00776394 0.0023412 0.00484877 -0.0037812 0.00398266 -0.000357355 0.00698529 -0.00179817 0.00704432 0.00843816 0.00671458 -0.00805333 0.00745301 0.0104201 -0.00865002 0.00616023 0.00589586 0.00558781 0.00614837 0.00811471
internal_weight=58945.4 24035.2 34910.2 13855.1 9260.87 10180.1 28731 6179.19 7812.34 5938.4 4594.27 3622.75 10137.5 4283.76 6110.63 3528.59 18593.4 2556.44 18458.6 3523.16 14935.5 1448.53 702.736 395.122 2312.05 4026.91 7839.46 7033.23 5574.37 1708.48
internal_count=167430 127821 39609 60916 38098 66905 23532 16077 30903 36346 22818 8065 11810 18537 7999 12366 11722 8012 11671 1640 10031 7195 807 478 13681 3811 6029 5490 4486 1247
cat_boundaries=0 1 2 3 4 5
cat_threshold=8360 2472 2432 2 6148
is_linear=0
shrinkage=0.03


Tree=67
num_leaves=31
num_cat=3
split_feature=20 22 20 3 0 22 0 3 22 7 3 3 20 13 20 16 22 13 3 3 12 12 18 0 12 13 15 11 3 1
split_gain=2698.91 343.162 183.026 83.6441 38.6676 33.5309 30.5681 30.2991 27.5466 22.3129 17.343 16.3611 12.6345 10.5899 10.4321 10.2519 11.0036 10.5362 10.2237 12.0795 10.0771 10.1152 9.0051 8.86999 8.51574 8.42622 16.1209 8.01157 7.82725 7.76556
threshold=0.15178571428571433 0.026017671886788923 0.47321428571428575 4.5000000000000009 0 0.067768326051458591 1 5.5000000000000009 0.0078229775924323116 0.3535533905932739 1.5000000000000002 1.5000000000000002 0.99107142857142871 1.0000000180025095e-35 0.098214285714285726 1.0000000180025095e-35 0.90180379829830981 2.5000000000000004 2.5000000000000004 1.0000000180025095e-35 -0.30164489695395946 -0.95242240592625282 5.5000000000000009 2 -0.21022037796396451 1.0000000180025095e-35 4.5000000000000009 0.15951094710994371 4.5000000000000009 3.5000000000000004
decision_type=2 2 2 2 1 2 1 2 2 2 2 2 2 2 2 2 2 2 2 2 2 2 2 1 2 2 2 2 2 2
left_child=1 8 4 6 9 13 -3 12 -1 15 -8 -6 18 -5 -7 17 -17 -2 19 -4 21 27 -9 -13 -22 -14 29 -20 -10 -27
right_child=2 3 7 5 11 14 10 22 28 -11 -12 23 25 -15 -16 16 -18 -19 20 -21 24 -23 -24 -25 -26 26 -28 -29 -30 -31
leaf_value=-0.014288372967732095 0.0044978852976873662 -0.0093546311621665792 0.0057177612516374331 -0.005472474298807168 -0.0068601842463818239 -0.0018420769176465659 -0.0077444628998631386 0.007530853055890286 -0.011887423327953979 -0.00023739506258278382 -0.0042694470001439994 0.00062573536575558368 0.0053651865602125067 0.0023875983666742651 0.0014201915732634937 0.00046187314392945669 0.010670928899483857 0.017757928651804131 0.0020867915219882466 0.0022914888371231858 -0.0028176441027980528 0.0086079837404283797 0.012338988950281068 -0.0041458780802376607 0.0049858790320302538 0.0099485696545206642 0.019169138206785331 0.0099675800444841318 -0.009275413831248103 0.00653425417000529
leaf_weight=4169.9712284058332 2978.5088139623404 3126.3081329613924 1598.7276318669319 2525.3324440866709 483.10054667294025 2314.5711197406054 2090.5275134146214 10815.142294645309 2776.581406712532 1707.0912250429392 3439.0180546194315 1319.1218462586403 2843.5748910903931 162.66050304472446 1422.5355152785778 1040.63339368999 103.77340567111969 54.393370419740677 469.36814934015274 2226.5170586407185 129.86992448568344 1579.4313814043999 368.31616902351379 465.19280457496643 2941.5945900380611 757.62512588500977 104.05560708045959 154.99742048978806 1736.9304366856813 3148.9386810064316
leaf_count=30475 5473 17011 1641 11948 1810 8408 10209 5004 17948 4463 15387 3754 2563 665 4509 1822 94 80 432 3191 137 1448 131 1642 2747 597 54 147 10728 2510
internal_value=4.43215e-05 -0.00777078 0.00530729 -0.00503406 0.00136417 -0.00243885 -0.00695924 0.00649142 -0.012522 0.00264457 -0.0055754 -0.0019588 0.00564989 -0.00499389 -0.000598636 0.00382985 0.00140136 0.00474345 0.00491333 0.00372616 0.00577217 0.00732621 0.00769083 -0.000636265 0.00465316 0.0066261 0.00751705 0.00406559 -0.0108859 0.00720033
internal_weight=59054.4 23764.4 35290 15081 8151.82 6425.1 8655.85 27138.2 8683.48 5884.4 5529.55 2267.42 15954.7 2687.99 3737.11 4177.31 1144.41 3032.9 9100.51 3825.24 5275.26 2203.8 11183.5 1784.31 3071.46 6854.19 4010.62 624.366 4513.51 3906.56
internal_count=167028 127288 39740 68137 19138 25530 42607 20602 59151 11932 25596 7206 15467 12613 12917 7469 1916 5553 9743 4832 4911 2027 5135 5396 2884 5724 3161 579 28676 3107
cat_boundaries=0 1 2 3
cat_threshold=2432 70660 42
is_linear=0
shrinkage=0.03


Tree=68
num_leaves=31
num_cat=3
split_feature=20 22 23 7 22 23 23 22 20 3 13 20 13 22 20 6 13 3 22 20 22 6 0 3 0 22 7 0 14 22
split_gain=2591.39 330.493 165.775 74.7705 37.6289 29.219 27.92 27.9179 26.2905 12.9658 12.8922 12.4165 12.3237 13.3416 12.2614 11.3591 11.355 11.3089 11.0636 10.2531 9.92976 9.12996 8.74427 8.72974 8.91041 13.7772 8.59279 8.42749 8.2461 8.10211
threshold=0.15178571428571433 0.02904877199003093 0.28132851758793975 -1.0000000180025095e-35 0.0078229775924323116 1.0134693877551022 0.1108440170940171 0.067768326051458591 0.062500000000000014 2.5000000000000004 1.0000000180025095e-35 1.0000000180025095e-35 1.0000000180025095e-35 0.15436204275845475 0.29464285714285715 19.500000000000004 1.5000000000000002 4.5000000000000009 0.085549068571874942 0.22321428571428573 0.098892747284012414 1210.5000000000002 0 5.5000000000000009 1 0.10070289018693793 0.3535533905932739 2 1.0000000180025095e-35 0.93213278419381618
decision_type=2 2 2 2 2 2 2 2 2 2 2 2 2 2 2 2 2 2 2 2 2 2 1 2 1 2 2 1 2 2
left_child=1 4 6 7 -1 10 15 11 18 27 21 -3 19 14 -14 -2 22 -6 -5 -8 -18 -4 -17 28 25 -25 -24 -10 -9 -23
right_child=2 3 5 8 17 -7 12 23 9 -11 -12 -13 13 -15 -16 16 20 -19 -20 -21 -22 29 26 24 -26 -27 -28 -29 -30 -31
leaf_value=-0.01433085340971409 0.017580444810427642 -0.010521364368740906 0.0038470838791085757 -0.0095612764756054392 -0.011597941204400239 0.0070823143066282863 -0.0010475264524261749 -0.0038076411576861368 -0.004121005797820443 -0.0033737852307923941 0.0060780255429123712 -0.0040892929430066749 0.0057316691159385131 0.002848254883827602 0.018006729204278895 -0.0073150513673249026 0.021512010941995618 -0.0087025319406474795 -0.0054649242591309089 0.0025881763211860411 0.00084893878806013715 0.0049759046817871187 0.00049230539230054368 0.001827910595609809 -0.00086700397721822472 0.01725143974424893 -0.0033613913547899548 -0.0079061728784373328 0.0061774246714536574 0.0096211051017260404
leaf_weight=4112.0702715218067 26.06131686270237 312.26245783269405 6668.5800751447678 2864.4586766660213 3205.7037657350302 13073.638427197933 1081.3727219700813 993.67800368368626 909.50517961382866 1906.4391521960497 7316.5027036964893 2071.5708641260862 211.75141739845276 780.53065276145935 114.14905071258545 272.53062345087528 32.202741995453835 2026.5774743109941 764.52285525202751 1957.104516685009 58.625801891088486 1167.8399062156677 927.46155643463135 612.96766369044781 1981.0717849880457 56.1992167532444 1178.8456695228815 1703.9493321329355 79.137548848986626 485.11529093980789
leaf_count=30485 47 1637 7843 15785 20716 6312 2851 3964 4002 8225 6984 9391 501 1398 168 1085 105 12394 3558 3829 140 1389 2830 1862 6614 137 3877 8358 305 380
internal_value=-9.29761e-05 -0.00779108 0.00504594 -0.00491557 -0.0121763 0.00603392 0.000773112 -0.00240373 -0.00679671 -0.00526431 0.00515667 -0.00493842 0.00228297 0.00499433 0.0100914 -0.00173197 -0.00194522 -0.0104795 -0.00870169 0.00129236 0.00839474 0.00434524 -0.00234591 -0.000778297 0.000144051 0.0031096 -0.00165438 -0.00663928 -0.00306043 0.00634782
internal_weight=58952.4 23600.1 35352.3 14255.8 9344.35 28711.7 6640.64 6106.89 8148.88 4519.89 15638 2383.83 4144.91 1106.43 325.9 2495.73 2469.67 5232.28 3628.98 3038.48 90.8285 8321.54 2378.84 3723.05 2650.24 669.167 2106.31 2613.45 1072.82 1652.96
internal_count=167172 127433 39739 63838 63595 22908 16831 23910 39928 20585 16596 11028 8747 2067 669 8084 8037 33110 19343 6680 245 9612 7792 12882 8613 1999 6707 12360 4269 1769
cat_boundaries=0 1 2 3
cat_threshold=4101 2080 168
is_linear=0
shrinkage=0.03


Tree=69
num_leaves=31
num_cat=5
split_feature=20 22 20 23 23 7 22 0 7 6 7 20 7 13 14 11 13 6 0 6 6 0 22 8 22 0 0 22 12 16
split_gain=2521.17 337.077 159.497 87.5492 35.4206 26.2285 24.4681 22.9721 20.5618 16.7134 16.6991 15.9211 11.8367 11.174 11.8924 22.2776 10.7787 9.07925 9.02971 8.72119 10.1178 8.66266 13.0101 7.83393 7.75593 8.90527 7.72895 7.72822 8.22337 7.68281
threshold=0.15178571428571433 0.025119845311482949 0.47321428571428575 0.068874293012224058 0.13427827306420917 -1.0000000180025095e-35 0.0078229775924323116 0 -1.0000000180025095e-35 565.50000000000011 -1.0000000180025095e-35 0.044642857142857144 0.3535533905932739 3.5000000000000004 1.5000000000000002 -0.35846811432664222 1.0000000180025095e-35 805.50000000000011 1 349.50000000000006 1300.5000000000002 2 0.10070289018693793 0.35355339059327379 0.068969548426628405 3 4 0.049697549984171425 -0.14250536273956091 6.5000000000000009
decision_type=2 2 2 2 2 2 2 1 2 2 2 2 2 2 2 2 2 2 1 2 2 1 2 2 2 1 1 2 2 2
left_child=1 6 4 8 12 29 -1 19 24 -6 21 -10 18 -7 15 -15 -11 -16 -2 -5 -21 22 -9 -18 -3 -26 -13 28 -22 -4
right_child=2 3 5 7 9 13 -8 10 11 16 -12 26 -14 14 17 -17 23 -19 -20 20 27 -23 -24 -25 25 -27 -28 -29 -30 -31
leaf_value=-0.014230002988936438 0.0017322320343013673 -0.005620156720486701 0.0068099423020970395 -0.0027622425566053406 0.00011143946160916119 0.0048394827770576864 -0.010948536947652847 0.00088572905365295938 -0.010137237351995466 0.0028870987700862403 -0.0038283127284809266 -0.0050319315870184823 -0.0032333116332825028 0.02364729512167545 -0.0020466197904311484 0.0067760708457320733 0.0039529112532260512 0.0089660964017767714 -0.0042548641755757264 -0.0087877851813868233 0.023763943467780359 -0.0014407413721314838 0.014173178029364219 0.0094310949973872901 -0.0047450633712039373 0.0036392532845184668 -0.0081004011122407012 -0.0079832468254451717 0 0.011825711981405486
leaf_weight=4074.9079213738441 1163.8718300908804 1420.8309206962585 14686.037968993187 470.42548908293247 1528.6755084991455 11894.850389569998 4220.525456354022 794.07498362660408 2284.7483644634485 2769.3033632338047 2448.2089771777391 1420.2189586311579 1489.9575296342373 114.42130845785141 110.34575563669205 187.65771776437759 497.60281437635422 167.82985663414001 269.93195997178555 886.25010830163956 19.405248016119003 2745.9574161320925 71.543656349182129 458.08407035470009 245.0821702927351 194.96168711781502 2101.629015520215 45.410625234246254 37.901772767305374 284.47768324613571
leaf_count=30645 3388 7241 7630 2031 3014 12435 27485 2470 13442 5165 10175 7045 5007 92 95 146 815 128 1003 4234 79 9642 187 722 1071 862 10786 203 155 97
internal_value=-6.77794e-05 -0.00769915 0.00496259 -0.00504147 0.0012839 0.00605835 -0.0125627 -0.00273948 -0.00729749 0.00275702 -0.00191244 -0.00817862 -0.0013611 0.00503966 0.00911756 0.0132433 0.00384079 0.00458443 0.000581141 -0.00611088 -0.00775501 -0.000616642 0.00198307 0.00659212 -0.00454192 -0.00104203 -0.00690377 0.0010968 0.00840834 0.00690644
internal_weight=59105.1 23482.1 35623 15186.6 8177.43 27445.6 8295.43 7519.18 7667.47 5253.67 6059.79 5806.6 2923.76 12475.1 580.255 302.079 3724.99 278.176 1433.8 1459.39 988.968 3611.58 865.619 955.687 1860.87 440.044 3521.85 102.718 57.307 14970.5
internal_count=167490 127753 39737 69623 19114 20623 58130 29176 40447 9716 22474 31273 9398 12896 461 238 6702 223 4391 6702 4671 12299 2657 1537 9174 1933 17831 437 234 7727
cat_boundaries=0 1 2 3 4 5
cat_threshold=4100 10408 2080 2049 8248
is_linear=0
shrinkage=0.03


Tree=70
num_leaves=31
num_cat=2
split_feature=23 22 21 21 3 22 21 13 13 23 0 0 13 3 3 12 6 22 3 13 22 21 21 3 21 22 6 6 6 6
split_gain=2427.05 341.349 154.275 58.5557 41.647 34.6796 28.1282 26.9669 19.7021 17.8327 16.8603 15.0862 12.5655 11.5568 10.6379 10.629 11.4945 10.583 9.89288 11.2645 9.20961 9.11866 26.1435 10.655 10.116 8.62451 10.0771 8.59998 8.57388 8.19613
threshold=0.13010914355718903 0.02904877199003093 0.56393125945271683 0.36816581414060384 2.5000000000000004 0.0078229775924323116 0.13363062095621173 1.0000000180025095e-35 1.0000000180025095e-35 0.60048076923076932 0 1 1.0000000180025095e-35 2.5000000000000004 5.5000000000000009 -0.42958798411962301 799.50000000000011 0.084558093781379184 4.5000000000000009 1.0000000180025095e-35 0.081055205099071895 2.8389108382124317 3.3193146343606732 2.5000000000000004 2.3334793926020674 0.90180379829830981 1240.5000000000002 127.50000000000001 187.50000000000003 157.50000000000003
decision_type=2 2 2 2 2 2 2 2 2 2 1 1 2 2 2 2 2 2 2 2 2 2 2 2 2 2 2 2 2 2
left_child=1 5 8 4 -3 -1 -6 9 10 27 -2 14 20 -13 -5 -16 -17 -12 -7 -20 -8 23 -23 -9 29 -11 -27 -4 -15 -25
right_child=2 3 7 11 6 18 12 21 -10 25 17 13 -14 28 15 16 -18 -19 19 -21 -22 22 -24 24 -26 26 -28 -29 -30 -31
leaf_value=-0.014290923569261038 0.0025472357309800297 -0.0084576276991306099 0.0080129417002160752 -0.0010090665158494197 -0.0096869069733865679 -0.011594608169498116 -0.0049433005473328582 0.0048665491401163191 0.0045560974212219829 0.0035188877795806193 -0.0054345814922868649 -0.0067194117106285697 0.0019187070285908933 0.0056489577316638706 -0.0024950190863091974 0.0038232348285587112 0.020221685946254866 -0.00084302743768512533 -0.009226177580127698 0.0043344814373085395 -0.002128129022709454 0.019139719851644237 0.0052002591043193106 0.0088879310056418047 0.00086245307735898478 0.0054294847850506539 0.0088716167979600389 0.0026248780462893124 -0.0028638701436596394 0.006568591299696112
leaf_weight=3989.6933788955212 1219.0444553345442 3812.8445972651243 287.46587032079697 2335.5312904119492 791.77938111126423 3111.6401299834251 3153.5189775377512 3507.324115306139 815.2423107624054 1832.0841896533966 530.64001674950123 775.56922040879726 343.8385936319828 120.62146897614002 97.439316555857658 106.84251765906811 60.758091896772385 3050.7486110776663 1896.4032255709171 55.618929728865623 1581.7564230114222 193.16644644737244 329.32926625013351 1599.9296984672546 260.35116821527481 6794.3263754844666 872.77440583705902 3808.909374833107 838.38496068120003 10865.359035432339
leaf_count=30437 3184 20288 413 7307 4309 20588 15135 3796 2002 1514 2202 3364 1435 455 269 295 135 8898 11914 302 6584 81 144 850 121 5124 543 5814 3207 6534
internal_value=-5.62338e-05 -0.0076506 0.00481538 -0.00471695 -0.00601442 -0.0121916 -0.00442549 0.00566051 0.000246435 0.0046654 -0.000485008 -0.00181661 -0.00360236 -0.00397287 -0.000358468 0.00532083 0.00988822 -0.00152209 -0.0105338 -0.0088347 -0.00400484 0.00646727 0.0103919 0.00633995 0.00674514 0.00537982 0.0058232 0.00300632 -0.00178213 0.00686745
internal_weight=59038.9 23072.2 35966.7 14018.9 9683.74 9053.36 5870.89 30351 5615.68 13595.6 4800.43 4335.15 5079.11 1734.58 2600.57 265.04 167.601 3581.39 5063.66 1952.02 4735.28 16755.5 522.496 16233 12725.6 9499.18 7667.1 4096.38 959.006 12465.3
internal_count=167244 126024 41220 62783 47751 63241 27463 24934 16286 13408 14284 15032 23154 7026 8006 699 430 11100 32804 12216 21719 11526 225 11301 7505 7181 5667 6227 3662 7384
cat_boundaries=0 1 2
cat_threshold=2336 2466
is_linear=0
shrinkage=0.03


Tree=71
num_leaves=31
num_cat=5
split_feature=20 23 23 0 0 13 7 0 7 23 7 21 13 13 20 19 15 0 20 6 0 7 23 21 18 6 13 9 21 21
split_gain=2401.2 288.039 179.713 66.9385 48.2755 33.4569 28.9527 18.6646 17.6103 17.1279 15.6169 15.5493 13.9227 13.6735 12.4067 11.3073 10.0866 10.0772 9.8549 9.82295 9.582 9.00385 12.8321 8.78805 10.6453 8.63485 8.5288 9.2997 8.38194 9.37156
threshold=0.13392857142857145 0.033538300026245742 0.19614048150905936 0 1 1.0000000180025095e-35 -1.0000000180025095e-35 2 0.3535533905932739 0.65230646871686127 -1.0000000180025095e-35 0.20723205905420547 3.5000000000000004 1.0000000180025095e-35 1.9375000000000002 0.81250000000000011 7.5000000000000009 3 0.062500000000000014 1180.5000000000002 4 0.3535533905932739 0.38950428396572834 1.8876736180578704 5.5000000000000009 727.50000000000011 1.0000000180025095e-35 0.87837969732492682 2.6753740757250477 1.4278082376973253
decision_type=2 2 2 1 1 2 2 1 2 2 2 2 2 2 2 2 2 1 2 2 1 2 2 2 2 2 2 2 2 2
left_child=1 3 7 -1 6 9 13 8 17 -4 19 -6 14 -3 16 -10 21 -2 -12 20 -5 -7 -23 24 -11 -25 -19 -28 29 -14
right_child=2 4 5 10 11 12 -8 -9 15 23 18 -13 28 -15 -16 -17 -18 26 -20 -21 -22 22 -24 25 -26 -27 27 -29 -30 -31
leaf_value=-0.013912156951919623 0.0087898878016014117 -0.0017731624724515102 0.0031480437155087778 0.0032245195436081259 -0.0090953732332062689 0.0064473744051722574 -0.0049490263257380672 -0.0042269201255573383 -0.0021213962491386665 0.0054396932309318784 -0.010814971339645495 -0.004973696781311189 0.010415754599625402 0.0046174841795025758 -0.0037103954938972603 0.0066097470129524161 0.014770966164100056 0.00059826846646000029 -0.0077515183954719362 0.0011314387357441718 -0.0077875858544261467 0.00057909284411777906 0.0056487300632852037 0.0089484427742865559 0.014879133226228707 0.00098956275844802209 0.0035988342814507264 0.016618071343350579 0.015526504414782065 0.0058065190029391502
leaf_weight=4941.1654967516661 184.37239104509354 3486.4668068885803 5638.5399295836687 73.861851647496223 2003.5716917365789 12453.426122456789 3695.1126153916121 952.37934048473835 2020.0213193893433 8007.8939620554447 3421.0690795779228 1421.9235675632954 862.1385760307312 328.43291296064854 113.49707865715027 141.6909322142601 122.66295683383942 1606.4583591222763 1349.5237375050783 141.7972968518734 1164.7953035831451 588.84963700175285 1937.0092054307461 147.82568436861038 109.11624521017075 715.23404628038406 382.25836843252182 56.396838292479515 160.02048975229263 761.59843438863754
leaf_count=37325 390 12988 8786 338 11374 8171 16946 3778 6271 5971 21833 6631 493 1096 52 265 45 4543 7204 818 7079 980 1836 103 63 448 980 139 54 349
internal_value=-3.04755e-05 -0.00787078 0.004642 -0.0112772 -0.00441424 0.00550197 -0.0030521 -0.00044536 0.00038296 0.00444761 -0.00912028 -0.00736667 0.006408 -0.00122034 0.00611187 -0.00154354 0.00618633 0.00225516 -0.00995143 -0.00630452 -0.00716083 0.00611465 0.00446992 0.0052625 0.00556914 0.00236849 0.00160828 0.00532032 0.00892579 0.00826243
internal_weight=58989.1 22027.7 36961.4 11092.2 10935.5 31617.8 7510.01 5343.58 4391.2 14618.6 6151.05 3425.5 16999.2 3814.9 15215.4 2161.71 15101.9 2229.49 4770.59 1380.45 1238.66 14979.3 2525.86 8980.07 8117.01 863.06 2045.11 438.655 1783.76 1623.74
internal_count=167349 123632 43717 74597 49035 27351 31030 16366 12588 15371 37272 18005 11980 14084 11084 6536 11032 6052 29037 8235 7417 10987 2816 6585 6034 551 5662 1119 896 842
cat_boundaries=0 1 2 3 4 5
cat_threshold=34368 67769 2474 386 28
is_linear=0
shrinkage=0.03


Tree=72
num_leaves=31
num_cat=3
split_feature=20 22 23 23 22 0 0 3 3 13 3 13 22 6 20 6 12 20 16 22 0 22 7 21 22 13 16 14 6 6
split_gain=2360.75 365.255 112.231 92.1676 25.3915 24.3729 24.1927 22.4313 21.8303 20.6643 19.2855 15.5418 14.9424 14.6904 14.1059 12.7765 11.6567 11.5822 11.4874 9.06999 15.5605 8.01386 7.75222 8.13665 7.64475 9.0614 7.66992 7.5043 7.43875 15.5528
threshold=0.16964285714285718 0.025119845311482949 0.38950428396572834 0.068874293012224058 0.0078229775924323116 0 1 2.5000000000000004 5.5000000000000009 1.0000000180025095e-35 5.5000000000000009 1.0000000180025095e-35 0.90180379829830981 1205.5000000000002 0.026785714285714288 1230.5000000000002 0.04621408538533487 0.098214285714285726 6.5000000000000009 0.038269862512117218 2 0.062277466920423276 1.0000000180025095e-35 1.9905621473186046 0.28089233529955454 1.5000000000000002 1.5000000000000002 1.5000000000000002 559.50000000000011 391.50000000000006
decision_type=2 2 2 2 2 1 1 2 2 2 2 2 2 2 2 2 2 2 2 2 1 2 2 2 2 2 2 2 2 2
left_child=1 4 5 7 -1 8 10 17 16 12 -5 15 -4 22 -9 21 27 -3 28 -16 -21 -8 -14 -24 25 26 -10 -2 29 -11
right_child=2 3 9 6 -6 -7 11 14 24 18 -12 -13 13 -15 19 -17 -18 -19 -20 20 -22 -23 23 -25 -26 -27 -28 -29 -30 -31
leaf_value=-0.014253726340620077 0.0023761567743775811 -0.0095390343691538135 0.0029072959156263771 -0.0028632728094986366 -0.010845033724276398 -0.001453113143900741 -0.0097721802887540607 -0.0085512687424822275 0.0051175881248313512 0.0065170255166050505 0.00067532610670812277 0.004242522471558899 0.005866437873572797 0.0084867447204561384 -0.0069712872874733113 0.00038338480895802629 0.0002703763799517728 -0.0057017790986123159 0.013301606566985919 0.0030865744535337777 -0.0042950688828610993 -0.0052844066865409432 0.0043237675611199596 -0.0013661991691512896 0.011970517517750089 0.01273280805506986 -0.0022183937750688493 0.0065088685310849374 0.0070187819243079496 0.0028106806005645532
leaf_weight=3898.9182501584291 2246.860147356987 2925.3460085839033 2582.5030684769154 3151.7334997355938 4075.6919579803944 1565.8498892486095 471.33533877134323 947.72708733379841 1147.5749904811382 4304.4254461824894 2469.2485810518265 156.2040087133646 4130.1361070871353 1282.2923223972321 838.09531882405281 290.14023196697235 2489.7079576849937 953.8833836466074 229.10955691337585 293.03873115777969 1801.7697077393532 1583.3811549842358 3042.957297295332 242.20523428916931 162.34989795088768 126.35616284608841 142.61336228251457 482.91528540849686 9637.4198954999447 1346.3331024944782
leaf_count=30584 4696 16858 2511 12468 27394 4831 2417 5609 1687 2698 7433 610 2563 856 4448 1199 5269 4687 75 1288 8633 7027 3145 210 222 161 200 809 5704 946
internal_value=8.77719e-06 -0.00727518 0.00495105 -0.00464371 -0.0125139 0.00191596 -0.00240829 -0.00698208 0.00269111 0.00589806 -0.00130556 -0.00485804 0.0049178 0.00551367 -0.00536268 -0.0054891 0.00175778 -0.00859873 0.0066099 -0.00432772 -0.00326439 -0.00632104 0.00499766 0.00390215 0.00578667 0.00506576 0.00430095 0.00311157 0.00650836 0.00563568
internal_weight=59018.1 23856.5 35161.6 15881.9 7974.61 8364.23 8122.04 7759.86 6798.38 26797.4 5620.98 2501.06 11280.1 8697.59 3880.63 2344.86 5219.48 3879.23 15517.3 2932.9 2094.81 2054.72 7415.3 3285.16 1578.89 1416.54 1290.19 2729.78 15288.2 5650.76
internal_count=167238 130655 36583 72677 57978 17875 31154 41523 13044 18708 19901 11253 9285 6774 19978 10643 10774 21545 9423 14369 9921 9444 5918 3355 2270 2048 1887 5505 9348 3644
cat_boundaries=0 1 2 3
cat_threshold=2434 67753 40
is_linear=0
shrinkage=0.03


Tree=73
num_leaves=31
num_cat=5
split_feature=20 22 23 3 22 21 23 0 3 15 3 7 22 6 6 0 0 3 0 7 19 21 23 19 20 21 21 20 0 21
split_gain=2237.1 310.167 157.284 64.1033 41.18 39.019 29.9553 23.3326 22.7097 17.3443 13.6911 12.3736 12.262 12.064 12.8463 11.8742 11.6067 11.5764 10.6955 11.6615 13.1089 13.0532 14.4836 18.2011 25.9484 39.5942 14.9023 10.0325 10.0359 9.10804
threshold=0.13392857142857145 0.031024547593865439 0.24506557589923389 2.5000000000000004 0.0078229775924323116 0.13363062095621173 1.0134693877551022 0 5.5000000000000009 7.5000000000000009 2.5000000000000004 0.3535533905932739 0.067768326051458591 1220.5000000000002 1355.5000000000002 1 2 4.5000000000000009 3 0.3535533905932739 1.9375000000000002 1.438681755915882 0.84596249521622668 1.3125000000000002 1.2767857142857146 1.572439166518165 2.0765776293919509 1.1875000000000002 4 0.59434565132316186
decision_type=2 2 2 2 2 2 2 1 2 2 2 2 2 2 2 1 1 2 1 2 2 2 2 2 2 2 2 2 1 2
left_child=1 4 7 16 -1 -5 9 11 -7 13 -9 29 -10 18 -15 -16 -3 -6 19 20 21 -4 23 24 25 -23 -27 28 -8 -2
right_child=2 3 6 5 17 8 27 10 12 -11 -12 -13 -14 14 15 -17 -18 -19 -20 -21 -22 22 -24 -25 -26 26 -28 -29 -30 -31
leaf_value=-0.014214676157073265 0.0013698468218434942 -0.0047446372779690067 0.0047547714114565091 -0.0093114212622652064 -0.011261036380760179 -0.0038929464386010413 0.0068202488636127587 -0.0063031004608901965 -0.0031768808742947772 0.018825517832926429 -0.00080558171955473707 -0.0002667430872575791 0.00067621981005199145 0.0075720811416996525 -0.00011775743778899076 0.0055744479855013782 -0.0086488053198839256 -0.0084025010472222085 0.0020107991435202948 0.0032490759871693902 -0.0014553055847653974 0.021132685267223242 0.0041162209291586037 0.0029300221785043541 0.023675503452416435 0.0080913303716839014 -0.0058278274606853786 0.0077646929608248877 0.004854978079562069 0.005081045385570658
leaf_weight=3851.6356130242348 1581.8520935326815 1028.0972512960434 4779.0385524332523 813.67690899968147 3345.8503421247005 4109.1762360036373 5299.2906786799431 612.29023657739162 1098.8422890752554 74.879718124866486 1226.7125537991524 2276.4462801367044 2288.0332393497229 1995.4225970506668 467.34695690870285 1145.5975440740585 2997.5795926898718 2131.5286482572556 2132.784310400486 4778.8887812495232 252.74447470903397 166.60634428262711 510.67613875865936 211.53009700775146 157.89061367511749 180.77901011705399 110.45837831497192 3500.8098481893539 4876.871980547905 960.47343978285789
leaf_count=30650 4280 4864 4365 4387 22578 18751 2413 2578 4876 42 4132 6200 7542 1926 502 1123 16450 13397 3710 5544 170 135 352 150 99 140 89 1210 2765 1727
internal_value=-3.57986e-05 -0.0077031 0.00441749 -0.00458006 -0.011831 -0.00307298 0.00532555 0.000237192 -0.00239386 0.00448154 -0.00262738 0.00133465 -0.000572683 0.00441648 0.00595898 0.00395619 -0.00768792 -0.0101515 0.00399654 0.00436994 0.00521615 0.00549298 0.00811982 0.0105761 0.0131841 0.00950922 0.00278977 0.00637159 0.00589103 0.00277572
internal_weight=58963.8 21664.4 37299.4 12335.4 9329.01 8309.73 30641.6 6657.77 7496.05 16964.6 1839 4818.77 3386.88 16889.8 3608.37 1612.94 4025.68 5477.38 13281.4 11148.6 6369.72 6116.98 1337.94 827.264 615.734 457.844 291.237 13677 10176.2 2542.33
internal_count=167147 123495 43652 56870 66625 35556 24735 18917 31169 18347 6710 12207 12418 18305 3551 1625 21314 35975 14754 11044 5500 5330 965 613 463 364 229 6388 5178 6007
cat_boundaries=0 1 2 3 4 5
cat_threshold=2466 256 8360 2306 2
is_linear=0
shrinkage=0.03


Tree=74
num_leaves=31
num_cat=0
split_feature=20 22 23 23 22 23 3 21 20 13 3 23 13 21 15 18 3 22 3 19 3 13 1 20 21 3 13 22 11 10
split_gain=2195.64 337.162 129.155 71.0364 31.2794 28.5019 20.9531 20.1758 15.8359 15.6091 14.1441 14.0161 13.9809 13.9366 13.071 9.37466 8.48314 8.25944 8.08817 8.03197 11.4946 7.6869 7.43031 7.40382 7.13496 6.74365 6.70411 9.15466 7.60692 9.91441
threshold=0.15178571428571433 0.027766178885545119 0.21065531475748198 0.075652963888258026 0.0078229775924323116 0.72010362694300534 2.5000000000000004 0.13363062095621173 0.026785714285714288 1.0000000180025095e-35 5.5000000000000009 0.087068004459308818 3.5000000000000004 3.633515372553564 4.5000000000000009 5.5000000000000009 4.5000000000000009 0.057231309977589219 5.5000000000000009 1.1875000000000002 4.5000000000000009 1.0000000180025095e-35 2.5000000000000004 0.062500000000000014 0.39040935003717808 5.5000000000000009 1.0000000180025095e-35 0.90180379829830981 -0.9905448150984083 -0.22252093395631442
decision_type=2 2 2 2 2 2 2 2 2 2 2 2 2 2 2 2 2 2 2 2 2 2 2 2 2 2 2 2 2 2
left_child=1 4 9 6 -1 14 23 -8 -5 11 24 25 13 15 19 26 -6 -9 -19 -4 22 -18 -21 -3 -10 -2 27 -7 -29 -30
right_child=2 3 5 8 16 12 7 17 10 -11 -12 -13 -14 -15 -16 -17 21 18 -20 20 -22 -23 -24 -25 -26 -27 -28 28 29 -31
leaf_value=-0.014257981745724254 -0.0039495141708313477 -0.0096804574233457629 0.0034134392439282161 -0.0063288518280848489 -0.01159666622330964 0.0026888953623131952 -0.010674066098967237 -0.0058044190598705017 -0.0038461221506414459 0.0032246628735640138 -0.00033809308217403475 0.00039456360803955014 0.0085986490204894156 -0.0030990856298170931 0.015514583290122529 0.010017857048532246 -0.0092517484046980483 -0.0037899448705086616 0.0014423122814141273 0 0.01626831309914805 0.0023582371576272953 0.0056690542984340446 -0.0069343849862555026 0.00030437656282550937 0.0039069002104773496 0.0060390417502173971 0.010294010716071956 0.0037252023374885852 0.0061979548028336306
leaf_weight=3784.1528147011995 1307.9914769530296 1797.1051517426968 8792.5619037151337 817.19781166315079 2804.5735736191273 1423.8976459801197 508.26982280611992 1591.5079218447208 2677.4659462571144 997.71293772757053 2837.7646561414003 2430.2450425922871 1503.4511549472809 163.50412583351135 86.099998116493225 437.63997632265091 1734.9592926949263 1389.1182735711336 326.35248765349388 233.8258068561554 84.956122577190399 51.672014802694321 1803.8133076429367 1825.017787232995 429.79366207122803 104.76733568310738 10826.397385597229 272.06347382068634 2578.5797053575516 3436.645459651947
leaf_count=30542 4620 10766 11946 3864 19509 1081 3020 8291 11287 2479 9477 6269 604 77 61 188 11360 6678 1378 243 64 292 1737 9473 1569 320 5832 174 1780 2293
internal_value=-0.000102954 -0.00745642 0.00444699 -0.00463947 -0.0122304 0.00514511 -0.00666311 -0.00510498 -0.00241225 -0.000115427 -0.0018719 -0.000984749 0.00580317 0.00558282 0.00390939 0.00565811 -0.0105552 -0.00424426 -0.0027908 0.00381589 0.00547774 -0.00891148 0.00501715 -0.00830079 -0.00327018 -0.0033603 0.00555432 0.00487231 0.00536533 0.00513974
internal_weight=59059.1 22575 36484.2 14199.6 8375.36 31643.4 7437.37 3815.25 6762.22 4840.72 5945.02 3843 20642.2 19138.7 11001.3 18975.2 4591.2 3306.98 1715.47 10915.2 2122.6 1786.63 2037.64 3622.12 3107.26 1412.76 18537.6 7711.19 6287.29 6015.23
internal_count=167274 127506 39768 65803 61703 26080 39606 19367 26197 13688 22333 11209 12029 11425 14051 11348 31161 16347 8056 13990 2044 11652 1980 20239 12856 4940 11160 5328 4247 4073
is_linear=0
shrinkage=0.03


Tree=75
num_leaves=31
num_cat=2
split_feature=20 22 20 3 22 3 7 3 21 22 22 20 3 13 22 6 6 6 13 11 13 3 3 0 13 11 0 13 21 22
split_gain=2132.01 319.134 118.386 67.4595 34.4057 31.9868 27.2915 30.6712 25.187 23.5911 15.7856 13.1532 13.1196 12.3448 12.8616 11.6425 11.6167 12.6543 11.2666 10.3744 9.069 8.39282 7.9687 7.88757 7.8548 8.85554 7.75967 7.69104 14.6215 12.6741
threshold=0.15178571428571433 0.027766178885545119 0.33035714285714296 4.5000000000000009 0.0078229775924323116 2.5000000000000004 1.0000000180025095e-35 1.5000000000000002 0.13363062095621173 0.085549068571874942 0.10070289018693793 0.098214285714285726 2.5000000000000004 1.0000000180025095e-35 0.067768326051458591 1250.5000000000002 127.50000000000001 1210.5000000000002 3.5000000000000004 0.73865729060996166 1.5000000000000002 4.5000000000000009 6.5000000000000009 0 1.5000000000000002 0.40614137006726808 1 1.0000000180025095e-35 2.8389108382124317 0.88301361223524477
decision_type=2 2 2 2 2 2 2 2 2 2 2 2 2 2 2 2 2 2 2 2 2 2 2 1 2 2 1 2 2 2
left_child=1 4 5 9 -1 24 27 -8 -5 11 -7 -3 -11 14 15 -10 -9 18 19 -18 -12 -6 -22 -13 -2 -26 -17 -4 29 -29
right_child=2 3 6 8 21 10 7 16 13 12 20 23 -14 -15 -16 26 17 -19 -20 -21 22 -23 -24 -25 25 -27 -28 28 -30 -31
leaf_value=-0.014219911539573589 -0.0033159391174154085 -0.0084690046516906793 0.0049637239098344671 -0.0084112520990234953 -0.011366541212204064 -0.0013560737463124213 0.00027823591130511958 0.0081642449877768752 -0.0054431494336465496 -0.0061138326375513819 0.0026214921161009604 0.0025980127077590938 -0.0021318505736379772 0.0027250745401726901 -0.0010047521259603704 0.0061538733300835514 0.0041050072008085269 0.006363875863569797 0.014238533819615842 0.0011496733134402524 0.0028895585949427513 -0.0086843996703951203 0.017844124118708928 -0.0054930759647333662 -0.001640449214977276 0.019141737323896842 -0.0024364154639600483 0.0084993973441492964 0.012032425482223335 0.0056438775676655537
leaf_weight=3748.5846140310168 1713.0000736415386 4108.9282152056694 7118.3234364688396 552.61202518641949 2757.6656833142042 1004.125890687108 1780.7120979726315 753.88012391328812 1422.769228592515 1739.8212281167507 2975.6964498609304 123.19813820719719 1314.3126212507486 513.61647181212902 3235.2716623991728 126.18178807199001 4839.8670720160007 1973.4150674045086 87.855344295501709 1381.1011002659798 63.591552942991257 1779.2372040897608 67.075227648019791 727.99575558304787 45.8350610435009 29.226757735013962 293.93775309622288 1627.7972138226032 378.09035933017731 10619.917167305946
leaf_count=30690 5581 23251 5161 2953 19401 3108 2997 705 6722 8328 6334 555 5571 1774 11301 538 4950 1911 63 1457 117 11714 98 3558 128 77 1393 1385 125 5401
internal_value=-0.000134701 -0.00740904 0.00434323 -0.00467125 -0.0120856 0.00045088 0.00509425 0.0038806 -0.00230423 -0.00648474 0.00190874 -0.00776391 -0.00440345 -0.00169823 -0.00214724 -0.00414805 0.00458972 0.00426269 0.00360358 0.00345016 0.00296611 -0.0103182 0.010689 -0.00434726 -0.00289635 0.00651788 0.000226169 0.00575862 0.00620587 0.00602455
internal_weight=58903.6 22444.1 36459.5 14158.6 8285.49 5898.55 30561 10816.8 6144.39 8014.26 4110.49 4960.12 3054.13 5591.78 5078.16 1842.89 9036.12 8282.24 6308.82 6220.97 3106.36 4536.9 130.667 851.194 1788.06 75.0618 420.12 19744.1 12625.8 12247.7
internal_count=167347 127749 39598 65944 61805 15443 24155 12083 24681 41263 9657 27364 13899 21728 19954 8653 9086 8381 6470 6407 6549 31115 215 4113 5786 205 1931 12072 6911 6786
cat_boundaries=0 1 2
cat_threshold=32 4112
is_linear=0
shrinkage=0.03


Tree=76
num_leaves=31
num_cat=6
split_feature=20 23 20 0 0 3 3 7 3 3 21 0 0 20 6 6 13 11 0 0 6 13 21 21 11 21 6 6 3 21
split_gain=2101.98 281.816 151.226 64.3138 52.5002 37.2908 28.8584 25.7463 22.4933 16.8708 14.5395 13.4575 13.0186 11.3668 11.0025 13.3129 10.9168 9.77225 9.55051 9.53041 10.3915 9.4489 13.5305 13.6408 14.5517 15.5029 11.5724 13.0034 10.6814 10.5331
threshold=0.13392857142857145 0.033538300026245742 0.33035714285714296 0 1 5.5000000000000009 2.5000000000000004 0.3535533905932739 1.5000000000000002 4.5000000000000009 0.13363062095621173 2 3 0.062500000000000014 169.50000000000003 1205.5000000000002 1.0000000180025095e-35 -0.99866806308218525 4 5 1165.5000000000002 3.5000000000000004 3.633515372553564 1.438681755915882 0.66527693225344786 1.572439166518165 343.50000000000006 709.50000000000011 5.5000000000000009 1.306825239958354
decision_type=2 2 2 1 1 2 2 2 2 2 2 1 1 2 2 2 2 2 1 1 2 2 2 2 2 2 2 2 2 2
left_child=1 3 5 -1 6 12 -3 21 -9 13 -6 -7 -2 -5 -10 17 19 -16 -11 20 -8 22 23 28 25 26 -25 -28 29 -4
right_child=2 4 7 9 10 11 16 8 14 18 -12 -13 -14 -15 15 -17 -18 -19 -20 -21 -22 -23 -24 24 -26 -27 27 -29 -30 -31
leaf_value=-0.013776232918787048 5.5981064504134095e-05 -0.005969212728419571 0.0046804075571470838 -0.010779188656950402 -0.010618946800568355 0.0040686512733175851 -0.0053425209636279343 0.00067292573569324992 0.0081427383965261228 0.0021221761294817924 -0.00610784453180178 -0.0026075258840191485 -0.0031602538408791029 -0.0074300570797738719 0.013930609255232649 0.0066472104620369649 0.0029192622235237465 0.0029051894242591528 -0.0067285044241252876 -0.0011608701742822408 0.00053023540940154944 0.0077376359521443561 -0.0031177740733517099 0.0012023868425994945 0.0093090497620050092 0.0041465580300952013 0.01575882402916844 0.0077801863101305936 0.0057965257950241206 0.0013241510358278515
leaf_weight=4608.4153423756361 2581.5548462867737 1862.8275057673454 6652.8522450625896 3252.9321034401655 887.34820529818535 2131.1186566352844 1200.5543449521065 1814.5438235104084 666.04423233866692 119.89940120279789 2421.2513009384274 305.50631748139858 2007.3400380313396 1303.4385596215725 73.194709002971649 1304.1380004584789 432.23651424050331 3708.4776342511177 1206.9956716895103 3524.0493294745684 347.64980618655682 1751.5317301750183 163.76510870456696 182.161954164505 1542.3346198797226 2077.2742115855217 232.19442248344421 942.60780262947083 8764.2533748745918 970.46955460309982
leaf_count=37230 6952 9083 6335 21849 5448 3962 5845 3047 645 593 12531 986 7672 7222 78 1319 1536 4026 7622 12916 1576 798 73 103 714 1099 132 454 4659 741
internal_value=-2.37198e-05 -0.00759519 0.00420816 -0.0110872 -0.00416217 0.000234953 -0.00273762 0.00511288 0.00358949 -0.00893925 -0.0073003 0.00323439 -0.00135675 -0.00982426 0.00450827 0.00402961 -0.00164699 0.0031238 -0.00595792 -0.00203778 -0.00399464 0.00560759 0.00543365 0.00549963 0.0068799 0.00578482 0.00828339 0.00937429 0.00507971 0.00425416
internal_weight=59039 21167.6 37871.4 10491.7 10675.9 7025.52 7367.32 30845.8 7566.4 5883.27 3308.6 2436.62 4588.89 4556.37 5751.85 5085.81 5504.49 3781.67 1326.9 5072.25 1548.2 23279.4 21527.9 21364.1 4976.57 3434.24 1356.96 1174.8 16387.6 7623.32
internal_count=167246 123451 43795 74516 48935 19572 30956 24223 9115 37286 17979 4948 14624 29071 6068 5423 21873 4104 8215 20337 7421 15108 14310 14237 2502 1788 689 586 11735 7076
cat_boundaries=0 1 2 3 4 5 6
cat_threshold=34368 67769 2472 2432 4124 65552
is_linear=0
shrinkage=0.03


Tree=77
num_leaves=31
num_cat=4
split_feature=22 22 23 3 22 22 0 13 0 3 16 3 23 13 7 1 16 6 2 11 6 0 6 18 6 23 13 3 23 0
split_gain=2059.34 293.675 141.006 56.5198 28.3188 27.4897 26.8695 25.741 24.0478 20.5607 19.4845 14.3683 14.2152 13.8849 11.4463 10.6163 9.70659 8.4784 8.33204 10.488 8.27556 8.74049 7.93416 9.34342 8.25822 7.87561 7.79662 7.71208 7.53185 7.40245
threshold=0.10070289018693793 0.025557181266289954 0.24506557589923389 4.5000000000000009 0.0078229775924323116 0.067768326051458591 0 1.0000000180025095e-35 1 5.5000000000000009 1.0000000180025095e-35 1.5000000000000002 0.80493902439024401 1.0000000180025095e-35 0.3535533905932739 2.5000000000000004 1.0000000180025095e-35 277.50000000000006 1.5000000000000002 0.95998215779580554 1250.5000000000002 2 1200.5000000000002 1.0000000180025095e-35 217.50000000000003 0.12795348837209305 1.5000000000000002 5.5000000000000009 0.67988764044943839 3
decision_type=2 2 2 2 2 2 1 2 1 2 2 2 2 2 2 2 2 2 2 2 2 1 2 2 2 2 2 2 2 1
left_child=1 4 8 6 -1 13 -3 12 14 -10 -11 26 22 20 16 -14 17 -2 19 -17 21 -5 24 -24 -4 -13 -8 -6 -25 -7
right_child=2 3 7 5 27 29 11 -9 9 10 -12 25 15 -15 -16 18 -18 -19 -20 -21 -22 -23 23 28 -26 -27 -28 -29 -30 -31
leaf_value=-0.014195879571358833 0.0042257955452842423 -0.0088408929072348562 0.005209407984538038 -0.0044415334560716675 -0.011305886812458213 0.00069820773877922232 -0.0075527027239902199 0.0057417267060475823 0.00080580129296004748 0.012515028893616897 -0.0021325438119933786 -0.0044128240326981264 0.0021657381361010045 0.0031315006836338467 -0.0051672203804070706 0.0065927641572338406 0.0052129387786014917 -0.0025842822939166313 0.0048309002012438046 0.014907151413686742 -0.0017399601512918029 -0.0085509537815189364 0.0069321892622302662 0.00049946023205639642 0.0021225130418995159 0.00038547855292645676 0.0075610671164803717 -0.0082561196264998825 0.0073296711763212574 -0.0022153981773978455
leaf_weight=3620.1644165664911 187.7167617380619 2979.0728610008955 928.97106395661831 1224.6390057504177 2936.6003324985504 1576.4739222228527 1725.500405818224 17296.541232272983 3470.7981477975845 269.63835006952286 115.79559594392776 2567.5815990865231 998.15610036253929 180.86736235022545 815.09672333300114 1364.6796678006649 208.28858016431332 1260.3131102472544 4135.6077416539192 153.30103069543839 454.31845010817051 880.79534703493118 942.15780693292618 529.55058160424232 4993.0386160612106 347.02620247006416 30.119337350130081 1045.5950311422348 200.50497835874557 1542.3530306667089
leaf_count=30471 648 17537 1298 5795 21089 5084 8954 11339 8743 440 192 12220 672 728 3628 811 670 4406 2613 89 2088 4728 1122 620 6830 1327 114 7052 155 5687
internal_value=-4.22306e-05 -0.00755007 0.00414302 -0.00489434 -0.012267 -0.00267479 -0.00659319 0.00496291 5.49092e-05 0.00153483 0.00810481 -0.00512664 0.00401656 -0.00486667 -0.00224864 0.00503089 -0.000820061 -0.001695 0.00553521 0.00744565 -0.00543515 -0.00622846 0.00312678 0.0049558 0.00260856 -0.00383952 -0.00728584 -0.0105089 0.002391 -0.000745846
internal_weight=58981.3 21111.1 37870.2 13508.7 7602.36 5859.45 7649.3 31542.5 6327.65 3856.23 385.434 4670.23 14246 2740.62 2471.42 6651.74 1656.32 1448.03 5653.59 1517.98 2559.75 2105.43 7594.22 1672.21 5922.01 2914.61 1755.62 3982.2 730.056 3118.83
internal_count=167150 122874 44276 64262 58612 24110 40152 25549 18727 9375 632 22615 14210 13339 9352 4185 5724 5054 3513 900 12611 10523 10025 1897 8128 13547 9068 28141 775 10771
cat_boundaries=0 1 2 3 4
cat_threshold=70660 13 67633 2104
is_linear=0
shrinkage=0.03


Tree=78
num_leaves=31
num_cat=4
split_feature=20 23 23 0 0 20 13 3 3 3 20 3 15 23 0 21 22 0 6 22 21 22 12 13 19 3 12 16 18 8
split_gain=1941.1 228.691 219.461 50.9684 45.7901 30.4029 20.2337 19.4534 18.583 17.4565 15.5194 14.071 12.6404 11.4054 9.5275 9.15051 8.43951 8.35545 9.4774 8.11932 8.05086 8.53915 12.3593 7.96813 8.26294 7.56863 14.2294 12.8132 7.4452 8.36799
threshold=0.098214285714285726 0.28132851758793975 0.033538300026245742 0 1 0.026785714285714288 1.0000000180025095e-35 5.5000000000000009 2.5000000000000004 5.5000000000000009 0.27678571428571436 4.5000000000000009 6.5000000000000009 0.69309550002619325 2 2.1731461800422895 0.063958934817495636 3 1180.5000000000002 0.014429838610425546 1.461186139773073 0.90180379829830981 -0.99628250747696534 1.0000000180025095e-35 0.31250000000000006 1.0000000180025095e-35 0.41202506375868281 1.0000000180025095e-35 2.5000000000000004 -0.85355339059327373
decision_type=2 2 2 1 1 2 2 2 2 2 2 2 2 2 1 2 2 1 2 2 2 2 2 2 2 2 2 2 2 2
left_child=2 4 3 -1 9 17 13 -7 -6 10 -2 16 -8 -3 -9 20 -5 -4 -19 -13 21 -15 -23 -11 -25 26 27 -12 29 -22
right_child=1 6 5 11 8 7 12 14 -10 23 25 19 -14 15 -16 -17 -18 18 -20 -21 28 22 -24 24 -26 -27 -28 -29 -30 -31
leaf_value=-0.013740322182796557 -0.0011339505310748051 0.0027959870399890262 -0.0094783353919682938 -0.010842629784188304 -0.0059304489544650934 -0.0049882310646936047 0.0054040031118226936 -0.0050242139450954867 -0.0014746701663889447 0.002917409924446575 0.014351378471499608 -0.011539232276722104 0.011998347719326717 0.0019500910740669838 -0.00049850454222090531 0.0010291793980354285 -0.0074158658065910897 -0.0063912290027365688 0.0042645194561364659 -0.0052256864993128881 0.011386843258532155 0.013200854571740342 0.004663107056087505 0.013422335142762674 0.0038454363466015962 0.001421062920728067 -0.0020728670627150757 -0.00032366534896440761 0.011607966612976096 0.0047041709887153697
leaf_weight=4490.9917303547263 2746.8911063969135 4925.0276430398226 1210.5537661388516 3200.2635154873133 1249.2241337001324 3706.708268545568 16839.52162027359 531.86293710768223 2602.0832609534264 994.72991350293159 181.87493553757668 228.54809798300266 267.02954190969467 1053.6810611486435 1882.1710483431816 600.43497478961945 839.83873720467091 865.51910639554262 80.875124216079712 987.52599835395813 207.06627023220062 157.33269494771957 5296.8204605579376 152.91644932329655 178.74168391525745 2122.8862822651863 129.28753790259361 74.539013624191284 255.13140451908112 959.06309032440186
leaf_count=37273 9253 6655 7309 21825 5875 17966 10835 2483 9569 2086 315 1691 88 863 7042 351 4924 4715 405 6083 150 106 3688 289 266 4163 232 125 124 568
internal_value=-9.44618e-05 0.00351307 -0.00829921 -0.0113501 -0.000321332 -0.00470502 0.00482225 -0.00362284 -0.00291512 0.0011983 0.000422373 -0.00926079 0.00550799 0.00394959 -0.00152263 0.00461458 -0.0101338 -0.00777 -0.00541362 -0.00642569 0.00488517 0.00443446 0.00491286 0.0042746 0.00830614 0.0021287 0.00599426 0.0100774 0.00694014 0.00590467
internal_weight=59019.1 40994.3 18024.9 9747.17 10433.2 8277.69 30561.1 6120.74 3851.31 6581.87 5255.48 5256.18 17106.6 13454.6 2414.03 8529.53 4040.1 2156.95 946.394 1216.07 7929.09 6507.83 5454.15 1326.39 331.658 2508.59 385.701 256.414 1421.26 1166.13
internal_count=167317 55601 111716 71796 32173 39920 23428 27491 15444 16729 14088 34523 10923 12505 9525 5850 26749 12429 5120 7774 5499 4657 3794 2641 555 4835 672 440 842 718
cat_boundaries=0 1 2 3 4
cat_threshold=34368 2466 25732 56324
is_linear=0
shrinkage=0.03


Tree=79
num_leaves=31
num_cat=4
split_feature=23 22 21 0 22 7 23 0 19 7 15 7 6 6 13 22 0 6 8 21 0 12 7 8 11 21 18 18 13 15
split_gain=1896.19 295.327 147.236 46.5722 40.792 31.2723 24.2258 22.6473 14.003 13.6024 12.1881 11.4785 11.4293 10.8536 10.5206 10.2891 10.0149 9.8844 9.65393 8.41815 8.33212 8.18998 8.15684 7.70644 7.69014 7.6464 7.21752 7.08716 7.34064 8.38547
threshold=0.11325401989032439 0.031024547593865439 0.56393125945271683 0 0.0078229775924323116 -1.0000000180025095e-35 0.63406663478399505 1 0.81250000000000011 0.3535533905932739 3.5000000000000004 -1.0000000180025095e-35 595.50000000000011 367.50000000000006 1.0000000180025095e-35 0.032477342204167071 2 85.500000000000014 1.0000000180025095e-35 0.13363062095621173 3 -0.99628250747696534 -1.0000000180025095e-35 0.35355339059327379 0.022575936829235418 0.20723205905420547 1.0000000180025095e-35 5.5000000000000009 1.0000000180025095e-35 5.5000000000000009
decision_type=2 2 2 1 2 2 2 1 2 2 2 2 2 2 2 2 1 2 2 2 1 2 2 2 2 2 2 2 2 2
left_child=1 4 7 8 -1 14 10 12 9 15 17 25 13 -2 19 -3 -15 26 -7 -5 -9 24 -14 -11 -19 -6 -4 28 -8 -30
right_child=2 3 6 5 11 18 27 20 -10 23 -12 -13 22 16 -16 -17 -18 21 -20 -21 -22 -23 -24 -25 -26 -27 -28 -29 29 -31
leaf_value=-0.014178315618025975 0.0016116083736703527 -0.012609423465528359 0.0048164867672103951 -0.0078806756294865516 -0.009145937215587055 -0.0056631001083114231 0.0044038373415594499 -0.001095149907888117 0.0088939957008039219 -0.0024093975110942249 0.01263968318974399 -0.011111914065269745 0.0041826426469243408 0.008291357560579464 0.0036745217775371593 -0.00016210538436340428 -0.0049421494257085854 0.013289915595863301 -0.0084700217234347976 -0.0029262823804241922 -0.004542252291564213 0.0026829139017306683 0.00018647086714721427 -0.0059626603594302588 0.00063235471742920449 -0.0045690623151823243 0.014126917523735537 0.0086433811586737758 0.0053666241903709772 0.0097860356370548934
leaf_weight=3531.7382469177246 793.64319302141666 60.577449172735214 218.58443179726601 369.66277474164963 1556.9775062352419 1872.5150126814842 9348.5254586935043 2344.3767062425613 102.77201414108276 1372.3724868744612 121.3396852016449 3126.8415350541472 1389.3887329995632 47.556989535689354 185.24178843200207 2083.1501126736403 533.41487784683704 125.96765550971031 2788.6994531601667 1932.8703893870115 868.72991172969341 7272.347960844636 691.71259544789791 928.04215118288994 67.18438133597374 427.99733157455921 117.13813558220863 514.22570586204529 13905.254849851131 401.65194869041443
leaf_count=30566 2026 319 274 2128 10710 9768 6644 7797 187 5631 111 22548 2813 142 734 7814 1697 166 15988 8777 3869 10122 2004 3948 101 2495 137 209 7593 130
internal_value=-6.86482e-05 -0.00748667 0.00382382 -0.0043776 -0.011692 -0.00588639 0.00466666 -0.000231368 -0.00198598 -0.00224534 0.0032242 -0.00997055 0.00145159 -0.000663274 -0.00317255 -0.000522354 -0.00377864 0.00307538 -0.00734516 -0.00372737 -0.00204132 0.00284689 0.00285801 -0.00384744 0.00894405 -0.0081649 0.00811515 0.00513909 0.00506229 0.00549179
internal_weight=59100.5 20339.5 38761 11695.9 8643.55 7148.99 32092.2 6668.82 4546.91 4444.14 7922.56 5111.82 3455.72 1374.62 2487.77 2143.73 580.972 7801.22 4661.21 2302.53 3213.11 7465.5 2081.1 2300.41 193.152 1984.97 335.723 24169.7 23655.4 14306.9
internal_count=167448 121613 45835 55294 66319 37395 25487 20348 17899 17712 10911 35753 8682 3865 11639 8133 1839 10800 25756 10905 11666 10389 4817 9579 267 13205 411 14576 14367 7723
cat_boundaries=0 1 2 3 4
cat_threshold=2474 2464 288 9
is_linear=0
shrinkage=0.03


Tree=80
num_leaves=31
num_cat=3
split_feature=20 22 23 23 22 3 0 23 0 21 3 3 11 20 22 3 3 17 13 21 19 2 21 12 20 0 20 12 22 22
split_gain=1888.18 287.338 127.069 56.3454 36.586 21.2372 20.3554 19.5185 18.3084 16.5901 13.3384 12.9484 15.881 11.1202 10.8758 10.6795 10.1074 9.28995 8.32991 9.56662 9.5353 8.84928 10.4738 8.07612 9.96867 8.12012 9.14628 8.0864 7.99804 7.98092
threshold=0.13392857142857145 0.02904877199003093 0.24506557589923389 0.080379576453697074 0.0078229775924323116 1.5000000000000002 0 0.63406663478399505 1 0.13363062095621173 4.5000000000000009 5.5000000000000009 -0.99467753128998015 0.27678571428571436 0.13603617589985353 5.5000000000000009 5.5000000000000009 1.0000000180025095e-35 3.5000000000000004 3.633515372553564 1.0000000180025095e-35 3.5000000000000004 1.8252823096597433 -0.54219087765047058 1.3839285714285716 2 0.91964285714285732 -0.33426211444629356 0.07264993450429523 0.036828488909259563
decision_type=2 2 2 2 2 2 1 2 1 2 2 2 2 2 2 2 2 2 2 2 2 2 2 2 2 1 2 2 2 2
left_child=1 4 6 5 -1 -3 11 23 28 -7 -6 13 -13 -2 -14 -11 -10 -16 19 20 -9 22 -20 24 -4 -25 -27 -28 -5 -17
right_child=2 3 7 8 10 9 -8 18 16 15 -12 12 14 -15 17 29 -18 -19 21 -21 -22 -23 -24 25 -26 26 27 -29 -30 -31
leaf_value=-0.014158671617263857 -0.001197808708872816 -0.0088146081260971551 0.0041412756648543849 -0.0083088878535474073 -0.011379594427308294 -0.0097724845373189408 -0.0039569692014799485 -0.0029773533372200386 -0.0028928350360295065 -0.0053330523948674101 -0.0080523900104204904 0.021699121420013481 0.0015007791832871433 0.0017589195127885101 0.013606148572836889 -0.0060507591074305499 -7.31711795827699e-05 -0.0016088163063511967 0.0073086148717554124 -0.0021169882817932326 0.0049995897093703355 0.0046938883069843939 0.014954315188947111 0.007063413275087034 0.011276501598129263 0.0013884817607909582 -0.002155354066947127 0.0051029717702264967 -0.0028753967991567621 0.00026514354102511291
leaf_weight=3478.4175185412169 2641.4494244158268 2211.889363989234 2265.3623106479645 584.99031658470631 2793.4844874590635 629.4098674505949 953.28741098940372 134.14008057117462 2342.3189588189125 3166.0109470635653 1825.2364827543497 41.869941622018814 808.16110800206661 2018.5683794021606 135.08396509289742 252.30035249888897 2244.6844681501389 47.981123894453049 741.086305975914 171.98895192146301 22078.992540508509 792.65741723775864 210.34008038043976 336.33767840266228 191.89699256420135 3272.9017401337624 153.67476481199265 1238.4119789004326 427.45017631351948 616.89100429415703
leaf_count=30530 8744 13079 3037 2964 20630 3927 3863 119 9883 16785 12396 73 1769 4118 235 1300 7385 78 326 87 13615 330 74 482 153 4926 166 1324 1932 2749
internal_value=-9.82663e-05 -0.00742647 0.00384483 -0.00456884 -0.0118276 -0.00638852 7.3539e-05 0.00463813 -0.00233232 -0.00523518 -0.0100681 0.000755682 0.00379403 8.17653e-05 0.00301055 -0.00452372 -0.00151134 0.00959865 0.00505332 0.00489635 0.00495102 0.00706064 0.00901914 0.00329365 0.00470529 0.00259808 0.00225344 0.00429643 -0.00596702 -0.00156613
internal_weight=58807.3 20573.1 38234.2 12475.9 8097.14 6876.5 6646.4 31587.8 5599.44 4664.61 4618.72 5693.11 1033.1 4660.02 991.226 4035.2 4587 183.065 24129.2 22385.1 22213.1 1744.08 951.426 7458.59 2457.26 5001.33 4664.99 1392.09 1012.44 869.191
internal_count=167079 123560 43519 60004 63556 37840 18880 24639 22164 24761 33026 15017 2155 12862 2082 20834 17268 313 14551 13821 13734 730 400 10088 3190 6898 6416 1490 4896 4049
cat_boundaries=0 1 2 3
cat_threshold=2474 4100 2048
is_linear=0
shrinkage=0.03


Tree=81
num_leaves=31
num_cat=5
split_feature=23 22 20 20 3 0 3 6 22 19 0 13 21 0 0 13 23 15 6 21 18 0 13 6 19 6 6 20 22 3
split_gain=1847.55 286.997 141.022 54.9328 31.4649 29.4148 21.965 20.2289 23.7394 18.261 16.224 13.2278 12.4774 11.7655 10.4501 12.7499 10.7976 15.8326 10.1468 9.32961 10.4664 8.96705 8.65023 7.86645 7.65828 7.61709 7.81181 8.21844 7.5345 7.4925
threshold=0.11325401989032439 0.026502997033216787 0.22321428571428573 0.098214285714285726 2.5000000000000004 0 2.5000000000000004 1165.5000000000002 0.057231309977589219 0.31250000000000006 1 1.0000000180025095e-35 2.8389108382124317 2 3 2.5000000000000004 1.3236144168650121 1.0000000180025095e-35 1180.5000000000002 3.3193146343606732 3.5000000000000004 4 1.0000000180025095e-35 169.50000000000003 1.9375000000000002 1205.5000000000002 391.50000000000006 0.84821428571428581 0.093819716018720689 2.5000000000000004
decision_type=2 2 2 2 2 1 2 2 2 2 1 2 2 1 1 2 2 2 2 2 2 1 2 2 2 2 2 2 2 2
left_child=1 5 10 4 -3 18 9 8 -6 -4 22 21 -11 28 25 19 17 -17 -1 20 -16 -5 -2 -15 -18 26 27 -8 -10 -23
right_child=2 3 6 11 7 -7 14 -9 13 12 -12 -13 -14 23 15 16 24 -19 -20 -21 -22 29 -24 -25 -26 -27 -28 -29 -30 -31
leaf_value=-0.010276701697236499 -0.00035266764321591004 -0.008627386780477711 -0.00095633947844258867 -0.0015391302964735732 -0.0086987575702931301 -0.013716268900410162 0.01087506304448059 -0.00085707164469364877 0.0093497967376211469 0.003436427891872608 -0.0043141384031017103 0.0015645255212691697 0.010880971930770377 -0.0001110787531365611 0.0039927529408922318 0.0053696656526938894 0.0067267713634815273 0.016038021086422521 -0.0045593782847193889 -0.00099009739465683272 0.0080523723336237835 -0.0063757783293199076 0.0033829291130150398 -0.0054339104983220123 0.00029615870403498925 0.0070351918720189853 0.0045848802157344428 0.0059002704926239208 -0.0011788188329377967 -0.0025880876024843335
leaf_weight=2587.4584756493568 4317.4163789600134 3064.4496440887451 863.40769618749619 2265.4558263868093 1463.9440737217665 4475.5123800113797 342.73287713527679 974.81352174282074 84.737082466483116 6930.8745267093182 858.27217975258827 715.731679007411 208.82179164886475 296.62982481718063 11189.33380573988 259.95815360546112 651.45477104187012 247.5454449057579 320.22649125754833 317.5985814332962 605.92545464634895 899.15194803476334 639.51339423656464 1668.64119361341 226.65313804149628 2741.8797008991241 5967.9084957838058 2607.3922501802444 210.45509676635265 1004.8025266975164
leaf_count=18972 13142 18372 1513 8065 8681 38432 207 4835 377 7781 3853 2455 144 1466 10331 192 257 141 2232 139 317 4367 1709 8156 63 1105 3442 1387 899 4198
internal_value=-3.13435e-05 -0.00743583 0.00377412 -0.00469101 -0.0062596 -0.0121361 0.00452978 -0.00471274 -0.0057198 0.00315804 -0.00053408 -0.00219615 0.0036565 -0.00378489 0.00496576 0.00437617 0.00711214 0.0106065 -0.00961783 0.00406576 0.00420247 -0.00284337 0.000128393 -0.00461057 0.00507598 0.00563878 0.00521436 0.00648374 0.00178436 -0.00435952
internal_weight=59008.7 20032 38976.7 12648.8 7763.67 7383.2 33161.5 4699.22 3724.41 8003.1 5815.2 4885.14 7139.7 2260.46 25158.4 13498.5 1385.61 507.504 2907.68 12112.9 11795.3 4169.41 4956.93 1965.27 878.108 11659.9 8918.03 2950.13 295.192 1903.95
internal_count=167230 121507 45723 61871 42786 59636 27019 24414 19579 9438 18704 19085 7925 10898 17581 11440 653 333 21204 10787 10648 16630 14851 9622 320 6141 5036 1594 1276 8565
cat_boundaries=0 1 2 3 4 5
cat_threshold=90144 2217 40 2 6562
is_linear=0
shrinkage=0.03


Tree=82
num_leaves=31
num_cat=4
split_feature=23 22 20 20 3 22 0 21 7 0 13 13 3 22 7 0 3 20 22 19 0 18 20 23 3 12 22 12 22 3
split_gain=1832.35 271.727 142.304 54.0025 28.1217 27.2886 24.6237 19.4938 17.6449 16.2389 15.1154 11.7374 11.1341 10.6096 10.1092 9.94575 9.47212 10.5619 8.91831 8.35871 8.2653 8.20655 7.90038 7.77451 7.50656 11.1515 8.0488 8.74293 7.38911 7.3265
threshold=0.11325401989032439 0.025119845311482949 0.33035714285714296 0.098214285714285726 3.5000000000000004 0.0078229775924323116 0 0.13363062095621173 0.3535533905932739 1 2.5000000000000004 1.0000000180025095e-35 5.5000000000000009 0.086020634431246731 0.3535533905932739 2 1.5000000000000002 1.455357142857143 0.94234376052844826 2.0625000000000004 3 5.5000000000000009 1.2232142857142858 0.34491379310344833 5.5000000000000009 -0.21022037796396451 0.09426481547855893 0.59003219687534991 0.032477342204167071 1.5000000000000002
decision_type=2 2 2 2 2 2 1 2 2 1 2 2 2 2 2 1 2 2 2 2 1 2 2 2 2 2 2 2 2 2
left_child=1 5 6 4 13 -1 10 -6 21 24 12 20 -2 -3 -11 -8 17 -10 -18 -20 -9 -4 -23 -19 -5 -26 27 -27 -22 -15
right_child=2 3 8 9 7 -7 15 11 16 14 -12 -13 -14 29 -16 -17 18 23 19 -21 28 22 -24 -25 25 26 -28 -29 -30 -31
leaf_value=-0.014144611007418347 -6.5471698425877053e-05 -0.0089076900636611122 0.0049683813799091432 -0.001360082223622957 -0.0093138700416337261 -0.010371419746083523 -0.00085612058089646042 -0.00115339205998545 0.0006037987722265967 -0.0023761078985748722 0.020840323627855387 0.0037004439832780344 0.0029109801628051401 -0.0078695032869148182 -0.0065159728798201456 -0.0046265199148818248 0.0027590470394705784 0.0022065763835407504 0.004782485950212848 0.01261137133215714 -0.0081256154240558574 0.0055062748709612565 0.012984992917882267 0.01536187008799937 -0.0029795094193889064 0.013195298880623514 0.02310231843858282 -0.0016782244785546166 -0.0039792315156053073 -0.0026907261214205135
leaf_weight=3373.6004114300013 2290.0394630581141 3197.8842234015465 23400.303237169981 2440.4370395541191 631.35928127169609 3615.9671238660812 2406.8344031572342 734.76168617606163 1522.666358679533 1138.7159410268068 35.34511736035347 188.20835436880589 2226.5211322009563 505.66893334686756 1007.2694733887911 852.58088664710522 2836.9688083529472 85.464327037334442 2726.5800129771233 129.09948092699051 502.68073208630085 300.85001403093338 228.49468731880188 78.608161747455597 126.61295661330223 68.729379907250404 28.444767534732819 70.932331174612045 1759.4250680059195 489.78229933977127
leaf_count=30445 6250 19865 14593 8606 3847 27065 7929 3504 2523 4867 53 821 4356 2766 4779 3845 3189 99 2393 90 3059 138 69 75 403 203 52 228 8524 2394
internal_value=-1.56341e-05 -0.00743177 0.0037531 -0.00484778 -0.00636394 -0.0121952 0.000129844 -0.00449505 0.00465684 -0.0023578 0.00155421 -0.00353534 0.00140082 -0.00806194 -0.00430413 -0.00185644 0.00337098 0.00138985 0.00395659 0.00514281 -0.00399284 0.00505296 0.00876422 0.00860059 -0.000808823 0.00369742 0.00874966 0.00564035 -0.00488488 -0.00533272
internal_weight=59000.8 19880.5 39120.4 12890.9 8009.77 6989.57 7811.32 3816.44 31309 4881.14 4551.91 3185.08 4516.56 4193.34 2145.99 3259.42 7379.39 1686.74 5692.65 2855.68 2996.87 23929.6 529.345 164.072 2735.16 294.719 168.106 139.662 2262.11 995.451
internal_count=167030 121428 45602 63918 44780 57510 22433 19755 23169 19138 10659 15908 10606 25025 9646 11774 8369 2697 5672 2483 15087 14800 207 174 9492 886 483 431 11583 5160
cat_boundaries=0 1 2 3 4
cat_threshold=2464 6562 9 8216
is_linear=0
shrinkage=0.03


Tree=83
num_leaves=31
num_cat=3
split_feature=20 22 23 23 0 22 3 3 3 13 0 15 22 23 22 23 6 14 13 6 7 0 22 19 11 6 6 13 19 20
split_gain=1755.89 217.375 206.593 54.0443 30.2491 27.2022 23.7829 20.8211 20.0943 20.0407 15.2211 13.956 12.4429 13.6556 11.1999 11.0599 13.8795 10.9563 10.406 9.58001 9.4599 8.64992 8.56675 8.50811 8.73487 10.4997 11.8546 8.24661 7.61275 8.90109
threshold=0.098214285714285726 0.025119845311482949 0.25060386473429958 0.080379576453697074 0 0.0078229775924323116 4.5000000000000009 5.5000000000000009 2.5000000000000004 1.0000000180025095e-35 1 5.5000000000000009 0.11701815622099478 0.20595625184747268 0.90180379829830981 0.66747967479674808 1240.5000000000002 1.0000000180025095e-35 1.0000000180025095e-35 1210.5000000000002 1.0000000180025095e-35 2 0.063680990723152336 0.31250000000000006 0.78325454425165997 565.50000000000011 1085.5000000000002 1.0000000180025095e-35 1.0625000000000002 0.90178571428571441
decision_type=2 2 2 2 1 2 2 2 2 2 1 2 2 2 2 2 2 2 2 2 2 1 2 2 2 2 2 2 2 2
left_child=1 5 4 6 7 -1 19 17 -6 14 -5 23 -9 -14 -4 -16 -17 -2 21 22 -19 -8 27 24 25 -11 -27 -3 -25 -30
right_child=2 3 9 10 8 -7 18 12 -10 11 -12 -13 13 -15 15 16 -18 20 -20 -21 -22 -23 -24 28 -26 26 -28 -29 29 -31
leaf_value=-0.014091548833263665 -0.00086330364635509515 -0.010620363057147766 0.0024652649276412403 -0.0054933903380746966 -0.0058192874598755424 -0.010318161921844404 -0.00052085946778146919 0.0028103086366842054 -0.0011290383830053934 0.0032836178155297791 -0.0014106624111828122 0.010462448022297444 0.021067689150517804 0.0057039177094863587 0.0023319970785596104 0.004312522785680041 0.0083673959298155662 0.0064685547243866093 0.005713512501548685 -0.005024629461187387 0.00063920433376917678 -0.0057557149137854157 -0.0073647400065818139 0.0042696020096379076 0.0017692747768436022 0.016986028217564134 0.0064840021481609869 0.0012002782622812383 0.0034359422109258462 0.0060477111727113113
leaf_weight=3337.5426327511668 3548.9494573920965 1799.454666018486 4858.1690713465214 1149.1103086173534 1217.3924379348755 3632.8620365858078 380.59704896807671 797.45285367965698 2543.2746015936136 156.24491234123707 2931.1055140644312 435.86492383480072 75.988139301538467 169.80802449584007 2148.1498210430145 6625.671255171299 863.34285044670105 367.28866575658321 91.129977211356163 730.38347168266773 793.17425495386124 1313.6641376316547 1873.5833790004253 8859.9312872588634 150.73233112692833 230.74611616134644 173.39781332015991 53.597244217991829 1460.744658768177 6363.1526565551758
leaf_count=30544 10366 11869 6223 5446 5893 27377 1839 1860 9472 221 11556 140 109 226 2498 4518 485 839 402 4273 1949 7254 10717 6098 182 233 185 334 968 3303
internal_value=6.83184e-06 -0.00803387 0.00333046 -0.0052681 -0.000554887 -0.0121275 -0.00702351 0.000812571 -0.00264306 0.00447405 -0.00257993 0.00514857 0.00464653 0.0105441 0.00364361 0.00423668 0.00478183 -3.4551e-05 -0.00408755 -0.00819707 0.00249335 -0.00462133 -0.00881571 0.00501448 0.00824302 0.00996738 0.0125221 -0.0102748 0.00487603 0.00556135
internal_weight=59132.5 17293 41839.5 10322.6 9513.33 6970.4 6242.41 5752.66 3760.67 32326.1 4080.22 17830.8 1043.25 245.796 14495.3 9637.16 7489.01 4709.41 1785.39 4457.02 1160.46 1694.26 3726.64 17394.9 711.121 560.389 404.144 1853.05 16683.8 7823.9
internal_count=167379 111611 55768 53690 30714 57921 36688 15349 15365 25054 17002 11330 2195 335 13724 7501 5003 13154 9495 27193 2788 9093 22920 11190 821 639 418 12203 10369 4271
cat_boundaries=0 1 2 3
cat_threshold=2466 12420 8217
is_linear=0
shrinkage=0.03


Tree=84
num_leaves=31
num_cat=0
split_feature=20 22 23 3 22 20 23 23 3 13 7 22 6 20 2 20 23 20 16 23 11 10 12 12 22 22 12 3 12 13
split_gain=1684.87 257.642 144.447 63.5483 28.0617 24.4134 24.4118 21.641 19.9232 15.3116 12.2552 10.742 9.70782 9.13289 9.23031 7.91562 9.49033 7.72652 7.56381 11.5812 10.4914 7.50295 7.4731 12.0509 7.48329 7.38012 7.11 7.01298 6.92972 6.82804
threshold=0.11607142857142859 0.025119845311482949 0.28132851758793975 4.5000000000000009 0.0078229775924323116 0.026785714285714288 0.043583790628957376 0.13427827306420917 3.5000000000000004 1.0000000180025095e-35 0.3535533905932739 0.067768326051458591 1250.5000000000002 0.27678571428571436 4.5000000000000009 0.74107142857142871 0.61776661884265915 0.026785714285714288 1.0000000180025095e-35 0.82369652406417126 -0.82415615971448097 -0.56174490092936669 0.9989598388634241 0.81304046271159414 1.0024726245914353 0.27116427820612465 0.98770287048522643 5.5000000000000009 0.26659387353423869 1.0000000180025095e-35
decision_type=2 2 2 2 2 2 2 2 2 2 2 2 2 2 2 2 2 2 2 2 2 2 2 2 2 2 2 2 2 2
left_child=1 4 7 6 -1 -5 -3 10 22 11 13 12 -7 -2 27 18 21 -8 26 -20 -21 -17 23 -4 -25 -12 -10 -15 -14 -9
right_child=2 3 8 5 -6 9 17 29 15 -11 25 -13 28 14 -16 16 -18 -19 19 20 -22 -23 -24 24 -26 -27 -28 -29 -30 -31
leaf_value=-0.014080008691032398 -0.00063632315845229322 -0.0085537613250409525 0.0036397153383013721 -0.0063531475844975874 -0.010225562668698359 -0.0051417684210255986 -0.0081626956209280826 0.00089315897636547677 0.0052348328192306616 0.0046856880262503703 -0.0034707173858740739 -0.00054617115647199327 0.0042133541773994344 -0.00047330668597433587 0.012488081986118529 0.0060509282481085048 0.0051616364031911895 -0.0042684349859147628 3.0507186523902621e-05 0.0093341762727604232 0.003081441578710506 0.017211182391459794 0.010569565569786315 -0.00019083038960771386 0.0050032098646830983 0.0025814924983180313 -0.00028656542867010518 0.013176447396838521 -0.0048619579383717042 0.0036593870904549448
leaf_weight=3290.4138579368591 2043.06530174613 3293.69793869555 8070.2457487434149 1058.2768878340721 3599.3661085143685 1129.7025671154261 554.45261846482754 3117.2177571505308 3230.0565841794014 356.39208650588989 2067.0165336877108 2339.6027088463306 198.82810333371162 220.91081196069717 95.725782752037048 118.28773301839828 15390.389814555645 2817.7550761252642 926.03885924816132 297.73624074459076 1309.356338083744 105.79015725851059 124.21623820066452 1307.9856989830732 306.97290068864822 196.8881714195013 222.18109408020973 38.855285733938217 120.65664415061474 1085.8651206791401
leaf_count=30540 7529 20954 7967 5864 27395 5592 3228 6963 3529 1289 7929 8463 938 485 197 91 7323 13687 1214 170 802 86 135 1480 262 501 240 64 571 1928
internal_value=-2.80463e-05 -0.00745407 0.00343079 -0.00477395 -0.012069 -0.00228705 -0.00671372 4.83867e-05 0.00438528 -0.00124623 -0.00135807 -0.00180689 -0.0038363 0.000133922 0.00456683 0.00489514 0.00525226 -0.00491273 0.00396177 0.00270962 0.00424866 0.0113995 0.00326159 0.00316616 0.00079523 -0.00294081 0.00487777 0.00158809 0.000762773 0.00160994
internal_weight=59033.9 18759.1 40274.8 11869.4 6889.78 5203.46 6665.91 8865.54 31409.3 4145.18 4662.46 3788.79 1449.19 2398.56 355.492 21599.8 15614.5 3372.21 5985.37 2533.13 1607.09 224.078 9809.42 9685.2 1614.96 2263.9 3452.24 259.766 319.485 4203.08
internal_count=167416 118521 48895 60586 57935 22717 37869 25596 23299 16853 16705 15564 7101 8275 746 13455 7500 16915 5955 2186 972 177 9844 9709 1742 8430 3769 549 1509 8891
is_linear=0
shrinkage=0.03


Tree=85
num_leaves=31
num_cat=3
split_feature=20 22 20 3 22 0 22 3 6 3 7 3 20 0 19 21 0 22 3 6 6 9 1 12 6 12 3 2 7 3
split_gain=1674.42 234.955 141.605 51.7095 35.2616 31.5761 30.8765 17.4179 16.4951 16.0222 12.3715 19.2769 12.3551 12.3328 10.3642 10.2706 10.1116 9.65316 9.42182 8.53081 8.50889 8.39304 11.4958 8.35629 7.73908 7.64017 7.58638 7.52234 6.0882 6.03578
threshold=0.11607142857142859 0.0239265175543532 0.34821428571428575 2.5000000000000004 0.065041333606613391 0 0.0078229775924323116 5.5000000000000009 1155.5000000000002 2.5000000000000004 0.3535533905932739 1.5000000000000002 1.5267857142857146 1 2.0625000000000004 2.4379973539548812 2 0.027766178885545119 5.5000000000000009 211.50000000000003 1205.5000000000002 -0.8783796973249266 3.5000000000000004 0.9980355542543059 1021.5000000000001 -0.36648370705903521 4.5000000000000009 4.5000000000000009 0.3535533905932739 1.5000000000000002
decision_type=2 2 2 2 2 1 2 2 2 2 2 2 2 1 2 2 1 2 2 2 2 2 2 2 2 2 2 2 2 2
left_child=1 6 5 13 8 7 -1 28 16 -7 -4 12 21 29 15 19 27 -10 -6 -13 23 22 -12 24 -21 -9 -8 -5 -2 -3
right_child=2 3 10 4 18 9 26 25 17 -11 11 14 -14 -15 -16 -17 -18 -19 -20 20 -22 -23 -24 -25 -26 -27 -28 -29 -30 -31
leaf_value=-0.0141253891573026 0.0010911072289781253 -0.0068248011443928771 0.0046372842492404809 -0.0039891360030152364 -0.0031862228957555928 -0.0060816780543130567 -0.011170623971062945 0.00097703123509208572 0.017280675170920388 -0.0011435760085162856 0.016948225184040728 0.0068189963035191203 0.0096637473861503707 -0.0090855166313297698 0.010115892844194415 -0.003530229955908272 -0.0093727810257449064 -0.0029340970737218208 -0.00047467046181255538 0.0031849525882605887 0.0056675826445613444 -0.00099179519545593417 0.0014940626508545391 0.012233331583021756 -0.00061724311344454159 0.0047814576378980306 -0.0082223505156825798 -0.0088683894699695016 -0.0013330299003012234 -0.0024807863593681407
leaf_weight=3250.7430548593402 2067.2711658328772 841.4503235667944 24028.826544553041 1021.2281877249479 2462.5017798841 858.91377475857735 2057.2320651784539 746.03644514083862 20.719574719667435 1909.0574269294739 54.859749674797058 847.61052742600441 123.94846487045288 2557.7825232818723 246.42276972532272 164.4652151465416 1111.1940557584167 890.95732194185257 2180.3173747211695 2758.5114216506481 1240.8537086546421 1450.2613405585289 199.03496995568275 81.15349805355072 580.28248286247253 1331.8357775211334 1336.9203799590468 400.53084066510201 1696.8766596317291 447.65905906260014
leaf_count=30602 5523 4683 14724 5633 11377 4011 16335 1329 125 6719 88 771 124 16108 175 129 6858 4589 7654 2886 1220 2438 326 87 665 2293 9842 2246 5520 2332
internal_value=-5.30031e-05 -0.00750632 0.00337577 -0.00498742 -0.00362335 -3.62158e-05 -0.012028 0.00121342 -0.00592361 -0.00267006 0.00430043 0.00325442 0.000557489 -0.00785191 0.00408609 0.00382137 -0.00717015 -0.00244967 -0.00191452 0.00404256 0.00353499 -0.000106598 0.00491022 0.00275805 0.00252235 0.00341953 -0.0100139 -0.00533568 -1.63269e-07 -0.00528308
internal_weight=58965.5 18579.2 40386.2 11934.3 8087.45 8609.99 6644.9 5842.02 3444.63 2767.97 31776.2 7747.4 1828.1 3846.89 5919.3 5672.88 2532.95 911.677 4642.82 5508.41 4660.8 1704.16 253.895 3419.95 3338.79 2077.87 3394.15 1421.76 3764.15 1289.11
internal_count=167412 118384 49028 61605 38482 25395 56779 14665 19451 10730 23633 8909 2976 23123 5933 5758 14737 4714 19031 5629 4858 2852 414 3638 3551 3622 26177 7879 11043 7015
cat_boundaries=0 1 2 3
cat_threshold=2464 10408 67633
is_linear=0
shrinkage=0.03


Tree=86
num_leaves=31
num_cat=5
split_feature=20 22 20 3 0 22 20 3 3 22 3 13 22 3 0 6 1 6 3 6 20 7 11 0 18 21 2 3 0 0
split_gain=1646.02 214.708 175.43 48.3597 31.8067 28.2192 23.3603 22.1411 19.2572 17.9412 15.9949 15.2824 15.1355 8.49421 7.76968 8.25659 10.7758 8.68556 7.68003 7.63804 11.1113 13.0778 8.45552 7.56517 7.51431 7.47005 7.26864 7.23493 7.22806 7.2139
threshold=0.098214285714285726 0.025119845311482949 0.27678571428571436 3.5000000000000004 0 0.0078229775924323116 0.026785714285714288 5.5000000000000009 2.5000000000000004 0.087723184789621392 5.5000000000000009 1.0000000180025095e-35 0.24817419475914387 5.5000000000000009 1 1015.5000000000001 1.5000000000000002 1360.5000000000002 4.5000000000000009 1009.5000000000001 0.29464285714285715 0.3535533905932739 -0.91597725483594616 2 5.5000000000000009 0.99021183618429909 4.5000000000000009 1.5000000000000002 3 4
decision_type=2 2 2 2 1 2 2 2 2 2 2 2 2 2 1 2 2 2 2 2 2 2 2 1 2 2 2 2 1 1
left_child=1 5 4 9 10 -1 28 12 -6 -3 -2 13 19 -8 -9 16 -16 -17 -7 20 21 -4 -22 -13 25 -14 29 -11 -5 -15
right_child=2 3 7 6 8 18 11 14 -10 27 -12 23 24 26 15 17 -18 -19 -20 -21 22 -23 -24 -25 -26 -27 -28 -29 -30 -31
leaf_value=-0.014124687744354927 -0.00032184195507976686 -0.0086457288034681775 0.022108230687136712 -0.0024311938249230356 -0.0058848746834695605 -0.011361518972493611 -0.0042704232560552653 0.00570664474097191 -0.0012663329773839548 -0.0068246621484675035 0.0032642092207771319 0.0082521636463823711 0.0026231394946883363 -0.0055091768843247855 -0.0011834995917437234 0.0011868096872033429 0.0052987235569304297 0.006416336144219088 -0.0084502274309926819 -0.0024779486701452312 0.0060781379627543311 -0.00057733013463111857 -0.0005377286362908552 -0.00083747116867142612 0.011026237044797044 0.0040413063463875997 -0.0042029858078435952 -0.0021756458862217049 -0.00793951187374526 0.00042722506527659721
leaf_weight=3208.9771168082952 3110.4007681459188 3294.1785902604461 50.313526034355164 313.06182959675789 1179.6579560935497 2125.9265319630504 1813.3079941421747 7880.9755631089211 2623.9214274138212 573.87387375533581 1745.4652660042048 164.28819662332535 4483.9180560708046 202.01573501527309 243.34031081199646 1256.6743183135986 3910.5563402473927 371.00603020191193 1393.5145168453455 486.20510122179985 229.69066745042801 40.263136357069016 700.32426416873932 156.841990634799 126.6393917798996 13581.064775168896 629.31009945273399 646.77187190949917 1048.1869934871793 1350.05493940413
leaf_count=30638 10122 20827 112 1499 5815 17043 8967 3632 9735 3096 3384 657 5296 954 133 757 1848 225 10304 1090 397 117 1415 586 87 11382 2538 3068 6379 5272
internal_value=-2.13256e-05 -0.00792169 0.00315987 -0.00517403 -0.000644147 -0.0120814 -0.00332832 0.00414745 -0.00269441 -0.00749229 0.000964368 -0.00224452 0.00350242 -0.00275174 0.00507667 0.00419893 0.00491735 0.0023857 -0.0102132 0.000607779 0.00208467 0.0120623 0.00109456 0.00403546 0.0037418 0.0036898 -0.00148519 -0.00437004 -0.00675595 -0.000377359
internal_weight=58940.7 16920.3 42020.4 10191.9 8659.45 6728.42 5677.07 33361 3803.58 4514.82 4855.87 4315.82 19698.4 3994.69 13662.6 5781.58 4153.9 1627.68 3519.44 1506.8 1020.59 90.5767 930.015 321.13 18191.6 18065 2181.38 1220.65 1361.25 1552.07
internal_count=167375 111828 55547 53843 29056 57985 26852 26491 15550 26991 13506 18974 19896 17731 6595 2963 1981 982 27347 3131 2041 229 1812 1243 16765 16678 8764 6164 7878 6226
cat_boundaries=0 1 2 3 4 5
cat_threshold=2464 130 71728 8217 1028
is_linear=0
shrinkage=0.03


Tree=87
num_leaves=31
num_cat=2
split_feature=20 22 23 3 22 0 23 3 13 20 3 22 15 0 3 12 14 23 22 7 6 6 12 23 12 20 16 11 6 9
split_gain=1593.57 214.219 173.768 41.1291 35.1536 34.6244 22.6746 16.5952 15.581 14.6831 14.3367 12.9943 12.6941 11.2345 10.7732 10.5325 10.4871 9.99628 9.83788 9.67608 8.64854 8.11065 9.76237 8.43198 7.81173 7.72036 7.2785 11.0749 7.06326 7.12186
threshold=0.098214285714285726 0.027766178885545119 0.25060386473429958 5.5000000000000009 0.0078229775924323116 0 0.043583790628957376 2.5000000000000004 1.0000000180025095e-35 0.026785714285714288 5.5000000000000009 0.90180379829830981 5.5000000000000009 1 4.5000000000000009 -0.99628250747696534 1.0000000180025095e-35 0.65230646871686127 0.21541139135906226 1.0000000180025095e-35 1240.5000000000002 781.50000000000011 -0.14250536273956091 0.12128567225654606 0.73136292505298039 0.36607142857142866 1.0000000180025095e-35 -0.86976336936302323 361.50000000000006 -0.60785761079279388
decision_type=2 2 2 2 2 1 2 2 2 2 2 2 2 1 2 2 2 2 2 2 2 2 2 2 2 2 2 2 2 2
left_child=1 4 5 6 -1 10 -3 -7 11 -5 16 -4 -10 -8 -6 -13 -2 24 21 25 -19 -12 -23 -24 -17 -18 27 -25 -11 -30
right_child=2 3 8 9 14 7 13 -9 12 28 18 15 -14 -15 -16 17 19 20 -20 -21 -22 22 23 26 -26 -27 -28 -29 29 -31
leaf_value=-0.014103091736769789 -0.00054835721649034244 -0.0081210835435817346 0.0021654129475631992 -0.0059576857492142019 -0.011123166870935276 -0.0059028495026212354 -0.0063569133941365685 -0.001422132948070841 0.0046294636185577531 0.0021659697022157593 -0.00045777145578302145 0.0099989681689543301 0.0096432496308664732 -0.0029699349885649678 -0.0078974291707593902 0.002935718547102362 0.0037125843532387439 0.0040425172763281407 0.01736958100526104 0.00081327557768777362 0.0073486670875132741 0.0017685737339463948 0.018487456707306889 0.021210319888452119 -0.0018036497315731608 0.013024183708565971 -0.00081278751531303078 0.0052820007738830135 -0.0047363451946592777 -0.00052054123749087908
leaf_weight=3159.4795133545995 3721.9176850169897 2990.3628874123096 4836.3107131123543 635.57473981380463 2396.9748069271445 1091.9644188284874 1740.6091478615999 2349.2705724686384 17717.978578746319 546.30165328085423 334.93967452645302 263.249607026577 468.78474164009094 1947.46825312078 1579.0988949686289 1510.1578512787819 260.62600898742676 6762.9060669541359 46.692406803369522 795.8321093916893 803.13178372383118 377.54597839713097 64.864804908633232 53.251249730587006 392.38118204474449 117.50612512230873 85.682097911834717 152.56616193056107 505.91753816604614 1264.9716889411211
leaf_count=30595 11243 19158 6134 3411 19231 5366 9375 8689 11151 2178 956 198 147 9211 11592 1734 734 4592 61 1993 440 768 175 79 491 161 145 277 1997 4929
internal_value=3.05314e-05 -0.0077934 0.0031388 -0.00487276 -0.0117334 -0.000443802 -0.00617663 -0.00283874 0.00417286 -0.0019206 0.000929601 0.00343976 0.00475955 -0.00459664 -0.00984588 0.00407215 0.00023021 0.0039057 0.00399908 0.00270204 0.00439518 0.00339369 0.00515781 0.00871671 0.00195468 0.00664875 0.00646623 0.00951478 -0.0008086 -0.00173032
internal_weight=58974.3 16766.8 42207.6 9631.21 7135.55 9452.66 6678.44 3441.23 32754.9 2952.77 6011.42 14568.1 18186.8 3688.08 3976.07 9731.83 4895.88 9468.58 1115.54 1173.96 7566.04 1068.85 733.91 356.364 1902.54 378.132 291.5 205.817 2317.19 1770.89
internal_count=167211 111677 55534 50259 61418 30647 37744 14055 24887 12515 16592 13589 11298 18586 30823 7455 14131 7257 2461 2888 5032 2400 1444 676 2225 895 501 356 9104 6926
cat_boundaries=0 1 2
cat_threshold=6562 4244
is_linear=0
shrinkage=0.03


Tree=88
num_leaves=31
num_cat=5
split_feature=20 22 23 3 22 22 0 23 6 3 11 6 0 22 1 11 11 0 23 18 0 1 3 12 6 22 6 19 0 18
split_gain=1533.12 200.374 172.466 44.9177 30.6794 28.1926 23.4005 20.0185 18.3697 15.9001 12.0474 11.4325 13.067 11.9461 12.9315 11.732 16.5824 9.60837 9.58332 9.1652 9.12066 11.2834 8.86092 8.29862 8.85678 7.93114 18.1608 7.64999 7.5319 10.5898
threshold=0.098214285714285726 0.023658788073656251 0.20050251256281412 2.5000000000000004 0.070479214100651652 0.0078229775924323116 0 0.75887605042016815 1180.5000000000002 2.5000000000000004 -0.99763297024448894 1175.5000000000002 1 0.8636611719603795 1.5000000000000002 -0.73866753694953124 -0.8781231054254196 2 0.034118625277161869 5.5000000000000009 3 1.5000000000000002 5.5000000000000009 0.99855310097228334 91.500000000000014 0.86856135311838201 703.50000000000011 0.43750000000000006 4 1.0000000180025095e-35
decision_type=2 2 2 2 2 2 1 2 2 2 2 2 1 2 2 2 2 1 2 2 1 2 2 2 2 2 2 2 1 2
left_child=1 5 6 18 8 -1 10 11 17 -8 -2 12 13 14 -4 16 -16 -5 -3 20 -9 -22 27 24 -15 26 -23 -12 -13 -30
right_child=2 3 7 4 -6 -7 9 19 -10 -11 22 28 -14 23 15 -17 -18 -19 -20 -21 21 25 -24 -25 -26 -27 -28 -29 29 -31
leaf_value=-0.01409107168462085 0.0097741746707712789 -0.0096622882422360834 0.015828885881153189 -0.0051100296337966899 -0.0017329061257669671 -0.010062063758268007 -0.0059950257788752657 0.0049306473173594224 -0.0016082677483653012 -0.0015445835709805031 -0.0012500909522206297 0.0016317902799822032 0.00072589821700665732 0.0069508090694026846 0.0047236534961650339 0.0014422842416254927 0.018115378072665805 -0.0087162644323785197 -0.0064096476143441954 0.0083080827605113757 -0.00018774074045686156 0.0044386889039277275 0.0029554889689383623 0.010667128735981579 0.0021929351450498181 0.0035690375754856545 0.014494950201116101 0.0020875208721495382 0.0067825348222384464 0.0030925120236525742
leaf_weight=3112.373736359179 116.09341485798359 1756.4826185181737 111.57070443034172 1627.8071329668164 3211.4582067430019 3210.8524115309119 1093.1714219748974 10530.441246628761 777.13761952519417 2146.1542023122311 3023.0698888897896 753.57172334194183 2952.356455206871 375.63671177625656 296.0712189078331 427.33320996165276 116.49628821015358 1356.0070000514388 1574.2871061861515 533.30530422925949 648.9670717716217 866.74319264292717 772.47562718391418 113.17692947387695 5809.7680276632309 7893.1940472722054 199.35368597507477 774.91024461388588 1556.1379732936621 1291.8741292059422
leaf_count=30567 311 12076 133 9000 13160 25573 5400 4993 4041 8101 10127 833 5641 344 317 636 127 8385 8814 197 439 524 1908 120 6000 4520 108 1777 1754 1272
internal_value=-0.000122673 -0.00784349 0.00290475 -0.00526158 -0.0038899 -0.0120481 -0.00108494 0.00382214 -0.00572921 -0.00304032 0.0002716 0.00293576 0.00242105 0.00310505 0.00624627 0.0049489 0.00855423 -0.0067996 -0.00812911 0.00441356 0.00430972 0.00361924 2.74235e-05 0.00263359 0.00248393 0.0038997 0.00633659 -0.000567161 0.00439107 0.00509462
internal_weight=59028.3 16626.4 42401.9 10303.2 6972.41 6323.23 7925.87 34476 3760.95 3239.33 4686.55 13804 10202.4 7250.05 951.471 839.901 412.568 2983.81 3330.77 20672 20138.7 9608.26 4570.46 6298.58 6185.4 8959.29 1066.1 3797.98 3601.58 2848.01
internal_count=167198 111616 55582 55476 34586 56140 27624 27958 21426 13501 14123 17177 13318 7677 1213 1080 444 17385 20890 10781 10584 5591 13812 6464 6344 5152 632 11904 3859 3026
cat_boundaries=0 1 2 3 4 5
cat_threshold=6562 2306 67633 2 256
is_linear=0
shrinkage=0.03


Tree=89
num_leaves=31
num_cat=0
split_feature=22 22 20 3 3 20 22 13 13 21 3 15 20 3 22 14 3 15 22 12 21 6 6 2 11 17 13 14 18 6
split_gain=1512.01 256.471 121.854 45.2105 37.2416 36.4177 30.7506 27.1394 15.5119 15.0796 14.7281 10.9199 10.0059 9.16995 9.04348 8.69584 8.68672 8.65145 8.69914 8.09187 10.7867 7.35859 11.4278 8.76916 7.22369 6.85987 6.73827 7.86795 8.77195 13.0318
threshold=0.097364410632518147 0.025119845311482949 0.29464285714285715 1.5000000000000002 2.5000000000000004 0.026785714285714288 0.0078229775924323116 1.0000000180025095e-35 1.0000000180025095e-35 0.36816581414060384 5.5000000000000009 1.0000000180025095e-35 0.25892857142857145 1.0000000180025095e-35 0.067768326051458591 3.5000000000000004 4.5000000000000009 5.5000000000000009 0.14241756577087622 -0.99273797715557011 1.034470816470844 193.50000000000003 601.50000000000011 1.0000000180025095e-35 -0.99630266176052629 1.5000000000000002 3.5000000000000004 1.5000000000000002 1.0000000180025095e-35 889.50000000000011
decision_type=2 2 2 2 2 2 2 2 2 2 2 2 2 2 2 2 2 2 2 2 2 2 2 2 2 2 2 2 2 2
left_child=1 6 4 12 13 -5 -1 10 11 -6 -7 24 -3 -2 -12 19 -8 18 -10 20 -13 23 -23 -11 -4 -21 -20 28 29 -28
right_child=2 3 8 5 9 7 16 -9 17 21 14 15 -14 -15 -16 -17 -18 -19 26 25 -22 22 -24 -25 -26 -27 27 -29 -30 -31
leaf_value=-0.014146924256296121 -0.0010321002745501677 -0.0083899635013554297 0.0080062215391728236 -0.0074094064324579413 -0.0010530573180616654 -0.0043206812929120252 -0.011231949023590307 0.0031037609480007032 0.011756369458882308 0.017940238565946249 -0.0034468040645403526 0.01621849609636572 0.0061539022773193803 -0.0050837938367165568 8.9015885555950171e-05 -0.0023712883009503411 -0.0081169205195417184 0.0084885412270016541 0.0041800745361549319 0.0034191063566492573 0.003637276738760417 -0.0015314065038740689 0.0028444572202935233 0.0044123910124659483 0.0022567284931485549 0.0055004162298923909 0.0067951386852539847 0.0035668906840453916 0.0058445487078444018 0.018463192232381423
leaf_weight=3064.2677244916558 803.22131648659706 2440.8999576494098 202.41172561049461 1804.6386023685336 1883.5674561560154 4232.8484330847859 2083.4817810878158 667.77859587967396 145.65371149778366 50.431511297821999 1156.207319304347 115.94597998261452 42.175033584237099 1364.5204904228449 1480.9194918125868 182.68575817346573 1373.6341756954789 493.26357632875443 15970.000548809767 4903.2167444229126 133.82167214155197 698.59530040621758 2294.0546764731407 293.09177704155445 7073.5518679916859 2037.873799175024 223.44868695735931 732.2413190305233 864.33624029159546 144.04761835932732
leaf_count=30522 2888 15052 216 11276 6931 21411 17225 2482 219 112 5367 104 113 5797 4850 133 10411 153 10476 4176 94 1671 5206 688 7702 1142 124 362 332 87
internal_value=-2.64071e-05 -0.00717399 0.00320269 -0.00453852 -0.000281446 -0.00358037 -0.0119506 -0.002662 0.0039776 0.00109038 -0.00322369 0.00324576 -0.00813814 -0.00358644 -0.00145965 0.00406075 -0.00999868 0.00455431 0.00444618 0.0042253 0.00954298 0.0023023 0.00182079 0.00646209 0.00241858 0.00403174 0.00438582 0.00605275 0.00752146 0.0114226
internal_weight=58956.8 18346.9 40610 11825.5 7387.48 9342.39 6521.38 7537.75 33222.5 5219.74 6869.98 14649.5 2483.07 2167.74 2637.13 7373.54 3457.12 18573 18079.7 7190.86 249.768 3336.17 2992.65 343.523 7275.96 6941.09 17934.1 1964.07 1231.83 367.496
internal_count=167322 118709 48613 60551 23293 45386 58158 34110 25320 14608 31628 13567 15165 8685 10217 5649 27636 11753 11600 5516 198 7677 6877 800 7918 5318 11381 905 543 211
is_linear=0
shrinkage=0.03


Tree=90
num_leaves=31
num_cat=3
split_feature=20 22 20 3 3 22 20 0 3 13 3 3 0 20 1 10 6 22 0 19 6 9 9 20 15 21 6 6 3 6
split_gain=1452.47 215.465 162.687 48.938 31.9569 28.8289 26.913 16.7066 14.2326 13.4362 11.7675 13.8593 11.7559 10.5585 10.6073 15.5386 10.1081 9.21079 8.78744 8.54854 7.75354 8.2056 11.8461 11.7317 11.6592 10.5377 7.64845 7.56468 7.39805 7.21001
threshold=0.098214285714285726 0.025119845311482949 0.33035714285714296 2.5000000000000004 4.5000000000000009 0.0078229775924323116 0.026785714285714288 0 5.5000000000000009 3.5000000000000004 1.5000000000000002 1.0000000180025095e-35 1 1.455357142857143 1.5000000000000002 -0.22252093395631442 769.50000000000011 0.092761053370933558 2 2.1875000000000004 1345.5000000000002 -0.8783796973249266 0.6078576107927941 1.4196428571428574 1.0000000180025095e-35 0.93628167589853295 631.50000000000011 1180.5000000000002 2.5000000000000004 193.50000000000003
decision_type=2 2 2 2 2 2 2 1 2 2 2 2 1 2 2 2 2 2 1 2 2 2 2 2 2 2 2 2 2 2
left_child=1 5 4 17 7 -1 27 -2 -8 10 11 16 26 14 15 -13 -4 -3 -10 -11 21 24 23 -23 -18 -24 29 -5 -9 -6
right_child=2 3 9 6 12 -7 8 28 18 19 -12 13 -14 -15 -16 -17 20 -19 -20 -21 -22 22 25 -25 -26 -27 -28 -29 -30 -31
leaf_value=-0.014065378146377081 -0.00073867905566899741 -0.0087933524930193952 0.0017602832793479769 -0.0073727357199260077 0.0035635847013846837 -0.010004431676118315 -0.0038167540965696536 -0.0058691419041549866 -0.0048499699258959311 0.0070754903467452907 0.0040001074882323757 0.020084837848852378 -0.0017463371339883143 0.0078776351774724578 -0.0010508864577993338 -0.0016397006729883172 0.004108817637039173 -0.0048419199016325508 0.00013301028866808241 0.0014572425780155715 0.00061670651632368234 0.0014856616258445228 0.018252998843751093 0.012575497918153327 0.018822213013167926 0.0065630765697320187 0.0030229473679516329 0.00043571148808079315 -0.0021933576523390976 -0.0013115676540853523
leaf_weight=3016.2513915970922 3117.7695745825768 2489.2331302836537 1380.8654906153679 1504.8024617359042 391.11533345282078 3363.0852198302746 2797.6141382008791 1137.7264579981565 367.18755121529102 1733.3472317755222 26078.881074279547 53.281516194343567 909.81733350455761 150.87126475572586 1543.1180771887302 63.934887766838074 94.173192381858826 690.24372929334641 2009.4073732793331 287.53284960985184 268.3583879172802 636.78042846918106 94.289423763751984 98.693948864936829 103.35709911584854 276.20043563842773 2465.3866281658411 118.92859297990799 883.8173270970583 897.04984813928604
leaf_count=30474 10190 16458 1280 9167 910 27202 14288 5673 1640 810 17633 88 3377 156 2611 106 88 3653 7880 111 250 618 115 55 85 221 5243 663 3739 2252
internal_value=-2.02364e-05 -0.00762083 0.00289353 -0.00486582 -0.000497776 -0.0119274 -0.00342652 -0.00212968 -0.00236649 0.00390527 0.00374926 0.00237426 0.00129946 0.000304301 -0.000384589 0.00827095 0.00364141 -0.0079392 -0.000655899 0.0062802 0.00528799 0.00624388 0.00521953 0.00299702 0.0118938 0.00959543 0.00203882 -0.0067972 -0.00424594 0.000165598
internal_weight=59023.1 16356.8 42666.4 9977.42 9802.68 6379.34 6797.94 5139.31 5174.21 32863.7 30842.8 4763.92 4663.37 1811.21 1660.33 117.216 2952.72 3179.48 2376.59 2020.88 1571.85 1303.49 1105.96 735.474 197.53 370.49 3753.55 1623.73 2021.54 1288.17
internal_count=167036 111425 55611 53749 31384 57676 33638 19602 23808 24227 23306 5673 11782 2961 2805 194 2712 20111 9520 921 1432 1182 1009 673 173 336 8405 9830 9412 3162
cat_boundaries=0 1 2 3
cat_threshold=10656 6568 1156
is_linear=0
shrinkage=0.03


Tree=91
num_leaves=31
num_cat=0
split_feature=23 20 20 23 22 22 13 21 13 13 23 3 22 3 22 6 22 6 13 22 15 17 3 6 9 23 21 12 3 22
split_gain=1403.93 275.752 91.2434 42.8645 38.768 23.1564 22.5171 16.7116 13.0708 10.9196 9.84735 9.53448 14.257 9.50228 10.186 9.43062 8.23142 7.66059 7.64448 8.0178 19.9291 9.4694 9.30884 8.54531 11.6455 28.5789 14.0046 7.61195 11.806 7.65674
threshold=0.11480948161276032 0.026785714285714288 0.29464285714285715 0.038554440728353782 0.0078229775924323116 0.11420430714666589 1.0000000180025095e-35 0.35941729821748025 1.0000000180025095e-35 1.0000000180025095e-35 0.024125487457074681 5.5000000000000009 0.097364410632518147 1.5000000000000002 0.040002216312056742 1145.5000000000002 0.067768326051458591 655.50000000000011 3.5000000000000004 0.88301361223524477 3.5000000000000004 2.5000000000000004 1.5000000000000002 559.50000000000011 -0.8783796973249266 0.60048076923076932 2.2716490544407919 0.57605713708605399 2.5000000000000004 0.90180379829830981
decision_type=2 2 2 2 2 2 2 2 2 2 2 2 2 2 2 2 2 2 2 2 2 2 2 2 2 2 2 2 2 2
left_child=1 4 7 5 -1 9 11 -2 27 13 -6 12 -5 -3 15 -15 -13 -9 19 20 21 23 -21 -10 25 -25 -26 29 -29 -4
right_child=2 3 8 6 10 -7 -8 17 18 -11 -12 16 -14 14 -16 -17 -18 -19 -20 22 -22 -23 -24 24 26 -27 -28 28 -30 -31
leaf_value=-0.014104756139303593 -0.0016988968338301884 -0.0090238062442964933 0.0022607790230593275 -0.0050848326998453744 -0.010975567586519814 0.0038514946674518 0.0022984075758671679 -0.0003763711163102916 0.0020287104109015172 -0.00096523059238084888 -0.0080839880123407624 -0.0025242454633861849 -0.0018359051458388673 -0.0093570356634594468 -0.003858566801303902 -0.0036216042492963206 0.0024016367093803647 0.0022600237796613306 0.0060329754981670314 0.0020674706599333446 0.01633532734727508 -0.001188600778152731 0.0041552904645425605 0.0045878114131114242 0.0064095234684357202 0.026941976193488128 -0.0056323255438134748 -0.00064494736031354386 0.0029736694319854162 0.0040680791101610995
leaf_weight=2901.2316938564181 2939.5175074487925 1509.2605855762959 3012.0480707585812 2871.8914202749729 2291.4316553473473 193.08433051407337 779.35145015269518 1601.5477759838104 474.5269660949707 278.27116127312183 2058.2575255557895 909.90373182296753 2122.8426357954741 944.92101777344942 1123.2781234532595 362.68517153710127 457.33908478915691 2589.0441710203886 2067.695248991251 2317.8227889239788 148.16641092300415 201.85258030891418 11718.973788261414 138.02212160825729 1289.1295787096024 82.387578785419464 91.916984677314758 1103.4219698905945 3036.222508430481 7226.7503100037575
leaf_count=29753 11165 10033 3543 14341 18772 685 2839 4082 424 1565 14135 4405 8296 6980 6106 2420 1535 5809 928 2311 70 125 5940 176 1329 45 53 1380 2399 5385
internal_value=-6.38645e-05 -0.00682561 0.00311163 -0.00394613 -0.0114115 -0.00627186 -0.00250792 3.40442e-05 0.00377823 -0.00673745 -0.00961083 -0.00309791 -0.00370583 -0.00714324 -0.00596996 -0.00777479 -0.000871615 0.00125117 0.00430591 0.00408827 0.00568705 0.00498492 0.00381114 0.00558835 0.00663744 0.0130547 0.00560023 0.0030975 0.00200776 0.00353727
internal_weight=58842.8 18803.7 40039 11552.8 7250.92 4411.5 7141.33 7130.11 32908.9 4218.42 4349.69 6361.98 4994.73 3940.14 2430.88 1307.61 1367.24 4190.59 18530.5 16462.8 2426 2277.84 14036.8 2075.98 1601.46 220.41 1381.05 14378.4 4139.64 10238.8
internal_count=167029 121865 45164 59205 62660 27789 31416 21056 24108 27104 32907 28577 22637 25539 15506 9400 5940 9891 11401 10473 2222 2152 8251 2027 1603 221 1382 12707 3779 8928
is_linear=0
shrinkage=0.03


Tree=92
num_leaves=31
num_cat=3
split_feature=20 22 0 3 20 22 20 3 7 3 3 21 6 16 23 22 3 9 3 3 18 23 20 21 20 6 0 22 22 0
split_gain=1371.4 212.474 143.367 39.4819 29.8604 29.1053 27.2449 21.0988 18.6159 11.2618 14.8624 11.5261 11.0066 12.9035 13.126 10.9105 10.6706 10.4829 9.9485 9.48864 9.4593 9.40449 9.37306 11.075 9.91811 8.07142 7.90249 7.82401 7.75195 7.41794
threshold=0.098214285714285726 0.025119845311482949 0 2.5000000000000004 0.54464285714285732 0.0078229775924323116 0.026785714285714288 1.5000000000000002 0.3535533905932739 1.5000000000000002 1.0000000180025095e-35 2.8389108382124317 781.50000000000011 1.0000000180025095e-35 0.89626135569531806 0.15436204275845475 5.5000000000000009 -0.8783796973249266 1.0000000180025095e-35 4.5000000000000009 5.5000000000000009 0.40389352027283071 0.31250000000000006 0.61765160608024505 0.2410714285714286 589.50000000000011 1 0.8636611719603795 0.0751663497585668 2
decision_type=2 2 1 2 2 2 2 2 2 2 2 2 2 2 2 2 2 2 2 2 2 2 2 2 2 2 1 2 2 1
left_child=1 5 4 29 8 -1 -5 18 12 10 11 27 -2 15 -15 17 28 -14 -4 -7 -11 -12 23 24 -19 -10 -18 -6 -8 -3
right_child=2 3 7 6 9 19 16 -9 25 20 21 -13 13 14 -16 -17 26 22 -20 -21 -22 -23 -24 -25 -26 -27 -28 -29 -30 -31
leaf_value=-0.014036468974300748 0.0010315808776398332 -0.0093460749091759509 -0.0029144660549200643 -0.0069354502328244404 0.0089049880964089979 -0.011233254057215 -0.0052420730473782817 -0.00095957803081654885 -0.0033913043353694249 0.0039812553988026146 0.0012189699322554314 0.01289885500523056 0.018939975352598101 -0.00050817857923750526 0.0093777203406133752 0.0038173822392628524 -0.0049224347880668642 0.01312414324400956 -0.0087673553040518663 -0.0079107725165734975 0.0079550775581806454 -0.0046539832725004801 0.001938167530770894 0.024919553971032321 0.00018494500210301034 0.000577693393550474 -0.0002011709348537877 0.0028654191847068875 -0.0020648063853066219 -0.0061424840553354239
leaf_weight=2949.78999607265 2297.2344046980143 1354.3777908459306 556.52696920931339 1591.6556363254786 208.59511286020279 1994.166185900569 1433.5106442943215 4206.2734359949827 644.8137521147728 24294.958694726229 1276.5019688308239 116.96117341518402 76.396228924393654 878.18291494250298 139.0147647857666 1975.9710651189089 369.93491600453854 131.00117218494415 501.5766945630312 1315.8997430205345 554.68631792068481 302.69253849983215 199.10407799482346 40.66292929649353 91.086669057607651 1606.6569686532021 2007.174318253994 2686.5502966046333 1354.1961835175753 1786.79991312325
leaf_count=30647 4171 9603 2556 9775 199 17032 8113 15363 1789 14255 2012 59 144 1384 95 3110 1650 310 2588 10262 200 399 316 76 185 4056 7891 2163 6230 10541
internal_value=-8.8561e-05 -0.00753482 0.00272342 -0.0047971 0.00337342 -0.0118611 -0.00350263 -0.00191083 0.00175716 0.00381788 0.00244862 0.00368423 0.00265218 0.00370411 0.000844863 0.00485771 -0.00244243 0.00865158 -0.00570026 -0.00991702 0.00407052 8.72402e-05 0.00689955 0.0106148 0.0078688 -0.000557352 -0.000961741 0.00330557 -0.00370208 -0.00757751
internal_weight=58943 16157.5 42785.4 9897.65 37521.1 6259.86 6756.47 5264.38 8080.12 29440.9 4591.3 3012.11 5828.65 3531.42 1017.2 2514.22 5164.82 538.251 1058.1 3310.07 24849.6 1579.19 461.855 262.751 222.088 2251.47 2377.11 2895.15 2787.71 3141.18
internal_count=167174 111744 55430 53803 34923 57941 33659 20507 15636 19287 4832 2421 9791 5620 1479 4141 23884 1031 5144 27294 14455 2411 887 571 495 5845 9541 2362 14343 20144
cat_boundaries=0 1 2 3
cat_threshold=2434 1156 70660
is_linear=0
shrinkage=0.03


Tree=93
num_leaves=31
num_cat=3
split_feature=20 22 23 23 22 21 7 7 0 14 0 6 6 18 21 22 0 20 22 21 20 16 8 17 15 17 7 21 12 12
split_gain=1370.29 210.093 137.997 41.6436 28.8376 18.4716 17.1743 15.0374 14.8687 13.8837 13.6059 12.7119 10.9549 10.1688 9.59458 11.3131 9.23348 8.89049 7.87253 7.59684 7.47983 8.05349 6.64797 6.11664 7.25195 10.1576 7.36248 8.95293 8.75418 7.14028
threshold=0.098214285714285726 0.025119845311482949 0.15733188843894372 0.07062020460358058 0.0078229775924323116 0.88273482950474957 -1.0000000180025095e-35 -1.0000000180025095e-35 0 1.5000000000000002 1 481.50000000000006 1220.5000000000002 5.5000000000000009 0.52192202233915885 0.11701815622099478 2 0.47321428571428575 0.063958934817495636 0.87218936344940856 1.9732142857142858 6.5000000000000009 1.0000000180025095e-35 1.5000000000000002 4.5000000000000009 1.0000000180025095e-35 0.3535533905932739 1.0249325371319602 0.65720762023595369 0.99855310097228334
decision_type=2 2 2 2 2 2 2 2 1 2 1 2 2 2 2 2 1 2 2 2 2 2 2 2 2 2 2 2 2 2
left_child=1 4 6 7 -1 11 14 -3 9 -8 -5 -4 18 17 -2 -16 22 -7 -9 -11 21 23 -14 24 26 -26 27 -19 -28 -30
right_child=2 3 5 10 -6 13 8 12 -10 19 -12 -13 16 -15 15 -17 -18 20 -20 -21 -22 -23 -24 -25 25 -27 28 -29 29 -31
leaf_value=-0.014005189428604587 2.4413853797734988e-05 -0.0039333090637640299 0.00039312254912757851 -0.0011788375605789687 -0.0098806221502696686 -0.0016145959945241518 -0.0010063842192904945 -0.0096497185375193223 -0.0037546334034085226 0.0032083777609026431 -0.0044956550966459155 0.0030019231429697936 0.022140556443019453 0.0078906968022710768 0.0024043700343228691 0.014224969549533817 -0.0050202274759953884 0.0053530619731978236 -0.0066600041098290224 0.017388587563590102 -0.0023476639575011719 0.008750591262022293 0.00066408789175347353 0.0044797511527677894 0.010819298997766394 0.0025877188219275734 0.0031620515456967477 0.0033784157854700168 -0.00020471872657676609 0.0091697144947757245
leaf_weight=2913.5979217737913 1519.5025218576193 1426.4480641782284 2367.6908391267061 2535.8753111064434 3274.0855022147298 269.3385939002037 1838.3618779033422 1723.6898805275559 2564.6137914508581 93.935576662421227 2018.4239521473646 5845.4762319624424 18.679661095142365 557.5726979970932 311.61817720532417 95.107641696929932 555.94189921021461 2666.0242493748665 1531.1169442981482 54.097858756780624 172.77815037965775 303.8398055434227 40.055908679962158 8763.8334702849388 286.31727337837219 260.29968249797821 4080.9760156869888 9488.9942922592163 1239.801441192627 76.653065621852875
leaf_count=30701 5325 8080 4252 10071 27261 331 5703 12321 11741 246 9970 8990 97 206 785 168 3536 1820 9495 93 70 114 244 4290 123 98 4223 5542 1366 80
internal_value=-1.27682e-05 -0.00749301 0.00278646 -0.0047698 -0.0118257 0.0035048 -0.0012471 -0.00657937 -0.0022524 -0.000288597 -0.00266326 0.00225073 -0.00755199 0.00387018 0.00112488 0.00521129 -0.00385136 0.00378848 -0.00824763 0.00851261 0.00384199 0.00388166 0.00672517 0.00382604 0.00350894 0.00692225 0.00340192 0.00381242 0.0024758 0.000343117
internal_weight=58894.7 16037.9 42856.8 9850.23 6187.68 36379.6 6477.24 5295.93 4551.01 1986.4 4554.3 8213.17 3869.48 28166.4 1926.23 406.726 614.677 27608.9 3254.81 148.033 27339.5 27166.7 58.7356 26862.9 18099.1 546.617 17552.4 12155 5397.43 1316.45
internal_count=167342 111776 55566 53814 57962 31505 24061 33773 17783 6042 20041 13242 25693 18263 6278 953 3877 18057 21816 339 17726 17656 341 17542 13252 221 13031 7362 5669 1446
cat_boundaries=0 1 2 3
cat_threshold=10626 67625 48
is_linear=0
shrinkage=0.03


Tree=94
num_leaves=31
num_cat=3
split_feature=20 22 20 3 3 0 22 3 0 0 20 3 3 16 22 15 9 21 14 12 15 16 20 3 22 21 12 20 12 21
split_gain=1351.7 210.954 131.488 43.1189 31.4472 30.1263 25.286 18.7508 17.4241 13.4612 12.2354 9.25097 8.51921 8.40904 8.0111 7.39511 6.97303 6.29836 6.41909 5.93957 7.20415 6.93011 6.66357 7.1445 5.74276 10.1899 9.34373 8.95392 5.69546 5.42908
threshold=0.098214285714285726 0.025119845311482949 0.33035714285714296 2.5000000000000004 5.5000000000000009 0 0.062277466920423276 5.5000000000000009 1 2 0.026785714285714288 4.5000000000000009 2.5000000000000004 4.5000000000000009 0.087723184789621392 4.5000000000000009 0.6078576107927941 0.9803259463254832 5.5000000000000009 -0.26867065956352881 1.5000000000000002 1.5000000000000002 0.81250000000000011 2.5000000000000004 0.93213278419381618 2.6753740757250477 -0.78324956448884031 0.63392857142857151 0.82777578779003613 1.3675269175156475
decision_type=2 2 2 2 2 1 2 2 1 1 2 2 2 2 2 2 2 2 2 2 2 2 2 2 2 2 2 2 2 2
left_child=1 5 4 14 9 11 10 13 -6 -2 -5 -1 -11 15 -3 17 -14 19 24 21 -21 22 -4 -24 26 27 29 -26 -12 -19
right_child=2 3 7 6 8 -7 -8 -9 -10 12 28 -13 16 -15 -16 -17 -18 18 -20 20 -22 -23 23 -25 25 -27 -28 -29 -30 -31
leaf_value=-0.010572063597457514 -0.00038582273305146368 -0.0085498684060806782 0.0032988050667239247 -0.0083668773931493707 0.0036750581616861702 -0.013543670739478052 -0.0019355751088506743 0.0045549064700844679 -0.00080272908381254769 -0.0051767075779683962 -0.003156314186714239 -0.0067421073683691466 -0.00030331067931461822 0.0090271267511420721 -0.0050737218771538502 0.0081838712596491881 -0.0050852400157182153 0.00069383343422176763 -0.0020777334418059993 0.0017246799788561075 -0.0030392501477736846 -0.0015029012620792924 0.014974209921573391 0.0036372636840744147 0.011333995315798045 0.011174587310367082 0.0031166719547106089 0.0035879724324832086 -0.0081441128392477132 -0.0059647799336997806
leaf_weight=1453.3761627972126 3883.0807414650917 2266.1075580567122 1573.979337066412 980.65824850648642 2176.5146923661232 3704.1307548880577 4252.2761580646038 13745.272746145725 1214.2629580199718 1115.2496895343065 1214.4501207992435 965.33488535881042 991.23318165540695 213.79477578401566 831.75988188385963 248.9367453455925 380.24499660730362 630.68812921643257 194.8605073094368 2755.4816787242889 316.99623140692711 233.48882210254669 96.714251697063446 107.92456781864166 136.57848739624023 168.48729288578033 4624.1709094941616 8099.3295558691025 250.85623642802238 132.31769916415215
leaf_count=12608 12204 15590 2030 6683 3911 37793 18708 6030 3902 5656 6777 7605 4047 138 4566 135 1602 617 170 3495 334 246 107 84 128 107 4056 6419 1463 122
internal_value=4.41895e-05 -0.00742449 0.00280686 -0.00469242 -0.000254355 -0.0117932 -0.00333641 0.00370486 0.00207846 -0.00149724 -0.00576751 -0.00901214 -0.00321499 0.0031062 -0.00762042 0.0030399 -0.00163622 0.00297202 0.00330156 0.00206389 0.00123039 0.00333242 0.00397104 0.00907115 0.00337814 0.00387002 0.00260909 0.00371852 -0.00401927 -0.000459322
internal_weight=58958.6 15919 43039.6 9796.11 9760.59 6122.84 6698.24 33279 3390.78 6369.81 2445.96 2418.71 2486.73 19533.7 3097.87 19320 1371.48 19071 13986.4 5084.58 3072.48 2012.11 1778.62 204.639 13791.6 8404.4 5387.18 8235.91 1465.31 763.006
internal_count=167333 111793 55540 53787 31322 58006 33631 24218 7813 23509 14923 20213 11305 18188 20156 18050 5649 17915 11619 6296 3829 2467 2221 191 11449 6654 4795 6547 8240 739
cat_boundaries=0 1 2 3
cat_threshold=90144 2464 10656
is_linear=0
shrinkage=0.03


Tree=95
num_leaves=31
num_cat=0
split_feature=20 23 23 22 13 20 20 3 22 7 20 16 3 12 19 3 9 3 13 22 22 12 19 21 12 3 19 22 19 21
split_gain=1320.9 193.655 132.261 48.8932 26.0653 25.5783 19.3664 17.8161 14.3629 12.6321 10.4143 9.59447 9.41742 19.4503 8.94044 9.86537 8.72731 8.20842 7.14932 7.10752 6.96353 6.62651 6.51423 11.1652 8.19678 8.60063 6.85596 6.48271 6.44974 15.8999
threshold=0.098214285714285726 0.031612258494337117 0.13427827306420917 0.0078229775924323116 1.0000000180025095e-35 0.026785714285714288 0.22321428571428573 5.5000000000000009 0.055239694623859872 1.0000000180025095e-35 0.25892857142857145 5.5000000000000009 2.5000000000000004 0.68274389090025245 0.81250000000000011 1.5000000000000002 -0.8783796973249266 2.5000000000000004 1.0000000180025095e-35 0.097364410632518147 0.23577559563670142 -0.99628250747696534 0.31250000000000006 1.1204995067724572 -0.55656394595157355 6.5000000000000009 1.0625000000000002 0.96594784195729233 2.0625000000000004 2.6753740757250477
decision_type=2 2 2 2 2 2 2 2 2 2 2 2 2 2 2 2 2 2 2 2 2 2 2 2 2 2 2 2 2 2
left_child=1 3 9 -1 6 -3 -4 18 -5 10 -2 22 13 21 15 20 -12 -10 19 -7 -11 -8 23 24 25 -6 -24 -14 29 -28
right_child=2 5 4 8 11 7 12 -9 17 14 16 -13 27 -15 -16 -17 -18 -19 -20 -21 -22 -23 26 -25 -26 -27 28 -29 -30 -31
leaf_value=-0.01403794374137717 -0.00067293962612944951 -0.0071195297137917396 -7.8389417323865512e-05 -0.0098860638053906626 0.00513722334985851 -0.0057197700162386188 0.010060411517566084 -0.001130704938463474 -0.0079624509344707224 -0.007034587339112019 0.01812025867979072 0.0085625003123059994 0.0028204819425953582 -0.0020955876411950835 0.0054581425729309883 -0.0020098623811429326 0.0032339875499350912 -0.002402197434621649 0.00099364304929080191 -0.0026207602646233382 -0.0010712998908580451 0.0024877210359843254 0.0032349180009979407 0.013395797686941019 0.0030214645929091022 0.016207613619715615 0.0044658489015118319 0.0044140462095538903 0.0021229434801089599 0.012513919221348894
leaf_weight=2780.3552647605538 1963.9662704318762 1984.194034948945 2370.9883317947388 4121.7011818140745 177.6342109888792 2387.4725733101368 107.53837394714355 2325.6678896471858 650.88565900921822 741.83588217198849 41.065092712640762 413.70046365261078 8187.7663026750088 977.82561036944389 112.91882199048996 2330.7508339285851 242.71321707963943 384.81496721506119 197.78279372304678 939.05756002664566 234.84814351797104 2965.8142867386341 9451.5914164036512 164.7243275642395 647.41130486130714 100.55537727475166 7355.602591753006 3230.6783903241158 991.8553780913353 228.06088584661484
leaf_count=30145 7672 13023 6294 33532 308 13253 131 9548 4515 3457 82 124 7489 1258 205 9330 491 2182 971 4405 672 3578 6770 106 1058 154 3923 1910 449 84
internal_value=-9.53183e-05 -0.00752221 0.00262623 -0.010825 0.00327394 -0.00417401 0.00244386 -0.00317288 -0.00908938 -0.00164309 0.000101431 0.0040317 0.00283081 0.00158466 -0.00279098 -0.00307599 0.00546529 -0.00590663 -0.00451808 -0.00484779 -0.00560939 0.00275783 0.0039329 0.00619505 0.00489402 0.00920398 0.00379541 0.00327223 0.00441201 0.00471028
internal_weight=58811.8 15771.9 43039.8 7937.76 37371.7 7834.17 17840.6 5849.98 5157.4 5668.1 2247.74 19531.1 15469.6 4051.18 3420.35 3307.43 283.778 1035.7 3524.31 3326.53 976.684 3073.35 19117.4 1090.33 925.601 278.19 18027.1 11418.4 8575.52 7583.66
internal_count=167119 111574 55545 70374 33636 41200 20660 28177 40229 21909 8245 12976 14366 4967 13664 13459 573 6697 18629 17658 4129 3709 12852 1626 1520 462 11226 9399 4456 4007
is_linear=0
shrinkage=0.03


Tree=96
num_leaves=31
num_cat=4
split_feature=0 23 0 6 23 22 22 22 20 3 3 6 3 3 7 7 22 22 0 3 20 23 23 19 3 12 22 19 0 20
split_gain=1241.46 204.481 149.128 37.7644 27.2032 26.6483 17.6742 17.44 17.2046 14.818 13.6903 13.2282 12.4636 12.254 9.10557 9.05022 8.7169 8.36111 7.89139 7.80063 10.8647 8.83277 8.44408 7.67134 8.38884 7.45845 8.01598 7.66749 6.9808 6.98057
threshold=0 0.20595625184747268 1 1180.5000000000002 0.052493799944888404 0.060743049864530378 0.0078229775924323116 0.11701815622099478 0.49107142857142866 2.5000000000000004 3.5000000000000004 1120.5000000000002 5.5000000000000009 5.5000000000000009 0.3535533905932739 0.3535533905932739 0.032477342204167071 0.12410772417628714 2 1.5000000000000002 1.455357142857143 0.42349939975990403 0.34491379310344833 0.31250000000000006 2.5000000000000004 0.67007489853957602 0.93524945171900331 2.0625000000000004 3 1.8125000000000002
decision_type=1 2 1 2 2 2 2 2 2 2 2 2 2 2 2 2 2 2 1 2 2 2 2 2 2 2 2 2 1 2
left_child=1 4 3 5 7 13 -4 16 11 -7 -5 -3 23 -2 -9 29 -1 -14 -18 20 -17 -21 -22 24 -6 26 -23 -28 -25 -10
right_child=2 8 6 10 12 9 -8 14 15 -11 -12 -13 17 -15 -16 19 18 -19 -20 21 22 25 -24 28 -26 -27 27 -29 -30 -31
leaf_value=-0.0095601615210173518 -0.0099221395713873211 0.00089461444901827976 -0.013992145179265121 -0.0047975857402470295 -0.0033035018559217956 -0.0078883272397977482 -0.010332172300708051 0.014614874647635586 0.0040007845286360606 -0.0033583361303886959 0.00056914736955665588 0.0042352692078823327 0.0007773843687317037 -0.005713500714982815 0.00030888111136940708 -0.0001500901695615498 -0.0010924891288895755 0.007295547253956822 -0.0055783483439690359 0.010262960535850919 0.0009948948160097516 0.0020045791783787782 0.014522707491481299 0.0026410292298536882 -0.00069249627297000621 0.0009379316373141121 0.0043035531690355034 0.011649063051265299 -0.0016111844020816016 -2.2997769944901665e-05
leaf_weight=340.15830747038126 2246.2271152511239 3920.4929670840502 2772.2056797370315 758.49681179970503 2060.4783084541559 952.15687914192677 2145.7835977524519 48.094478949904442 22942.75135332346 2080.6737458109856 975.21931077539921 1468.6675851494074 1976.6082435548306 879.97192107886076 222.51697723567486 1318.6093267798424 522.8526476174593 194.05595538020134 1243.3844612240791 155.55072265863419 82.618146359920502 1653.7549831867218 84.95767080783844 733.52247194945812 2410.1753609925508 1213.9227260947227 2296.2053360939026 136.07572758197784 640.78600884974003 391.67696368694305
leaf_count=2418 17285 7589 30446 4750 8276 6218 18678 94 12363 10352 4721 2029 5661 5788 899 2051 2409 474 6741 197 90 1533 77 1668 9180 1139 1833 87 1843 140
internal_value=-6.16988e-06 0.00229164 -0.00826274 -0.00568675 -0.00141037 -0.00679518 -0.0123737 -0.00422858 0.0033712 -0.00478464 -0.00177674 0.00180675 -0.000573467 -0.0087416 0.00291795 0.00364941 -0.0051505 0.00136596 -0.00429293 0.00269487 0.000762157 0.00322005 0.00793429 -0.00129485 -0.00189769 0.00301031 0.00362415 0.00472159 0.000661785 0.00393299
internal_weight=58868.7 46057.9 12810.7 7892.75 10392.6 6159.03 4917.99 2377.01 35665.3 3032.83 1733.72 5389.16 8015.63 3126.2 270.611 30276.1 2106.4 2170.66 1766.24 6941.69 1486.19 5455.51 167.576 5844.96 4470.65 5299.96 4086.04 2432.28 1374.31 23334.4
internal_count=167029 68791 98238 49114 39663 39643 49124 12561 29128 16570 9471 9618 27102 23073 993 19510 11568 6135 9150 7007 2218 4789 167 20967 17456 4592 3453 1920 3511 12503
cat_boundaries=0 1 2 3 4
cat_threshold=2475 77844 32 418
is_linear=0
shrinkage=0.03


Tree=97
num_leaves=31
num_cat=2
split_feature=0 22 21 3 22 22 3 21 13 23 13 22 11 21 21 21 6 6 9 12 22 3 7 23 21 6 13 22 0 23
split_gain=1221.77 194.487 136.645 44.403 30.5241 25.5956 24.1093 21.5041 18.6019 14.7902 12.0045 11.946 14.6535 11.7902 9.21857 21.0843 8.70934 8.79337 8.32493 8.02507 7.86544 7.37665 7.33282 7.04526 8.42977 6.72823 8.61622 6.96822 6.45368 6.45337
threshold=0 0.023372770750673795 0.56393125945271683 2.5000000000000004 0.033495957569683134 0.0078229775924323116 4.5000000000000009 0.16044347806795992 1.0000000180025095e-35 0.67988764044943839 1.0000000180025095e-35 0.14241756577087622 -0.86976336936302323 0.38540608735056198 2.8389108382124317 3.3193146343606732 763.50000000000011 193.50000000000003 0.6078576107927941 0.50370931781787065 0.06986821333074654 5.5000000000000009 0.85355339059327384 0.052493799944888404 0.44098962190848795 1205.5000000000002 1.0000000180025095e-35 0.063680990723152336 1 0.096604633289415917
decision_type=1 2 2 2 2 2 2 2 2 2 2 2 2 2 2 2 2 2 2 2 2 2 2 2 2 2 2 2 1 2
left_child=2 5 4 25 22 -2 13 20 9 29 28 12 -10 -6 -13 -16 17 -8 -18 23 -5 -7 -1 -15 -25 26 27 -3 -9 -4
right_child=1 3 8 7 6 21 16 10 11 -11 -12 14 -14 19 15 -17 18 -19 -20 -21 -22 -23 -24 24 -26 -27 -28 -29 -30 -31
leaf_value=-0.0098253102827205643 -0.01398020600604183 -0.010963183250747726 -0.0019046103459628354 -0.0076844932975677549 -0.0036658876004278815 -0.010825165014510521 0.0036855838703376831 -0.0019635751881915187 0.019644044192778178 0.0032772344950529149 0.0021022705908126907 0.0036910068925079284 0.0048973237112486089 -0.0036263327461665096 0.014740701711788805 0.0032540883796027386 0.0013137368688006718 -0.0012852016295062314 0.0055026693365043478 -0.003012680325484515 -0.0011268168533827934 -0.0073253416442566636 0.0010312674644742373 0.0059996139002248183 0.00025844542930548471 -0.0050588389444976081 -0.00056131452081100775 -0.0075260032359395612 -0.004270330776415949 0.0016830602718620484
leaf_weight=405.30844630300999 2736.1135186702013 965.073825314641 485.48676151037216 1174.7687739208341 2078.9128151684999 2096.2669385224581 403.07037489116192 2602.2607978358865 94.794556453824043 9409.7752323150635 458.35151682049036 18593.166838228703 172.22141245007515 264.35688926279545 225.02195417881012 402.75936216115952 1467.0441090613604 1541.047185882926 605.31171762943268 760.54731637239456 194.4068646132946 762.43522149324417 63.593431062996387 312.38676984608173 876.46724466979504 623.15613022446632 115.55057602375746 1259.371314778924 1989.5096770077944 6011.9778737127781
leaf_count=2710 30471 7414 1325 8074 10340 18688 1115 11374 136 6035 1844 11525 338 1175 78 151 3533 4604 1442 2500 1006 6219 384 1081 2629 3918 700 7803 10726 8194
internal_value=-6.29282e-05 -0.00746442 0.00244771 -0.00482761 -0.000901631 -0.0118969 -0.000480132 -0.00342287 0.00327922 0.00251662 -0.00251597 0.00390123 0.0102088 -0.00204355 0.00381277 0.00739779 0.00118939 -0.000250168 0.00254223 -0.000516352 -0.00675926 -0.00989672 -0.00834109 0.000787165 0.00177583 -0.00786658 -0.00860925 -0.00902417 -0.00297863 0.00141382
internal_weight=59150.5 14977.3 44173.3 9382.45 8778.05 5594.82 8309.14 6419.3 35395.2 15907.2 5050.12 19488 267.016 4292.67 19220.9 627.781 4016.47 1944.12 2072.36 2213.76 1369.18 2858.7 468.902 1453.21 1188.85 2963.15 2340 2224.45 4591.77 6497.46
internal_count=167532 108237 59295 52859 31513 55378 28419 33024 27782 15554 23944 12228 474 17725 11754 229 10694 5719 4975 7385 9080 24907 3094 4885 3710 19835 15917 15217 22100 9519
cat_boundaries=0 1 2
cat_threshold=2474 8209
is_linear=0
shrinkage=0.03


Tree=98
num_leaves=31
num_cat=5
split_feature=21 0 23 23 0 3 23 3 6 0 13 21 3 6 6 16 6 0 19 6 21 0 21 1 19 6 11 2 3 23
split_gain=1184.01 237.479 82.2626 57.8832 26.7041 17.4169 16.5399 16.5191 16.0995 16.0057 15.8422 14.1447 13.0804 11.8805 10.1131 10.6899 9.13717 8.2298 7.95634 7.87455 9.59884 7.65245 7.50627 11.5944 7.19828 7.06198 9.21378 8.52407 7.57201 7.69916
threshold=0.36816581414060384 0 0.20595625184747268 0.033538300026245742 1 4.5000000000000009 0.72010362694300534 5.5000000000000009 1170.5000000000002 2 1.0000000180025095e-35 3.633515372553564 2.5000000000000004 355.50000000000006 757.50000000000011 6.5000000000000009 1200.5000000000002 3 0.93750000000000011 133.50000000000003 0.58650879619340068 4 1.6929475013634481 9.5000000000000018 2.3125000000000004 361.50000000000006 -0.21861968191509915 5.5000000000000009 5.5000000000000009 1.5644362823379114
decision_type=2 1 2 2 1 2 2 2 2 1 2 2 2 2 2 2 2 1 2 2 2 1 2 2 2 2 2 2 2 2
left_child=1 9 10 5 8 -3 16 -6 13 -1 12 14 18 -5 22 -16 24 19 -2 20 -14 -7 25 -24 -4 27 -27 28 -8 -30
right_child=2 3 6 4 7 21 11 -9 -10 -11 -12 -13 17 -15 15 -17 -18 -19 -20 -21 -22 -23 23 -25 -26 26 -28 -29 29 -31
leaf_value=-0.010134396263642377 -0.0031568188789844582 -0.0085509929789055871 0.0018314739580897318 -0.0034775984206528348 -0.0032859281234115124 0.0038323970788308294 0.0023405051821784135 -0.00017166922225040181 -0.0010483200908305396 -0.013984808810519545 0.0027414136783857276 -0.0039568334604399985 0.0036125453863223053 -0.0085818037543677946 0.0043461808013332687 0.010448723180447919 0.0038503400404593224 -0.0024350041570242891 0.0081011137868313137 0.00074905278013871095 0.02438286575551404 -0.004634837139422773 -0.0027492039733457234 0.0054049157158800243 0.0083616613063544551 0.0041743880431815133 0.0015213525572234578 0.0067519034272186754 0.0077328503870794435 0.0038355620057466569
leaf_weight=2184.9931844994426 2182.9251219257712 3013.3698369190097 9091.5098296403885 599.78118447959423 3894.309590831399 104.74363136291504 2277.6141699254513 2534.7311394512653 518.2269082441926 2607.3202234134078 1154.3335789367557 209.30575025081635 77.276033326983452 1346.5660592466593 10961.988399684429 265.66228598356247 3003.0111204981804 770.53101244568825 56.781488955020905 1989.7758767455816 26.721124649047852 672.04229005426168 437.81640660762787 243.25089108943939 154.15986740589142 1959.413233757019 2985.1234731674194 936.15479379892349 591.95867156982422 2078.1462004184723
leaf_count=19624 7924 22459 11663 3212 19606 557 1677 9427 2777 29440 3056 81 259 8653 5444 78 3143 3162 99 5663 53 4606 209 123 114 1060 1844 461 250 742
internal_value=-2.20659e-05 -0.00657118 0.00273888 -0.00440821 -0.00308694 -0.00751699 0.00330243 -0.00205605 -0.00574014 -0.0122577 -0.000429446 0.00377812 -0.00114815 -0.00701458 0.00384976 0.00449203 0.00241056 0.00019295 -0.00286524 0.00116967 0.00918783 -0.00349224 0.00322236 0.00015799 0.0019419 0.00341451 0.00257454 0.0041188 0.00361812 0.0047044
internal_weight=58929.5 17476.1 41453.5 12683.8 8893.61 3790.16 35195.1 6429.04 2464.57 4792.31 6258.34 22946.4 5104.01 1946.35 22737.1 11227.7 12248.7 2864.3 2239.71 2093.77 103.997 776.786 11509.5 681.067 9245.67 10828.4 4944.54 5883.87 4947.72 2670.1
internal_count=167466 120361 47105 71297 43675 27622 26889 29033 14642 49064 20216 11969 17160 11865 11888 5522 14920 9137 8023 5975 312 5163 6366 332 11777 6034 2904 3130 2669 992
cat_boundaries=0 1 2 3 4 5
cat_threshold=50752 12292 17408 2472 4124
is_linear=0
shrinkage=0.03


Tree=99
num_leaves=31
num_cat=5
split_feature=20 0 23 23 6 0 3 20 3 21 6 20 0 3 21 20 23 0 6 12 20 0 3 21 3 21 1 6 21 5
split_gain=1179.37 199.97 122.661 44.9302 22.3724 18.3414 18.0443 15.6896 15.2372 12.1597 11.2499 11.2269 8.60784 8.45316 8.15069 7.93314 7.73637 6.99962 6.9645 6.90666 6.5551 6.21275 5.9537 13.8852 7.82699 7.56703 6.13425 5.83487 10.9423 6.57149
threshold=0.098214285714285726 0 0.20595625184747268 0.075652963888258026 1180.5000000000002 1 5.5000000000000009 1.0000000180025095e-35 4.5000000000000009 0.97084111343332469 553.50000000000011 0.026785714285714288 2 6.5000000000000009 1.116435654853684 0.026785714285714288 0.030135617848277535 3 1435.5000000000002 -0.99628250747696534 0.90178571428571441 4 1.5000000000000002 2.6753740757250477 1.0000000180025095e-35 2.0765776293919509 1.5000000000000002 151.50000000000003 1.205506844960557 1.0000000180025095e-35
decision_type=2 1 2 2 2 1 2 2 2 2 2 2 1 2 2 2 2 1 2 2 2 1 2 2 2 2 2 2 2 2
left_child=1 7 5 4 8 6 14 -1 15 10 13 -5 16 -4 -2 -3 -6 -10 -9 -12 -21 -13 23 24 25 -11 -26 28 -24 -30
right_child=2 3 9 11 12 -7 -8 18 17 22 19 21 -14 -15 -16 -17 -18 -19 -20 20 -22 -23 27 -25 26 -27 -28 -29 29 -31
leaf_value=-0.013515661742877102 -0.0010801369740596133 -0.010162884900740674 0.00013905135441016203 -0.0057598427410343617 -0.0041488628236496438 -0.0034681170808409643 0.0032600528657632079 -0.010012390904327729 0.00012281097957714368 0.0033739339683706566 0.0091118625233305908 -0.00074106856876992254 -0.0050193917674340362 0.0037736332850354976 0.0066534015683216517 -0.0072607033884261232 0.0033404736342676541 -0.0056041070561756723 0.0067421212834434313 0.0027884726811144684 0.011319572397738006 -0.0033593884283532527 0.0083556476048840464 0.009860624990458906 0.0085929305728281152 -0.0041212163261901084 -0.00052711066933214029 0.003582365175907095 0.002724212373344641 0.0065612584671548586
leaf_weight=3248.8066407367587 4798.8025164604187 1378.3763276338577 2661.0958007127047 776.09760884940624 207.48087137192488 1880.5948021411896 1170.8995650261641 1470.9857010096312 231.19597364962101 2375.3190737366676 165.55534678697586 2135.0031436979771 583.22693409025669 735.36955016851425 124.69730016589165 2339.085792966187 305.44190821051598 1314.6509080976248 21.592642158269882 6290.9087165296078 81.72825562953949 1337.5563357770443 688.31987500190735 216.25735402107239 69.619964957237244 126.21361815929413 1102.7162549495697 19332.352884590626 1305.2760217189789 587.98387736082077
leaf_count=35297 16132 11162 3606 4286 1415 8641 2937 13682 1139 1841 181 8358 3572 825 194 15885 1682 8785 181 7350 55 6276 368 142 107 85 1632 10643 642 269
internal_value=-3.64296e-05 -0.00719026 0.00247551 -0.00488355 -0.0064845 -0.000887908 -8.44621e-05 -0.0123115 -0.00729715 0.00322622 0.00233219 -0.00249635 -0.0025739 0.000928621 -0.00088174 -0.00834084 0.00029146 -0.00477962 -0.00976164 0.00306015 0.00290058 -0.0017638 0.00357009 0.00248273 0.00204424 0.00299188 1.62373e-05 0.00376273 0.00510914 0.00392187
internal_weight=59063.2 15349.5 43713.7 10608.1 6359.46 7974.99 6094.4 4741.38 5263.31 35738.7 9934.66 4248.66 1096.15 3396.47 4923.5 3717.46 512.923 1545.85 1492.58 6538.19 6372.64 3472.56 25804.1 3890.13 3673.87 2501.53 1172.34 21913.9 2581.58 1893.26
internal_count=167370 111720 55650 62560 43640 27904 19263 49160 36971 27746 12017 18920 6669 4431 16326 27047 3097 9924 13863 7586 7405 14634 15729 3807 3665 1926 1739 11922 1279 911
cat_boundaries=0 1 2 3 4 5
cat_threshold=50752 6570 12336 25 67625
is_linear=0
shrinkage=0.03


Tree=100
num_leaves=31
num_cat=3
split_feature=23 22 20 21 22 0 3 23 3 23 21 3 3 22 15 22 3 14 11 0 3 18 23 14 19 14 0 12 20 12
split_gain=1137.56 186.18 131.306 37.2811 26.7679 18.1632 17.5179 16.704 12.402 10.4422 10.266 10.1146 9.60923 10.1621 9.45585 8.0763 7.61329 7.11851 12.2793 7.01628 6.56795 12.2374 8.11515 8.09745 8.29396 6.35884 6.23397 5.94107 5.89362 14.2999
threshold=0.080379576453697074 0.023372770750673795 0.22321428571428573 0.24353894017376096 0.0078229775924323116 0 1.5000000000000002 0.63406663478399505 4.5000000000000009 0.11138079827400217 0.13363062095621228 1.5000000000000002 1.0000000180025095e-35 0.12748109862484291 3.5000000000000004 0.10070289018693793 4.5000000000000009 1.0000000180025095e-35 0.9893236546938301 1 5.5000000000000009 1.0000000180025095e-35 0.22811275762221089 1.0000000180025095e-35 1.9375000000000002 1.0000000180025095e-35 2 0.9980355542543059 1.4732142857142858 -0.27694043983797384
decision_type=2 2 2 2 2 1 2 2 2 2 2 2 2 2 2 2 2 2 2 1 2 2 2 2 2 2 1 2 2 2
left_child=1 4 5 8 -1 11 12 9 -3 -4 -7 25 13 -5 20 17 -17 -8 -19 -10 23 -22 -23 24 27 -2 -14 -11 -25 -30
right_child=2 3 7 6 -6 10 15 -9 19 14 -12 -13 26 -15 -16 16 -18 18 -20 -21 21 22 -24 28 -26 -27 -28 -29 29 -31
leaf_value=-0.013998441686886066 -0.0056118160862559646 -0.0081620202627718953 -0.0021373942069358998 -0.0033398054635251266 -0.0097157250633653231 -0.0062474239445726521 -0.0028714025211617465 0.0035122161897921623 -0.00033542015807916479 0.00048265878472715995 -0.0017171041579267705 0.0012200152710081535 -0.0040393411018244015 0.018212139758986331 0.010295255107062726 0.00013964300362133284 0.010564133040676778 0.00056082081457372863 0.026162644948053489 -0.0057527326964226071 0.0054127540257781414 0.0084767303642956249 -0.00098283115480206741 0.0024597859904628093 0.012347980056609106 0.0038355659471884149 -0.0090420646799496129 0.0093282926500682876 0.014185979347238326 0.00026182969698596378
leaf_weight=2624.7939113229513 330.78794187307358 2616.5927289873362 503.76601147651672 699.04066567122936 2689.3404190391302 500.83002660423517 2607.5555481612682 26530.496964335442 299.38525058329105 3742.6984303295612 4518.6389460787177 3128.434760093689 435.65461412072182 19.202465757727623 130.34291124343872 456.45860850811005 72.400367215275764 199.46716199815273 17.482557043433189 890.04205030202866 1293.3619996607304 94.356805026531219 563.2149510383606 3067.3780987858772 54.381453514099121 77.945587545633316 673.80521985888481 68.71468260884285 130.30787235498428 136.13597583770752
leaf_count=30458 1191 19286 1317 3840 24264 2921 13061 14654 1702 5564 17986 9089 1926 55 105 1842 196 922 67 5770 1634 139 663 4054 42 258 3950 105 101 117
internal_value=-1.4829e-05 -0.00738258 0.00233335 -0.00474847 -0.0118344 -0.00100928 -0.00308936 0.00312111 -0.00700401 0.0020598 -0.00216716 0.000636618 -0.00545322 -0.00273074 0.00228847 -0.00179794 0.00159532 -0.00243575 0.00276201 -0.00444678 0.00217265 0.00371931 0.000376247 0.00175225 0.000815429 -0.00379059 -0.00720624 0.000646113 0.00283619 0.00712163
internal_weight=59173 14301.2 44871.8 8987.09 5314.13 8556.64 5181.07 36315.2 3806.02 9784.66 5019.47 3537.17 1827.7 718.243 9280.89 3353.36 528.859 2824.51 216.95 1189.43 9150.55 1950.93 657.572 7199.62 3865.79 408.734 1109.46 3811.41 3333.82 266.444
internal_count=167279 107339 59940 52617 54722 31445 25859 28495 26758 13841 20907 10538 9771 3895 12524 16088 2038 14050 989 7472 12419 2436 802 9983 5711 1449 5876 5669 4272 218
cat_boundaries=0 1 2 3
cat_threshold=67744 10265 3474
is_linear=0
shrinkage=0.03


Tree=101
num_leaves=31
num_cat=4
split_feature=20 0 23 23 0 6 23 0 3 21 19 15 3 13 3 14 11 3 21 19 13 23 6 0 16 6 12 14 13 19
split_gain=1112.45 166.786 139.395 38.6854 18.2916 18.2577 18.2128 17.5072 19.7727 12.4939 12.2204 10.6271 9.81797 7.98117 9.53442 7.47166 8.38849 7.73257 7.30725 6.9038 5.71775 6.88307 5.54442 5.4162 7.66731 6.01034 7.13173 5.81452 5.41236 5.12438
threshold=0.080357142857142863 0 0.15403750478377345 0.075652963888258026 1 1180.5000000000002 0.63406663478399505 2 2.5000000000000004 0.13363062095621173 0.81250000000000011 4.5000000000000009 4.5000000000000009 1.0000000180025095e-35 6.5000000000000009 1.0000000180025095e-35 0.98802474685579866 1.5000000000000002 0.13363062095621228 3.1875000000000004 1.0000000180025095e-35 0.09336996336996338 523.50000000000011 3 1.5000000000000002 61.500000000000007 0.80290535434334509 1.0000000180025095e-35 1.5000000000000002 1.0000000180025095e-35
decision_type=2 1 2 2 1 2 2 1 2 2 2 2 2 2 2 2 2 2 2 2 2 2 2 1 2 2 2 2 2 2
left_child=1 4 7 5 -1 9 11 10 -9 -3 15 23 -11 -14 -15 17 -17 28 -5 29 -20 -22 -23 24 -4 27 -27 -25 -2 -8
right_child=2 3 6 18 -6 -7 19 8 -10 12 -12 -13 13 14 -16 16 -18 -19 20 -21 21 22 -24 25 -26 26 -28 -29 -30 -31
leaf_value=-0.0099663488482174649 -0.0040113649754905641 -0.010282538404234725 -0.0010613098951627467 -0.0054470324244447043 -0.014125264109845393 -0.0027109543223202853 -0.0021796040448043693 -0.005527626717553788 -0.0011780910257340527 -0.0076450799965845084 0.0080185248301036152 0.014272726716427256 -0.0047507159129820294 -0.0020503112667166999 0.024646284976033214 0.0017142988028419125 0.016100828126180872 -9.6463273657931247e-06 -0.0022585694490287697 0.0095317455983690326 0.015310694823580809 0.0079369939871993794 -0.004712372617182394 0.0022736425547303391 0.015116588436265637 0.0023387229119564675 0.00028533845774581423 0.01106049347126486 0.0068736877548993764 0.0034028216268036527
leaf_weight=2085.8226277977228 778.05073726922274 1102.1147911399603 763.72296759486198 655.14306169748306 2500.8296943232417 862.31654441356659 146.89308112859726 1506.0436979830265 2517.384625531733 2442.4262042939663 164.33791545033455 62.040094256401062 1003.3416834324598 33.31844425201416 17.432642951607704 609.94295270740986 37.998724550008774 2138.379645422101 2471.5787723809481 165.14871442317963 34.053252652287483 50.627792194485664 77.633569046854973 146.27551499009132 26.283718660473824 8381.834382340312 1868.7944475412369 129.93808014690876 42.125576421618462 26054.681810766459
leaf_count=19368 2927 8871 2379 3710 29424 5379 129 8357 10928 17941 276 41 6447 175 89 1873 108 6943 10780 64 148 191 282 214 69 12460 3017 144 114 14367
internal_value=-8.66839e-06 -0.00762859 0.00222286 -0.00517721 -0.0122636 -0.00673181 0.00297713 -0.00142901 -0.0028017 -0.00748373 4.17137e-05 0.00197246 -0.00659713 -0.00415832 0.00730289 -0.00032211 0.00259076 -0.000962733 -0.00260867 0.00341039 -0.00189859 0.00352637 0.000256989 0.00190324 -0.000490846 0.002082 0.00196502 0.00645384 -0.00343729 0.00337121
internal_weight=58876.5 13336.6 45539.9 8749.99 4586.65 5460.95 37745.6 7794.26 4023.43 4598.63 3770.84 11378.9 3496.52 1054.09 50.7511 3606.5 647.942 2958.56 3289.04 26366.7 2633.89 162.315 128.261 11316.8 790.007 10526.8 10250.6 276.214 820.176 26201.6
internal_count=167215 102805 64410 54013 48792 38902 32884 31526 19285 33523 12241 18324 24652 6711 264 11965 1981 9984 15111 14560 11401 621 473 18283 2448 15835 15477 358 3041 14496
cat_boundaries=0 1 2 3 4
cat_threshold=50752 17408 2466 4124
is_linear=0
shrinkage=0.03


Tree=102
num_leaves=31
num_cat=5
split_feature=20 22 23 3 0 0 22 6 3 3 13 3 6 7 23 14 7 21 6 0 11 0 6 13 12 0 22 6 3 21
split_gain=1078.98 201.254 98.4712 36.6738 29.7825 22.4507 21.2675 20.3838 14.9279 13.1571 10.225 9.98998 9.60996 12.4862 9.06371 8.80907 8.88551 8.82549 8.59594 7.50974 7.79686 7.47456 7.15851 7.14084 8.02926 7.08643 9.56283 6.41873 6.3675 6.27615
threshold=0.098214285714285726 0.025119845311482949 0.28132851758793975 2.5000000000000004 0 1 0.062277466920423276 1175.5000000000002 5.5000000000000009 2.5000000000000004 1.0000000180025095e-35 5.5000000000000009 1295.5000000000002 -0.85355339059327373 0.030135617848277535 1.5000000000000002 1.0000000180025095e-35 0.84053168083868568 1350.5000000000002 2 0.73865729060996166 3 925.50000000000011 1.0000000180025095e-35 -0.21022037796396451 4 0.036828488909259563 175.50000000000003 4.5000000000000009 0.9803259463254832
decision_type=2 2 2 2 1 1 2 2 2 2 2 2 2 2 2 2 2 2 2 1 2 1 2 2 2 1 2 2 2 2
left_child=1 4 5 14 12 8 7 10 15 -7 25 29 28 -14 -3 -2 17 -17 27 20 22 -16 -8 24 -10 -5 -27 -13 -1 -4
right_child=2 3 11 6 -6 9 19 -9 23 -11 -12 18 13 -15 21 16 -18 -19 -20 -21 -22 -23 -24 -25 -26 26 -28 -29 -30 -31
leaf_value=-0.010547309932306266 -0.00032836948388324479 -0.00890978073459151 0.0016233356498385788 -0.0099234409583649937 -0.013370602657987564 -0.004837840917799578 0.014677977721510948 -0.00093939298297600305 -0.00076297401348176771 -0.00092762007696136533 0.0051414855643050943 0.0051055257383781924 0.02262944755031774 -0.0044157664223153171 -0.002106662505620558 0.0045690528588046347 0.0014609061603273487 0.021060119363277931 0.0058951846507126681 -0.0021060194323691316 0.01883654852419344 -0.0068489551581344295 -0.00065276787298432606 0.0071108130237711956 0.0045320679245688753 -0.0065070525047500223 0.0050271037701002958 0.0031896510222895499 -0.0071371945917490954 0.0029422459495195476
leaf_weight=1272.6965712457895 4835.2949027568102 1365.2659192755818 4243.2554439306259 704.67925118654966 3322.3452770113945 1122.3811283111572 30.745748788118362 675.37091395258904 450.43861858546734 2513.0336990207434 57.830028273165226 1835.1616643965244 16.824431456625462 109.75372309237719 454.94647171348333 82.676479950547218 368.16040000319481 45.96903783082962 1439.3533236384392 3921.2766767144203 25.05367748439312 1124.5849020928144 196.32809711992741 370.1722746193409 595.45496591925621 848.87687495350838 68.707455843687057 11767.475961267948 848.30257401615381 14232.838140308857
leaf_count=11981 13268 10488 4881 4779 37601 5915 122 3728 921 9494 307 872 133 953 2528 173 708 50 689 17759 97 7184 748 563 1165 5846 359 6006 7147 10995
internal_value=-5.80939e-05 -0.00699167 0.00231777 -0.00432928 -0.0115173 -0.000234388 -0.00307329 -0.00535322 0.000788971 -0.00213163 -0.00712232 0.00310857 -0.00867246 -0.000624758 -0.00710989 6.16363e-05 0.00386256 0.0106251 0.00368378 -0.0017841 0.00314644 -0.00554571 0.00145196 0.00352706 0.00224735 -0.0075661 -0.00557167 0.00344892 -0.00919025 0.00263977
internal_weight=58945.3 15043.6 43901.7 9473.67 5569.92 10383.6 6528.87 2355.46 6748.17 3635.41 1680.09 33518.1 2247.58 126.578 2944.8 5332.1 496.806 128.646 15042 4173.4 252.128 1579.53 227.074 1416.07 1045.89 1622.26 917.584 13602.6 2121 18476.1
internal_count=167460 111760 55700 53945 57815 32257 33745 15019 16848 15409 11291 23443 20214 1086 20200 14199 931 223 7567 18726 967 9712 870 2649 2086 10984 6205 6878 19128 15876
cat_boundaries=0 1 2 3 4 5
cat_threshold=90144 2466 32 8232 12292
is_linear=0
shrinkage=0.03


Tree=103
num_leaves=31
num_cat=5
split_feature=0 23 0 6 23 3 13 13 13 0 0 23 6 0 3 6 14 11 3 15 6 19 7 23 6 12 23 3 1 23
split_gain=1058.65 161.385 141.325 41.5043 28.7384 26.6763 18.3152 14.3397 13.8906 12.8623 10.927 10.501 11.3491 10.0036 9.97372 9.45824 8.0251 8.34068 7.65385 7.55638 7.05953 6.7592 6.58004 6.82055 6.32309 6.28038 5.74018 5.7204 5.70215 5.59842
threshold=0 0.20050251256281412 1 1195.5000000000002 0.052493799944888404 2.5000000000000004 1.0000000180025095e-35 1.0000000180025095e-35 1.0000000180025095e-35 2 3 1.0750939849624064 1175.5000000000002 4 5.5000000000000009 319.50000000000006 1.5000000000000002 -0.70291267844185523 1.5000000000000002 5.5000000000000009 217.50000000000003 1.0000000180025095e-35 -0.85355339059327373 0.048577400215749737 511.50000000000006 0.90803977035715633 0.050901435819928759 1.5000000000000002 3.5000000000000004 0.26558086158192096
decision_type=1 2 1 2 2 2 2 2 2 1 1 2 2 1 2 2 2 2 2 2 2 2 2 2 2 2 2 2 2 2
left_child=1 4 26 5 13 21 11 14 9 -7 -5 12 15 -1 16 -3 27 -18 -15 29 -10 -4 23 -12 -20 -9 -2 -6 -13 -8
right_child=2 6 3 10 7 8 19 25 20 -11 22 28 -14 18 -16 -17 17 -19 24 -21 -22 -23 -24 -25 -26 -27 -28 -29 -30 -31
leaf_value=0.0038994586923868941 -0.013321242875337026 0.0028887554368008531 -0.010585669443709918 0.00022137980725940278 -0.0037480976179071241 -0.0045031992648965312 0.00065413711517987015 0.0033653561873030623 0.010969887286269324 -0.0078974347635000913 0.01124767342170829 0.0015651677424062035 0.0034443079437154835 -0.0068728423905108551 0.00088472231116600367 0.00068164299921963432 0.016704451663710332 0.00054530262981927974 -0.005077020411985861 0.0070943273915708704 -0.0013541458150678357 -0.0067293788137851506 -0.0056015010140417296 -0.0034781077188775025 -0.000840199564144156 -0.003836584391116562 -0.0064099093445477446 -0.0013283073008100879 0.0039793995859179867 0.0035416488323976435
leaf_weight=121.88667277991772 3361.8400955051184 2328.8192234635353 1687.5630500167608 1021.3391896560788 1182.0972770750523 2470.1410696655512 630.37148430943489 1032.7285817265511 53.852633535861969 1890.3766639083624 44.090345121920109 1178.5674993395805 2688.4152807146311 906.30898123979568 1801.5846120864153 7043.5775593072176 40.101737648248672 98.651061430573463 743.44974736124277 528.69069188833237 173.32071927189827 563.49507632851601 691.86331065744162 74.388696864247322 559.62431512773037 120.22779296338558 118.10217562317848 3493.7319308966398 3614.9901926517487 18649.415930703282
leaf_count=293 38405 3135 13979 5424 4608 14380 999 2835 237 14721 301 585 2833 5379 5217 9268 96 255 4326 154 856 4101 4700 372 2641 353 915 13168 1674 11000
internal_value=-4.91056e-05 0.00200101 -0.00793454 -0.00586565 -0.00135577 -0.00694684 0.00292651 -0.000478109 -0.00562893 -0.00600595 -0.00185607 0.00219841 0.00172506 -0.00427662 -0.00101686 0.00123095 -0.0017297 0.00534459 -0.0047282 0.00354558 0.00157631 -0.00962643 -0.00442705 0.00199994 -0.0032641 0.00260648 -0.0130528 -0.00194201 0.00338753 0.00344759
internal_weight=58913.6 46763.2 12150.4 8670.43 10100.4 6838.75 36662.8 7769.12 4587.69 4360.52 1831.68 16854.4 12060.8 2331.27 6616.17 9372.4 4814.58 138.753 2209.38 19808.5 227.173 2251.06 810.342 118.479 1303.07 1152.96 3479.94 4675.83 4793.56 19279.8
internal_count=167210 68819 98391 59071 39171 48274 29648 26532 30194 29101 10797 17495 15236 12639 23344 12403 18127 351 12346 12153 1093 18080 5373 673 6967 3188 39320 17776 2259 11999
cat_boundaries=0 1 2 3 4 5
cat_threshold=2475 34368 65556 12304 386
is_linear=0
shrinkage=0.03


Tree=104
num_leaves=31
num_cat=2
split_feature=0 22 20 7 22 23 7 13 6 22 13 20 22 7 21 19 7 20 12 0 13 11 23 12 21 18 7 22 9 12
split_gain=1066.69 176.598 104.358 31.1 29.986 29.6378 15.2085 13.8657 12.8725 14.346 12.4136 11.9673 10.802 9.32004 9.1694 8.54334 7.97986 7.70125 6.45916 6.4303 6.42818 6.08315 6.06444 5.91386 8.01097 5.86472 5.67297 5.58648 8.51173 8.32091
threshold=0 0.024363793171037675 0.27678571428571436 -1.0000000180025095e-35 0.0078229775924323116 0.058968414952187777 0.3535533905932739 1.0000000180025095e-35 1210.5000000000002 0.063680990723152336 1.0000000180025095e-35 1.9732142857142858 0.032477342204167071 -1.0000000180025095e-35 0.13363062095621173 3.0625000000000004 0.85355339059327384 0.7053571428571429 -0.6905596507703472 1 1.0000000180025095e-35 -0.78326540922535159 0.074669754674901376 -0.57077231802681661 0.34914175446352724 5.5000000000000009 -1.0000000180025095e-35 0.0751663497585668 0.6078576107927941 0.080547328232315238
decision_type=1 2 2 2 2 2 2 2 2 2 2 2 2 2 2 2 2 2 2 1 2 2 2 2 2 2 2 2 2 2
left_child=2 4 5 7 -2 12 11 14 9 20 13 15 16 -7 -3 25 -1 -8 22 23 -5 -12 -9 24 -10 -4 -6 28 -15 -30
right_child=1 3 6 8 26 10 17 18 19 -11 21 -13 -14 27 -16 -17 -18 -19 -20 -21 -22 -23 -24 -25 -26 -27 -28 -29 29 -31
leaf_value=-0.010168228901597668 -0.013887052066716216 -0.0072199081295120275 0.0032937667229260251 -0.0095935566748531695 -0.0077063221116556724 0.00081781331473560089 0.00043279933637796648 -0.00053208834608294117 0.020162344516636007 -0.0054784483614630144 -0.00081479436292957331 -0.0046129009001346869 -0.0029412450972497841 -0.0011636425988793321 -0.0025711812937865668 0.010436581568015376 0.0092285230374421299 0.0024500807475741726 0.00062331758222268854 -0.0043339320171280685 0.0015375793519630751 0.0044057788572819338 0.015406301124241233 -0.0030689894594525344 0.0012174900910391668 0.0064013484664043495 -0.010474577291784217 -0.0018164475720162225 0.026349590732758478 0.0026141117813840604
leaf_weight=307.90157673507929 2483.7905443310738 435.44827811419964 26116.881780654192 1473.5275247320533 1157.4790660217404 3315.4277713000774 2347.862073764205 31.779821112751961 28.346845254302025 2323.0938674211502 260.37606002390385 167.29898619651794 1463.5732432082295 98.81839919090271 3198.7151219472289 154.47784459590912 19.264274872839451 6282.2119215130806 246.98196795582771 845.70130793005228 47.000663876533508 848.01883706450462 60.671930328011513 109.82468935847282 66.570228397846222 562.8269248008728 1719.7616588026285 2766.4175460040569 23.944694489240646 30.34467077255249
leaf_count=2306 30419 2966 16214 11409 10030 8647 3970 138 159 13758 637 54 7522 458 14925 55 143 6076 935 5242 319 2155 207 598 328 199 16615 10371 103 134
internal_value=-7.89331e-06 -0.00716004 0.00226647 -0.00456445 -0.011464 -0.000593273 0.00300037 -0.00258917 -0.00616613 -0.00697197 0.000249994 0.00335109 -0.00405285 -0.000269338 -0.00313168 0.00340114 -0.00898318 0.00190208 0.00319377 -0.00320801 -0.00924476 0.00317436 0.00991629 0.00154744 0.00708912 0.00335979 -0.00936609 -0.00150583 0.00404307 0.0134786
internal_weight=58994.3 14228.7 44765.6 8867.66 5361.03 9134.09 35631.6 3973.6 4894.07 3843.62 7343.35 27001.5 1790.74 6234.95 3634.16 26834.2 327.166 8630.07 339.434 1050.44 1520.53 1108.39 92.4518 204.742 94.9171 26679.7 2877.24 2919.53 153.108 54.2894
internal_count=167092 108048 59044 50984 57064 32476 26568 19171 31813 25486 22505 16522 9971 19713 17891 16468 2449 10046 1280 6327 11728 2792 345 1085 487 16413 26645 11066 695 237
cat_boundaries=0 1 2
cat_threshold=2474 16
is_linear=0
shrinkage=0.03


Tree=105
num_leaves=31
num_cat=3
split_feature=0 0 23 3 20 21 20 13 23 3 6 6 6 23 21 11 13 0 6 11 3 6 19 21 13 13 3 12 16 11
split_gain=1045.83 175.606 110.206 44.5832 24.9408 21.0951 17.9171 12.504 11.7263 11.6376 10.1436 9.83974 9.66863 9.66129 9.19864 13.927 9.14158 8.83157 8.65537 8.01237 7.17702 6.90322 6.83175 6.57726 6.43212 6.21509 8.12899 6.12032 6.09545 9.21149
threshold=0 1 0.20595625184747268 2.5000000000000004 0.044642857142857144 0.36816581414060384 1.0000000180025095e-35 1.0000000180025095e-35 0.022018422753716876 5.5000000000000009 1195.5000000000002 355.50000000000006 1210.5000000000002 0.56426576217079016 2.8389108382124317 0.78325454425165997 1.0000000180025095e-35 2 1170.5000000000002 -0.91597725483594616 5.5000000000000009 547.50000000000011 1.0000000180025095e-35 1.116435654853684 1.0000000180025095e-35 1.0000000180025095e-35 6.5000000000000009 -0.99628250747696534 1.0000000180025095e-35 0.72695311118111527
decision_type=1 1 2 2 2 2 2 2 2 2 2 2 2 2 2 2 2 1 2 2 2 2 2 2 2 2 2 2 2 2
left_child=2 3 5 12 17 8 -3 10 -1 23 11 -4 24 21 -9 -16 -6 -5 25 -11 -10 -13 -15 -7 -2 -19 -27 -23 -21 -30
right_child=1 6 7 4 16 9 -8 14 20 19 -12 13 -14 22 15 -17 -18 18 -20 28 -22 27 -24 -25 -26 26 -28 -29 29 -31
leaf_value=-0.0069542622985714611 -0.0089579084296423691 -0.013341424244260103 0.0033452135054171978 -0.0021662895255996728 -0.0024218432044291211 -0.00046811750853239733 -0.0092199435954888141 0.0034116154225868941 -0.0029283128336039478 0.010984415421282907 0.0039034651320790322 -0.003152618074448295 -0.0043000387941238604 -0.0048867711570773553 0.012315119581339479 0.0032073970550471104 0.0022598972755274761 -0.0076407234318591555 -0.0013636620294408403 0.00087531092567541405 0.00033597744058190272 0.01129708065888999 0.0022650300578562843 0.0064283826926371298 -0.0017300728101904425 -0.0054875845483860859 0.021922373368254384 0.0005086267231884748 0.002283804057065293 0.016162623792335594
leaf_weight=488.83408786356449 2341.0396792516112 3000.6023260727525 3776.8740687966347 549.02844907343388 3696.6553419157863 3961.1004844307899 1424.0520534366369 19278.345266625285 1953.2498320043087 112.93634484708309 3308.8674159795046 498.86607238650322 589.78891956061125 120.95818781852722 266.11437112092972 355.74748349189758 415.66418324410915 1754.7098018974066 248.80961056053638 579.67412999272346 873.97065803408623 47.441114991903305 6764.2320111095905 127.43032103776932 119.06069527566433 26.725638784468174 13.907619908452032 2219.4650687277317 128.72763235867023 64.965405449271202
leaf_count=3390 17519 35206 3905 2804 17578 12233 14015 11766 9736 230 2885 1244 3839 99 103 118 1668 13201 1528 1338 2941 82 4712 197 764 169 75 3694 275 138
internal_value=6.98947e-05 -0.00702993 0.00231202 -0.00476793 -0.00340261 -0.00081019 -0.0119916 0.00301937 -0.00266354 0.000424273 0.00241359 0.00204575 -0.00778131 0.00153629 0.0035284 0.00712803 -0.00194673 -0.00570742 -0.00661113 0.00353908 -0.00191735 3.64122e-05 0.00213783 -0.000250183 -0.00861139 -0.00737066 0.00405118 0.000741932 0.0024313 0.00702874
internal_weight=59107.8 14180 44927.8 9755.39 6705.5 8290.89 4424.65 36636.9 3316.05 4974.83 16736.7 13427.8 3049.89 9650.96 19900.2 621.862 4112.32 2593.18 2044.15 886.304 2827.22 2765.77 6885.19 4088.53 2460.1 1795.34 40.6333 2266.91 773.367 193.693
internal_count=167452 108366 59086 59145 37023 30478 49221 28608 16067 14411 16621 13736 22122 9831 11987 221 19246 17777 14973 1981 12677 5020 4811 12430 18283 13445 244 3776 1751 413
cat_boundaries=0 1 2 3
cat_threshold=2474 77845 17
is_linear=0
shrinkage=0.03


Tree=106
num_leaves=31
num_cat=0
split_feature=23 22 21 21 22 6 3 13 22 3 13 3 11 20 3 22 20 22 22 18 17 2 13 11 22 3 6 23 23 12
split_gain=982.835 178.59 99.2188 34.7218 26.7408 18.8853 17.5887 15.7371 16.0657 12.3607 10.5185 10.3314 10.2902 9.26855 8.84592 9.31343 8.67491 7.94786 7.57151 7.19729 7.10125 7.06575 9.31353 7.04688 6.77737 6.59378 6.42116 6.3931 6.15495 5.93863
threshold=0.080379576453697074 0.023372770750673795 0.56393125945271683 0.24353894017376096 0.0078229775924323116 1205.5000000000002 1.5000000000000002 1.0000000180025095e-35 0.0751663497585668 2.5000000000000004 1.0000000180025095e-35 2.5000000000000004 0.98802474685579866 0.25892857142857145 2.5000000000000004 0.28089233529955454 0.90178571428571441 0.062891640506008026 0.32382978617948238 5.5000000000000009 1.5000000000000002 4.5000000000000009 1.0000000180025095e-35 -0.77245553105869302 0.029471593976725035 1.0000000180025095e-35 1240.5000000000002 0.10539539804284583 0.33414239482200653 -0.99628250747696534
decision_type=2 2 2 2 2 2 2 2 2 2 2 2 2 2 2 2 2 2 2 2 2 2 2 2 2 2 2 2 2 2
left_child=1 4 7 5 -1 11 13 8 26 16 18 -3 -12 25 -10 -16 20 -13 -8 27 29 22 -15 -9 -7 -5 -2 -11 -17 -4
right_child=2 3 9 6 -6 24 10 23 14 19 12 17 -14 21 15 28 -18 -19 -20 -21 -22 -23 -24 -25 -26 -27 -28 -29 -30 -31
leaf_value=-0.01387483223825231 -0.0043744077566914208 -0.0095819751143998936 0.0066546438460058253 -0.0037456551661435114 -0.009451824228464004 0.018767838298672894 -0.0022723565967972346 -0.0015391934858638625 -0.002801682008340647 -0.0034837264563898863 0.0019897634547782744 -0.0074157467787278088 0.022682164250588541 -0.007479411842796253 -0.00020626764314761207 0.011961844863059396 0.002790728579737751 -0.0030546534460861212 0.016507162966841377 0.0063877273527525244 0.0044473615750464475 0.0098330496527331869 0.0078877411774204327 0.0037496372025242865 -0.0019917436926961073 -0.0077449478497106554 0.0013561833122840579 0.0030883263418899579 0.0022493711143659976 0.00025854997343022229
leaf_weight=2424.7661234736443 1506.2383780553937 1351.7954049184918 134.43383693695068 643.81343976408243 2553.4573615193367 13.52225725352764 2949.5188163369894 294.76204726099968 1166.4141058325768 132.25038176774979 310.41097346693277 1240.7977274060249 22.387547522783279 111.00876903533936 5095.2774572521448 88.685443639755249 4263.3414040803909 550.46074335277081 18.388726383447647 599.8327659368515 452.2919884622097 53.948003202676773 50.739390879869461 955.11679325997829 507.36753253638744 912.07877516001463 197.04039400815964 26425.216207191348 177.9765000641346 3815.8699612170458
leaf_count=30506 7816 10857 163 3748 24403 93 14707 803 4617 343 1228 9334 79 318 16172 192 3757 3233 29 204 503 124 114 2598 3249 5411 832 16347 319 5216
internal_value=-3.80575e-05 -0.00707421 0.00209187 -0.00448799 -0.0116097 -0.00671438 -0.00287758 -0.000636474 -0.00111328 0.00281416 -0.00157993 -0.00759142 0.00346351 -0.00528963 -0.00043504 7.90967e-05 0.00182564 -0.00608137 -0.00214846 0.0031293 0.000889289 0.00051064 -0.00260312 0.00249733 -0.0014064 -0.0060974 -0.00370755 0.00305524 0.00553455 0.000479365
internal_weight=59019.2 13714.5 45304.7 8736.24 4978.22 3663.94 5072.29 9481.51 8231.63 35823.2 3300.71 3143.05 332.799 1771.59 6528.35 5361.94 8665.94 1791.26 2967.91 27157.3 4402.6 215.696 161.748 1249.88 520.89 1555.89 1703.28 26557.5 266.662 3950.3
internal_count=167315 107433 59882 52524 54909 26766 25758 33349 29948 26533 16043 23424 1307 9715 21300 16683 9639 12567 14736 16894 5882 556 432 3401 3342 9159 8648 16690 511 5379
is_linear=0
shrinkage=0.03


Tree=107
num_leaves=31
num_cat=3
split_feature=0 0 23 6 22 20 22 3 13 3 3 21 3 22 6 3 3 13 22 0 9 6 14 22 9 12 21 13 11 12
split_gain=935.129 144.331 131.509 46.9705 29.2264 23.4623 20.076 18.1004 15.8225 15.5217 13.6479 11.5109 10.1113 9.49244 9.04993 8.63998 8.54716 8.09916 7.97153 6.99544 8.10632 13.8087 6.93873 12.3944 22.0087 7.33216 7.1572 6.62334 10.6615 6.36306
threshold=0 1 0.13010914355718903 1195.5000000000002 0.060743049864530378 0.29464285714285715 0.032477342204167071 5.5000000000000009 1.0000000180025095e-35 2.5000000000000004 3.5000000000000004 0.58650879619340068 2.5000000000000004 0.02016215161419076 253.50000000000003 4.5000000000000009 2.5000000000000004 1.0000000180025095e-35 0.12410772417628714 2 0.87837969732492682 1075.5000000000002 1.0000000180025095e-35 0.8636611719603795 -0.8783796973249266 0.7074720817434873 2.6753740757250477 1.5000000000000002 0.3261394409934788 0.04621408538533487
decision_type=1 1 2 2 2 2 2 2 2 2 2 2 2 2 2 2 2 2 2 1 2 2 2 2 2 2 2 2 2 2
left_child=2 13 6 4 8 19 -1 11 15 -6 -5 16 22 -2 17 -3 -8 -11 -9 20 -4 -22 25 24 -24 -7 -25 -21 -29 -13
right_child=1 3 5 10 9 12 7 18 -10 14 -12 29 -14 -15 -16 -17 -18 -19 -20 27 21 -23 23 26 -26 -27 -28 28 -30 -31
leaf_value=-0.0086419158948753266 -0.013704506426249192 -0.010046066813324876 0.0015847826319619384 -0.0042249788861124307 -0.0077624809655667242 0.0015379645030881546 -0.0040736646157595114 0.0021356334748806262 0.0026362830978640837 -0.0010617970422068604 0.0010303606200691045 0.0028729876043487698 0.0030395207102859281 -0.0092631615630485373 -0.0043097338646845762 -0.007033157839689253 -0.001520606064196237 0.010619556269634811 0.017298606448155243 -0.00021682807991483654 0.024340693161339969 0.0038243233992936074 0.023671553540568852 0.0017888741813539321 0.0045679207376237655 -0.0018554996938347696 0.0075975611799092629 -0.0010727730468906168 0.018631709559155621 -0.002070874664951974
leaf_weight=390.78985906392336 2782.5294472500682 2136.6716485917568 1553.9306015819311 785.21078059822321 884.89044200628996 2354.1970957815647 2398.4041685089469 686.41649460792542 110.7209530621767 551.25707899034023 1020.4075544551015 554.91410391032696 26470.359999328852 535.15270780026913 1403.5280504524708 1485.5591308251023 2346.3878891468048 58.13276395201683 31.888933748006821 3872.8464353382587 37.454759627580643 134.07709853351116 62.23447385430336 4427.6814515292645 401.70764616131783 755.08439394831657 199.43891704082489 54.761988565325737 43.107659831643105 402.91557092964649
leaf_count=2830 34367 19264 3693 5392 6243 2503 12309 2191 749 2713 5394 1372 15406 5044 7440 11447 10188 232 55 10732 99 277 75 4332 527 871 126 107 84 1000
internal_value=-7.68116e-05 -0.00764389 0.00180968 -0.00554083 -0.00671558 0.00246077 -0.00204499 -0.00164127 -0.00847249 -0.00444813 -0.00125279 -0.00220722 0.00275398 -0.0129539 -0.00298501 -0.00881434 -0.00281298 5.82886e-05 0.00284024 0.000674868 0.00226254 0.00845406 0.00183127 0.00251364 0.00718884 0.000711606 0.00204213 -1.95839e-05 0.00764624 0.00078708
internal_weight=58932.7 11754.1 47178.6 8436.38 6630.76 40366.9 6811.72 6420.93 3732.95 2897.81 1805.62 5702.62 34670.7 3317.68 2012.92 3622.23 4744.79 609.39 718.305 5696.18 1725.46 171.532 8200.34 5091.06 463.942 3109.28 4627.12 3970.72 97.8696 957.83
internal_count=167062 98285 68777 58874 48088 38832 29945 27115 31460 16628 10786 24869 23840 39411 10385 30711 22497 2945 2246 14992 4069 376 8434 5060 602 3374 4458 10923 191 2372
cat_boundaries=0 1 2 3
cat_threshold=2475 34368 2336
is_linear=0
shrinkage=0.03


Tree=108
num_leaves=31
num_cat=0
split_feature=20 22 20 23 3 6 21 3 22 22 3 3 3 12 6 21 3 22 6 6 20 21 23 6 23 18 21 6 7 23
split_gain=950.882 185.577 87.1385 51.3546 24.2985 21.0396 14.9047 14.3148 13.9462 11.3253 10.9065 10.5406 9.89607 7.85631 12.0079 9.70996 7.19272 7.01739 6.96441 9.04478 6.64451 8.99425 6.49036 6.26116 7.043 6.15038 5.85702 7.23783 23.4287 7.61619
threshold=0.098214285714285726 0.017903129084484874 0.27678571428571436 0.050901435819928759 2.5000000000000004 1180.5000000000002 0.13363062095621228 5.5000000000000009 0.055239694623859872 0.0078229775924323116 5.5000000000000009 3.5000000000000004 2.5000000000000004 -0.26867065956352881 955.50000000000011 0.99544416765033839 5.5000000000000009 0.10070289018693793 331.50000000000006 265.50000000000006 0.61607142857142871 1.0732884290571885 0.095357741086384312 817.50000000000011 0.42349939975990403 2.5000000000000004 1.2566705133887646 769.50000000000011 1.0000000180025095e-35 0.34491379310344833
decision_type=2 2 2 2 2 2 2 2 2 2 2 2 2 2 2 2 2 2 2 2 2 2 2 2 2 2 2 2 2 2
left_child=1 9 4 5 22 8 18 13 16 -1 -10 -7 -8 14 -4 -15 -3 -6 19 -5 21 -17 -2 25 -25 26 -22 29 -29 -28
right_child=2 3 7 6 17 11 12 -9 10 -11 -12 -13 -14 15 -16 20 -18 -19 -20 -21 23 -23 -24 24 -26 -27 27 28 -30 -31
leaf_value=-0.013836799827562743 -0.0042757327666513145 -0.0097522462876647315 0.0021659453143977291 -0.0029391373943384513 -0.00066230850158008076 -0.0051246238036446031 -0.0050445467916141644 0.0035374478521506131 -0.0061449564062732304 -0.010196208265312397 0.0034423808537671552 0.0019532465972489392 -0.001419156718538034 0.00053859091058299738 0.0044337700432914478 0.014262235116918012 -0.0058273097486369026 0.001388872687088338 -0.0069754773291055535 0.018206707236987977 0.0020754738516096036 0.0024218137873601858 -0.0011061399988182995 -0.0031822934363895249 0.0016766445380313132 -0.0010291703032609767 0.011288314035886449 0.016363338277314208 0.0014831081816616121 0.0030495396553455963
leaf_weight=2366.0749002471566 1512.0069914236665 2259.484048910439 5855.879987090826 131.1995155736804 2695.8894742280245 495.36035162955523 823.20454847812653 14987.271927475929 1423.8216148018837 1190.3379479423165 113.98933859169483 303.96450155973434 3880.0903529450297 3717.4723882675171 3297.2159166932106 98.071260690689087 533.81413327157497 3377.8185293078423 914.27678404003382 20.112008802592754 2005.6477027237415 143.28337398171425 955.45686957240105 292.71058756113052 3049.4571161270142 320.65939450263977 107.03143936395645 170.10505485534668 217.48301446437836 1761.3404201865196
leaf_count=30577 7747 20220 5421 842 10069 3650 4634 6648 9939 11857 566 1866 17223 4938 3048 109 4318 8134 5949 136 1712 167 3141 423 2173 203 149 72 149 1294
internal_value=1.32518e-05 -0.00667226 0.0021821 -0.00472897 -0.00054162 -0.00691326 -0.00278451 0.00282806 -0.00773918 -0.0126232 -0.00542863 -0.0024265 -0.00205591 0.00232223 0.00298393 0.00181184 -0.00900667 0.000477484 -0.00598981 0 0.00239062 0.00729677 -0.00305177 0.00223953 0.00124847 0.00296064 0.00326243 0.00431364 0.0080545 0.0035305
internal_weight=59020.5 14455.7 44564.8 10899.3 8541.17 5130.43 5768.88 36023.6 4331.11 3556.41 1537.81 799.325 4703.29 21036.4 9153.1 11883.3 2793.3 6073.71 1065.59 151.312 8165.79 241.355 2467.46 7924.43 3342.17 4582.27 4261.61 2255.96 387.588 1868.37
internal_count=167374 111777 55597 69343 29091 40559 28784 26506 35043 42434 10505 5516 21857 19858 8469 11389 24538 18203 6927 978 6451 276 10888 6175 2596 3579 3376 1664 221 1443
is_linear=0
shrinkage=0.03


Tree=109
num_leaves=31
num_cat=3
split_feature=0 23 0 6 22 21 22 3 13 21 13 3 22 3 3 21 18 3 3 6 0 16 23 22 23 1 21 3 14 3
split_gain=909.339 156.573 106.834 31.2045 23.3116 23.0348 20.0628 18.8914 18.1342 15.6955 13.904 11.9803 11.5836 10.1827 9.78827 9.65979 9.45505 8.53164 8.47659 8.12707 7.94456 14.156 10.1452 7.81905 7.01051 6.98527 7.67216 6.96785 6.6804 6.37519
threshold=0 0.13010914355718903 1 1180.5000000000002 0.032477342204167071 0.76085222211419234 0.0751663497585668 4.5000000000000009 2.5000000000000004 0.47399136857179108 1.0000000180025095e-35 3.5000000000000004 0.02016215161419076 1.5000000000000002 4.5000000000000009 2.6753740757250477 5.5000000000000009 1.5000000000000002 1.5000000000000002 565.50000000000011 2 1.0000000180025095e-35 0.28132851758793975 0.1313055839932952 0.14898731587561378 9.5000000000000018 0.7276987388648225 6.5000000000000009 1.0000000180025095e-35 1.0000000180025095e-35
decision_type=1 2 1 2 2 2 2 2 2 2 2 2 2 2 2 2 2 2 2 2 1 2 2 2 2 2 2 2 2 2
left_child=1 4 3 6 -1 8 10 9 19 18 14 -5 -4 15 -2 -7 -15 -8 29 -3 -21 22 -22 -9 -23 26 -24 -12 -16 -6
right_child=2 5 12 11 7 13 17 23 -10 -11 27 -13 -14 16 28 -17 -18 -19 -20 20 21 24 25 -25 -26 -27 -28 -29 -30 -31
leaf_value=-0.0093140217767821408 -0.0096756284851730479 -0.00043958812987105719 -0.013722862240454384 -0.0054175513175953047 -0.0033758840611313335 0.0012099466917280231 -0.0092064039032463598 0.00020017063811045288 0.01695452991685836 -0.00014713292879586835 -0.0019704987904973366 -4.6670037225521784e-06 -0.0087662712172528624 0.002891272343832285 -0.0070096936082268795 0.0075418363512184021 0.0068687443498521069 -0.0013741491000067968 -0.0025436933961273498 -0.00049413655804694215 0.0019995338132202957 0.009216525203038126 0.0053261055889617624 0.0090235421072323834 -0.0014419240844333171 0.0095487112599696583 -0.0036967928760477473 0.015172961847164896 0.0039334856376591256 -0.0071533027043072395
leaf_weight=384.22130757570267 2410.1575625538826 2880.5175825804472 2698.3312261104584 653.10257687419653 794.96912025660276 4789.8657285571098 155.54072431474924 2163.4908273816109 62.383521363139153 1617.3191740959883 112.01081064343452 846.44436863809824 521.05957312881947 27068.731845349073 1663.6959239095449 226.67536371946335 550.71966159343719 641.65577554702759 2548.0723545327783 1298.4021991193295 1938.3216140717268 57.841030150651932 597.25445710122585 93.431169092655182 963.71831674873829 302.47768530249596 97.287700593471527 25.23491507768631 50.45214057713747 838.44761308282614
leaf_count=2836 21454 7418 34225 4774 4469 4958 1107 8459 82 4980 751 4771 5005 15696 12505 141 190 3309 12993 3907 4303 143 874 226 1493 415 100 131 327 5164
internal_value=-4.01706e-05 0.00161853 -0.0083921 -0.00616757 -0.00210032 0.00238775 -0.00730412 -0.0017544 0.000964822 -0.00266079 -0.00812206 -0.0023682 -0.0128855 0.00274496 -0.00843479 0.0014987 0.00297104 -0.00291943 -0.00363133 0.00083941 0.00154154 0.00220667 0.00327093 0.000571929 -0.000824148 0.00573219 0.0040501 0.00122516 -0.006682 -0.00532173
internal_weight=59051.8 49274.1 9777.69 6558.29 8439.95 40834.2 5058.75 8055.73 8198.2 5798.81 4261.55 1499.55 3219.39 32636 4124.31 5016.54 27619.5 797.196 4181.49 8135.82 5255.3 3956.9 2935.34 2256.92 1021.56 997.02 694.542 137.246 1714.15 1633.42
internal_count=167206 78847 88359 49129 39127 39720 39584 36291 18735 27606 35168 9545 39230 20985 34286 5099 15886 4416 22626 18653 11235 7328 5692 8685 1636 1389 974 882 12832 9633
cat_boundaries=0 1 2 3
cat_threshold=2491 94212 11
is_linear=0
shrinkage=0.03


Tree=110
num_leaves=31
num_cat=5
split_feature=0 0 20 6 23 22 3 3 13 3 23 3 21 3 20 22 7 0 6 16 0 7 0 22 16 6 19 13 21 9
split_gain=915.141 137.562 130.603 38.3391 34.2161 27.3399 17.4824 15.0097 13.8481 12.1478 10.5387 9.94976 9.89178 9.31083 9.13152 8.02183 8.23074 7.68405 7.36303 7.27582 7.21146 7.01404 6.50047 9.08255 9.92533 8.84814 6.49283 6.33775 5.79666 5.36357
threshold=0 1 0.27678571428571436 1195.5000000000002 0.052493799944888404 0.060743049864530378 5.5000000000000009 2.5000000000000004 1.0000000180025095e-35 5.5000000000000009 0.50135135135135145 4.5000000000000009 0.79752050822467102 4.5000000000000009 1.0000000180025095e-35 0.032477342204167071 0.85355339059327384 2 319.50000000000006 4.5000000000000009 3 0.3535533905932739 4 0.10070289018693793 1.0000000180025095e-35 133.50000000000003 1.0000000180025095e-35 1.0000000180025095e-35 0.36816581414060384 -0.60785761079279388
decision_type=1 1 2 2 2 2 2 2 2 2 2 2 2 2 2 2 2 1 2 2 1 2 1 2 2 2 2 2 2 2
left_child=2 14 4 5 15 8 10 -7 13 12 28 17 -4 -3 -2 16 -1 -5 27 26 21 -17 25 -24 -25 -8 -14 -9 -6 -20
right_child=1 3 9 11 6 7 22 18 -10 -11 -12 -13 19 -15 -16 20 -18 -19 29 -21 -22 -23 23 24 -26 -27 -28 -29 -30 -31
leaf_value=-0.010160053046260262 -0.013787698244804379 -0.0099337029795917384 0.00045293919554847387 -0.0011696133608274631 -0.0024983536982288719 -0.007693495058897353 0.0077281230064584734 -0.0015111629650992489 0.0021874973564060111 0.0033885585728156086 0.012906214927883809 0.00083928934153786592 -0.0036397528694099316 -0.0067874702073982308 -0.0098601211264786985 0.0023651925920845939 0.01077944208993486 -0.0065187126533947761 -0.0075544932541648053 0.0076984210574296058 -0.0053593319569745284 -0.0035685259217010743 0.0011196189863635028 0.0085261205439955291 -0.00024736707102982364 -9.7102737687296752e-05 0.0024862993424422256 0.0079511446219511332 -0.000515191586939292 -0.0031347625081269443
leaf_weight=288.37114715576172 2477.5967065989971 2088.282473757863 2399.5017146915197 554.26105894893408 2386.3221378475428 868.07855109870434 137.28964523971081 699.77842167764902 108.38784760981798 14992.827673047781 45.716591596603394 800.23397027701139 155.41569197177887 1473.8170720785856 711.84205945581198 277.57074245810509 16.871929451823235 446.08835675567389 349.11228480190039 239.70199778676033 981.83367889374495 498.68055200576782 936.05005054175854 395.13321617245674 162.19905915856361 2161.156134814024 18285.440742582083 68.977604821324348 3008.3027112782001 883.21979230642319
leaf_count=2280 31667 19366 4184 3386 11292 6243 332 3473 741 6602 88 4062 211 11579 7694 1266 134 3364 1910 143 5749 2722 2575 602 246 5677 15269 274 9489 4752
internal_value=7.58323e-06 -0.00756784 0.00185293 -0.00552292 -0.000961302 -0.00659703 -0.000179872 -0.00439611 -0.00831415 0.00273483 -0.00127024 -0.0016476 0.00226946 -0.0086359 -0.012876 -0.00445305 -0.00895164 -0.00364185 -0.00295957 0.00250243 -0.00366394 -0.00142045 0.00138288 0.00291565 0.00596618 0.000369252 0.00243415 -0.000645124 -0.00139386 -0.00439682
internal_weight=58898.1 11529.7 47368.4 8340.24 11295.5 6539.65 9232.17 2869.17 3670.49 36072.9 5440.34 1800.58 21080.1 3562.1 3189.44 2063.33 305.243 1000.35 2001.09 18680.6 1758.08 776.251 3791.83 1493.38 557.332 2298.45 18440.9 768.756 5394.62 1232.33
internal_count=167372 98511 68861 59150 42452 48338 30301 16652 31686 26409 20869 10812 19807 30945 39361 12151 2414 6750 10409 15623 9737 3988 9432 3423 848 6009 15480 3747 20781 6662
cat_boundaries=0 1 2 3 4 5
cat_threshold=2475 34368 12304 168 137
is_linear=0
shrinkage=0.03


Tree=111
num_leaves=31
num_cat=3
split_feature=0 20 0 23 6 22 13 7 13 22 6 22 7 7 7 20 15 20 0 20 7 19 2 22 22 15 11 20 6 11
split_gain=890.75 159.094 105.637 34.0873 30.2152 22.1304 14.526 14.1108 13.751 10.6733 9.39308 9.15601 8.85631 8.82793 8.38599 12.7629 10.7545 7.98839 7.6302 7.12885 6.91946 6.73805 6.68218 10.0793 6.26111 6.06876 5.81638 5.80269 5.84705 5.73938
threshold=0 0.27678571428571436 1 0.056652402256370367 1170.5000000000002 0.063680990723152336 1.0000000180025095e-35 -1.0000000180025095e-35 1.0000000180025095e-35 0.032477342204167071 349.50000000000006 0.02016215161419076 -1.0000000180025095e-35 -1.0000000180025095e-35 0.3535533905932739 1.9732142857142858 4.5000000000000009 1.0982142857142858 2 0.2410714285714286 0.85355339059327384 3.1875000000000004 5.5000000000000009 0.9969509711012815 0.94826290821215797 1.5000000000000002 -0.24372957273992746 0.098214285714285726 1345.5000000000002 -0.99866806308218525
decision_type=1 2 1 2 2 2 2 2 2 2 2 2 2 2 2 2 2 2 1 2 2 2 2 2 2 2 2 2 2 2
left_child=1 3 4 9 5 6 13 -6 12 20 -7 -4 27 -2 15 21 17 24 -11 -20 -1 -3 25 -24 29 -19 -12 -5 -29 -16
right_child=2 14 11 8 7 10 -8 -9 -10 18 26 -13 -14 -15 16 -17 -18 22 19 -21 -22 -23 23 -25 -26 -27 -28 28 -30 -31
leaf_value=-0.010442342520985951 -0.0069955543473820539 0.0029164710859815625 -0.013625435752093457 -0.0012355671807782632 0.00081023305564943259 -0.001774725610540233 0.0023178258162369295 -0.0049825093373249019 0.002431758291476559 -0.00023364062986146498 -0.0022034040422496113 -0.0091765191180975814 -0.0018755220944833861 -0.010076826648474731 0.0091277832884738806 -0.0059272769420076346 0.013145405015018864 0.0034009699921119818 -0.004454429809709586 0.010586829102324927 0.0075831512004829616 0.0093084041041205622 0.0036431652952502768 0.014546148583563777 0.0024618820709772461 -0.00051510775135636189 -0.0089005501544437114 0.0004383998472457413 0.0049154690388423369 0.00032050356894251845
leaf_weight=293.23879209905863 1455.7059809863567 27286.418510973454 2633.0982414186001 1913.135046467185 671.84424455463886 768.71925097703934 107.55973059684038 860.40743474662304 1353.2886324971914 557.05233588814735 170.8032863587141 516.54533328860998 3917.0427375286818 2075.6341175436974 66.799140095710754 145.13782978057861 74.202377438545227 1591.4174777269363 2077.9647355154157 27.601728901267052 19.412947311997414 149.33062362670898 258.36945408582687 109.34267765283585 2189.0991607308388 455.17380541563034 392.67917845398188 2603.2647638618946 291.6810342669487 3993.5227459669113
leaf_count=2340 11509 16438 34302 7311 3676 4233 739 6198 3706 2681 1048 5053 16334 19386 94 47 44 1354 12528 108 148 49 193 80 2248 328 2548 6436 684 5691
internal_value=-3.55393e-06 0.00162634 -0.008333 -0.00121351 -0.00612157 -0.0072668 -0.00847955 -0.00243979 -0.000379758 -0.00403467 -0.0039458 -0.01286 -0.000816748 -0.00881069 0.00264765 0.00290466 0.00183549 0.00173643 -0.00341285 -0.0042294 -0.00928338 0.00295182 0.00320323 0.0069322 0.00116838 0.00252726 -0.00688863 4.4776e-05 0.000893102 0.000469087
internal_weight=59025.5 49372.5 9653 13053.7 6503.35 4971.1 3638.9 1532.25 10078.4 2975.27 1332.2 3149.64 8725.12 3531.34 36318.8 27580.9 8737.93 8663.72 2662.62 2105.57 312.652 27435.7 2414.3 367.712 6249.42 2046.59 563.482 4808.08 2894.95 4060.32
internal_count=167534 78842 88692 52276 49337 39463 31634 9874 34471 17805 7829 39355 30765 30895 26566 16534 10032 9988 15317 12636 2488 16487 1955 273 8033 1682 3596 14431 7120 5785
cat_boundaries=0 1 2 3
cat_threshold=2491 94212 160
is_linear=0
shrinkage=0.03


Tree=112
num_leaves=31
num_cat=1
split_feature=0 20 20 3 3 3 22 22 13 22 11 22 13 22 22 20 22 22 11 13 3 3 14 22 20 10 3 13 22 12
split_gain=859.248 141.562 108.53 35.7965 26.7801 15.8427 15.219 14.7194 12.2247 13.2144 14.5178 11.4496 11.1362 9.87617 9.19063 9.00983 8.79995 7.32634 7.27941 6.95561 6.89865 6.82692 6.57141 13.0583 11.1445 13.5294 13.8098 11.9561 8.75619 8.70222
threshold=0 0.27678571428571436 1.0000000180025095e-35 1.5000000000000002 4.5000000000000009 5.5000000000000009 0.0078229775924323116 0.098892747284012414 1.0000000180025095e-35 0.14241756577087622 0.42179998225932674 0.016018906395304955 1.0000000180025095e-35 0.29638410427296563 0.025119845311482949 0.79464285714285732 0.032477342204167071 0.048970936300711129 -0.18492532721306487 1.0000000180025095e-35 1.0000000180025095e-35 2.5000000000000004 1.0000000180025095e-35 0.88301361223524477 0.56250000000000011 -0.56174490092936669 1.0000000180025095e-35 1.5000000000000002 0.93524945171900331 0.81304046271159414
decision_type=1 2 2 2 2 2 2 2 2 2 2 2 2 2 2 2 2 2 2 2 2 2 2 2 2 2 2 2 2 2
left_child=1 3 6 7 14 13 -2 -1 15 10 -10 -6 18 16 -4 -3 21 -18 -13 -7 -9 -5 28 24 -24 -26 -27 -28 -11 -30
right_child=2 8 4 5 11 19 -8 20 9 22 -12 12 -14 -15 -16 -17 17 -19 -20 -21 -22 -23 23 -25 25 26 27 -29 29 -31
leaf_value=-0.0066280664463093794 -0.014152430104555689 0.0011600129866446991 -0.0096787822060517247 0.00063206448692282866 -0.0090018274255166779 0.00050047916551961978 -0.010196161783243 2.7264390703330896e-05 0.016038075087648943 0.0014013400480364197 -3.6687063557002282e-05 -0.0013952182004065463 0.0044959709787060513 0.0058616361496847671 -0.0063557932882383986 0.0025863113916735308 0.010357180710822674 -0.0014167055258532352 -0.0049657280989420256 0.0037223350295770992 -0.0045119337047040036 -0.011214485648165766 0.0015746509954370567 0.0030852944555272649 0.0022024173952344432 0.01902837709787265 0.012487814666752568 0.0034915334229112327 0.0038833619288054975 0.00037884300573582763
leaf_weight=1249.4875387325883 1959.5985672473907 7323.2017458975315 1158.447428137064 61.390279710292816 292.58485476672649 3831.8842016085982 1643.3829390853643 676.99110496044159 141.84166699647903 4394.9347703158855 77.117727220058441 969.26861065626144 177.3531693816185 165.62002204358578 2224.640212059021 8808.7711200714111 46.868145644664764 5617.4051748290658 1109.6610197126865 716.45292735844851 538.29324070364237 143.14525451511145 331.00751593708992 9855.5501304268837 262.67858064174652 131.01986527442932 274.28919649124146 263.7709544301033 3748.4911715388298 773.32483714818954
leaf_count=7975 26842 8544 12303 385 3138 11410 15837 2529 197 3106 137 5951 810 371 16222 5973 218 24129 7198 1583 2575 1116 434 5157 162 91 179 144 1922 439
internal_value=4.03047e-06 0.00159502 -0.0082361 -0.00108521 -0.00574682 -0.000326102 -0.0123529 -0.00434066 0.00255672 0.00304806 0.0103748 -0.00341818 -0.00268779 -0.00133417 -0.00749796 0.00193932 -0.00153922 -0.00131641 -0.00330539 0.00101001 -0.00198043 -0.00764384 0.00296717 0.00345509 0.00633176 0.0080118 0.0102769 0.00810339 0.00235779 0.00328556
internal_weight=58968.5 49433.5 9534.94 13047.5 5931.96 10582.8 3602.98 2464.77 36386 20254 218.959 2548.87 2256.28 6034.43 3383.09 16132 5868.81 5664.27 2078.93 4548.34 1215.28 204.536 20035.1 11118.3 1262.77 931.759 669.08 538.06 8916.75 4521.82
internal_count=167077 78776 88301 52291 45622 39212 42679 13079 26485 11968 334 17097 13959 26219 28525 14517 25848 24347 13149 12993 5104 1501 11634 6167 1010 576 414 323 5467 2361
cat_boundaries=0 1
cat_threshold=2491
is_linear=0
shrinkage=0.03


Tree=113
num_leaves=31
num_cat=0
split_feature=22 20 22 3 6 20 3 13 3 3 22 3 6 19 22 20 13 1 9 22 12 14 6 22 6 2 15 2 7 11
split_gain=833.173 146.697 111.708 42.3534 27.8162 18.002 13.903 13.7219 13.2342 13.0119 10.9529 10.8541 10.6625 10.008 8.96524 8.32481 7.68286 8.50599 7.49768 7.02758 6.76715 6.61319 6.28405 8.39923 5.99496 6.06945 5.84128 5.4889 5.27577 5.07382
threshold=0.065041333606613391 0.27678571428571436 0.01679278019124919 2.5000000000000004 1180.5000000000002 0.098214285714285726 5.5000000000000009 1.0000000180025095e-35 5.5000000000000009 1.5000000000000002 0.10070289018693793 3.5000000000000004 181.50000000000003 1.0000000180025095e-35 0.0078229775924323116 0.99107142857142871 2.5000000000000004 10.500000000000002 0.6078576107927941 0.062277466920423276 0.98174098242282837 5.5000000000000009 727.50000000000011 0.091528636359034118 1345.5000000000002 5.5000000000000009 1.5000000000000002 2.5000000000000004 -0.85355339059327373 0.69056404122701587
decision_type=2 2 2 2 2 2 2 2 2 2 2 2 2 2 2 2 2 2 2 2 2 2 2 2 2 2 2 2 2 2
left_child=2 3 14 13 5 7 15 9 10 -4 22 -6 -12 -2 -1 16 -3 18 -18 -11 24 -17 -5 -24 25 -8 -10 -26 -9 -25
right_child=1 6 4 8 11 -7 20 28 26 19 12 -13 -14 -15 -16 21 17 -19 -20 -21 -22 -23 23 29 27 -27 -28 -29 -30 -31
leaf_value=-0.013723619562156262 -0.0058801000160509627 0.0013152379290893817 -0.010849440912931295 -0.0038482492009205274 -0.0051519452449241554 -0.0014622315302675415 0.0033536480585895354 -0.010715842085775727 0.0011701693831097457 -0.0074764849455759399 0.0074583487237267704 0 -0.00035995236538790502 -0.002677451440280264 -0.010259932634807258 0.0028397713787551029 0.00070143763531614319 0.012034575293749914 0.0073799842645066172 -0.0036833074837740957 0.00028009829402659024 -0.003350638471738551 0.0035067532683172773 -0.0041937146996370127 0.0029422482135327958 0.0014490739300952842 -0.0049638980163102349 0.0067870403346869572 0.0039826774363138154 0.0018583958675917123
leaf_weight=2214.5272739678621 1515.0476373508573 12330.548779025674 974.98374308645725 1540.3539552912116 647.58896233141422 500.72930262237787 11282.028878808022 25.519622720777988 4353.6228460073471 2956.9137969091535 169.82274502515793 851.89492925256491 1929.9160057157278 2121.8043356835842 1019.1118232607841 8024.9482998251915 428.44412949681282 111.8353770673275 235.06272435188293 527.87145213782787 705.22872096300125 156.69551122188568 289.63283979892731 480.21939612925053 586.38849592208862 1754.0340487957001 143.04533693194389 807.35699111223221 124.99935106188059 166.03897608816624
leaf_count=30617 8903 13570 9166 7884 4684 2264 4901 129 12306 24594 525 4622 6325 9978 10653 5537 349 93 189 3077 333 119 1269 2142 247 799 300 343 818 714
internal_value=-0.000100983 0.00149504 -0.00806669 -0.00127962 -0.00582838 -0.00688293 0.00246342 -0.00746994 -0.000182327 -0.00777078 -0.00131855 -0.00222771 0.00027277 -0.00401452 -0.0126374 0.00196828 0.00149831 0.00439663 0.00308404 -0.00690484 0.00315927 0.00272008 -0.0026699 -0.000722063 0.00329954 0.00309797 0.000972642 0.005177 0.00139675 -0.00262905
internal_weight=58976.2 49132.1 9844.14 12709.5 6610.5 5111.02 36422.6 4610.29 9072.65 4459.77 4575.98 1499.48 2099.74 3636.85 3233.64 21287.5 13105.9 775.342 663.507 3484.79 15135 8181.64 2476.25 935.891 14429.8 13036.1 4496.67 1393.75 150.519 646.258
internal_count=167450 76826 90624 50346 49354 40048 26480 37784 31465 36837 18859 9306 6850 18881 41270 19857 14201 631 538 27671 6623 5656 12009 4125 6290 5700 12606 590 947 2856
is_linear=0
shrinkage=0.03


Tree=114
num_leaves=31
num_cat=5
split_feature=0 20 0 3 6 22 23 13 3 22 3 20 22 22 3 3 3 6 13 0 2 6 6 0 0 22 6 22 13 12
split_gain=832.499 142.289 109.286 32.2064 30.4593 20.6906 15.638 11.2104 10.9569 10.5342 9.93985 13.3281 9.8144 9.11585 8.69079 8.35597 7.10938 6.9897 6.61984 6.61005 6.52661 7.57351 9.98958 5.84446 5.83325 5.20685 12.6752 6.35443 5.81768 5.43897
threshold=0 0.22321428571428573 1 5.5000000000000009 1170.5000000000002 0.063680990723152336 0.051668520578420474 1.0000000180025095e-35 4.5000000000000009 0.032477342204167071 5.5000000000000009 0.49107142857142866 0.02016215161419076 0.28931893773602629 2.5000000000000004 4.5000000000000009 1.0000000180025095e-35 355.50000000000006 1.0000000180025095e-35 2 5.5000000000000009 1285.5000000000002 361.50000000000006 3 4 0.10070289018693793 907.50000000000011 0.077531734807411282 1.0000000180025095e-35 -0.59867820553660911
decision_type=1 2 1 2 2 2 2 2 2 2 2 2 2 2 2 2 2 2 2 1 2 2 2 1 1 2 2 2 2 2
left_child=1 3 4 6 5 7 9 15 -6 -1 11 16 -4 23 -7 -2 -3 -16 -5 -11 -12 22 -22 25 -18 27 -27 29 -29 -8
right_child=2 10 12 18 8 14 13 -9 -10 19 20 -13 -14 -15 17 -17 24 -19 -20 -21 21 -23 -24 -25 -26 26 -28 28 -30 -31
leaf_value=-0.010815720801916534 -0.0098424080527356496 0.0031615433033485695 -0.013694329639410032 0.00029529642752044988 -0.004492371397560745 -0.0076160883643309873 0.010579294077860703 0.0011898482213189262 0.00064760017178567175 -0.00031202982073804861 0.0032456655754792103 0.0023387929757164045 -0.0090006133076727668 0.0072905243896527906 -0.00010372942068265043 -0.0068105257369840315 -0.0053881190710154412 -0.005443104705339423 0.0038786224418599032 -0.0047650834487967825 0.0042803552336577429 0.0057698973993754003 -0.00060187923922687479 -0.0024728686165494894 6.7241598404695467e-05 0.021255949798359059 0.0010936713989071164 -0.0036836839490168587 0.0050719159638782435 0.00016038298480201962
leaf_weight=224.60853484272957 2003.0741514712572 660.65511819720268 2534.5905244350433 3441.3349517285824 834.24658827483654 389.1543605029583 59.403753489255905 107.7122071236372 671.16407033801079 383.21765425056219 13654.174427807331 18809.180701106787 496.01958392560482 99.454712927341461 551.9938994795084 1437.2156010493636 177.22066628932953 369.29080832004547 536.32424372434616 1654.9179566726089 520.37564778327942 315.87002927064896 1358.2146546244621 3590.6891644746065 2784.0838760882616 29.118724286556244 429.1668683886528 675.02835513651371 74.560201361775398 182.88286682963371
leaf_count=1910 19240 1240 34362 10833 6109 2912 265 728 3686 2002 6501 15237 4978 255 2711 11605 552 2161 1317 10490 220 156 702 15904 5661 95 1395 2969 299 847
internal_value=-3.13817e-07 0.00154926 -0.00818445 -0.00139511 -0.00592482 -0.00708989 -0.002565 -0.00828136 -0.0021979 -0.00464424 0.00242521 0.00201785 -0.0128888 -0.00164783 -0.00385557 -0.0085799 0.000349339 -0.00225407 0.000780813 -0.00395621 0.00300121 0.00147664 0.000748881 -0.00182678 -0.000276882 -0.000203849 0.0024313 -0.00143071 -0.00279919 0.00277254
internal_weight=59054.9 49660.5 9394.46 11380.7 6363.85 4858.44 7403.05 3548 1505.41 2262.74 38279.8 22431.1 3030.61 5140.3 1310.44 3440.29 3621.96 921.285 3977.66 2038.14 15848.6 2194.46 1878.59 5040.85 2961.3 1450.16 458.286 991.875 749.589 242.287
internal_count=167342 78850 88492 48581 49152 39357 36431 31573 9795 14402 30269 22690 39340 22029 7784 30845 7453 4872 12150 12492 7579 1078 922 21774 6213 5870 1490 4380 3268 1112
cat_boundaries=0 1 2 3 4 5
cat_threshold=2491 94212 160 2080 32
is_linear=0
shrinkage=0.03


Tree=115
num_leaves=31
num_cat=4
split_feature=0 20 0 6 3 22 22 13 7 22 3 0 3 3 20 20 3 6 0 6 3 22 6 22 10 13 21 21 20 12
split_gain=792.789 142.986 106.611 32.2193 31.5543 21.5145 17.2094 12.4854 11.6801 11.0192 10.7684 10.3857 10.1914 9.25342 9.12995 8.97106 8.68967 7.92884 8.8441 8.14091 7.90099 8.60855 9.20298 7.28035 11.5755 7.08997 12.8305 6.17881 6.46918 7.2394
threshold=0 0.27678571428571436 1 1195.5000000000002 2.5000000000000004 0.07108217716964764 0.033495957569683134 1.0000000180025095e-35 0.3535533905932739 0.02016215161419076 3.5000000000000004 2 4.5000000000000009 1.5000000000000002 1.0446428571428574 0.13392857142857145 2.5000000000000004 1205.5000000000002 3 169.50000000000003 5.5000000000000009 0.27116427820612465 559.50000000000011 0.94234376052844826 1.0000000180025095e-35 3.5000000000000004 3.633515372553564 2.4379973539548812 1.4375000000000002 -0.8611288361322974
decision_type=1 2 1 2 2 2 2 2 2 2 2 1 2 2 2 2 2 2 1 2 2 2 2 2 2 2 2 2 2 2
left_child=1 4 3 5 15 7 -6 12 25 -4 -5 20 -2 14 -10 -1 -7 18 -15 -20 21 22 -8 24 -16 26 -3 28 29 -27
right_child=2 8 9 10 6 16 11 -9 13 -11 -12 -13 -14 17 23 -17 -18 -19 19 -21 -22 -23 -24 -25 -26 27 -28 -29 -30 -31
leaf_value=-0.0048074078437057638 -0.0095443367057852797 0.0026460532687731125 -0.013602417929711244 -0.0048485786353089869 -0.0077407692485057227 -0.0073810380603465484 -0.0045000588984237984 0.00097798360260412044 -0.0016242806770541071 -0.0086305991242420256 0.00045514930551744171 -0.0010829367529579825 -0.0064070771730114374 -0.0030226284822711916 0.0011662966710464368 -0.0018262513302361252 -0.00097820656480750515 0.0038906328026626726 0.0047156304462212199 0.0012620575770317906 0.0021724474413781082 0.0050248504838170099 0.00021627832996757863 0.00036548385067079471 0.01537689534554911 0.0093198217975000424 -0.005257990309603864 0.0091842650428424748 1.1529223785877554e-05 0.0037346818504193327
leaf_weight=2174.4775483831763 2266.960605211556 25579.757705062628 2493.6285540163517 601.14044189453125 270.19666726142168 269.19116105884314 503.05361486971378 135.61879722774029 1422.2276989817619 495.39658629149199 800.74111522734165 4520.4212392270565 1630.3440951704979 362.04412913322449 122.81196522712708 1577.3346157222986 660.01476552337408 1548.3187237977982 724.47596368193626 4096.8012548685074 2315.8648158609867 237.36963704228401 1416.8330039232969 406.44808048009872 89.468933045864105 252.07846409082413 184.78606581687927 219.86771631240845 329.59684586524963 1281.1269088387489
leaf_count=13651 21441 15647 34246 4509 1916 1985 2158 880 2534 5016 4505 18385 12809 722 145 5975 3343 1453 559 3923 4961 528 4741 522 109 106 75 54 101 547
internal_value=-4.5553e-05 0.00146452 -0.00805223 -0.00583093 -0.00123565 -0.00697496 -0.000294784 -0.00792398 0.0024248 -0.012741 -0.0018167 -6.95787e-05 -0.00823546 0.00146847 -0.000298377 -0.00355649 -0.0028455 0.00200501 0.00143995 0.00177944 0.000953457 -0.000348361 -0.00101808 0.0027374 0.00722771 0.00272579 0.00258893 0.00441399 0.00384311 0.00466234
internal_weight=58988.4 49635.4 9353.04 6364.01 13015.6 4962.13 9263.74 4032.92 36619.8 2989.03 1401.88 8993.54 3897.3 8772.6 2040.96 3751.81 929.206 6731.64 5183.32 4821.28 4473.12 2157.26 1919.89 618.729 212.281 27847.2 25764.5 2082.67 1862.8 1533.21
internal_count=167546 78812 88734 49472 52315 40458 32689 35130 26497 39262 9014 30773 34250 9967 3310 19626 5328 6657 5204 4482 12388 7427 6899 776 254 16530 15722 808 754 653
cat_boundaries=0 1 2 3 4
cat_threshold=2491 94212 2464 128
is_linear=0
shrinkage=0.03


Tree=116
num_leaves=31
num_cat=3
split_feature=0 22 0 6 3 3 3 22 21 3 3 6 22 0 6 6 20 13 3 1 20 13 16 16 13 12 12 19 19 20
split_gain=760.711 128.337 108.07 32.1222 27.5623 23.5564 20.6201 17.937 16.0285 13.0974 12.3794 11.191 10.5419 9.28264 16.2903 19.8665 13.7713 10.218 9.55031 11.2597 9.73355 8.70791 8.54441 14.0028 10.8224 11.9513 10.4939 10.7724 25.2085 8.78342
threshold=0 0.12748109862484291 1 1180.5000000000002 1.5000000000000002 2.5000000000000004 2.5000000000000004 0.07108217716964764 0.74118192729629018 5.5000000000000009 3.5000000000000004 127.50000000000001 0.02016215161419076 2 583.50000000000011 907.50000000000011 0.97321428571428581 2.5000000000000004 3.5000000000000004 1.5000000000000002 1.9196428571428574 1.0000000180025095e-35 6.5000000000000009 1.5000000000000002 1.0000000180025095e-35 -0.26037106507032781 0.21652257995689161 1.4375000000000002 0.68750000000000011 1.0982142857142858
decision_type=1 2 1 2 2 2 2 2 2 2 2 2 2 1 2 2 2 2 2 2 2 2 2 2 2 2 2 2 2 2
left_child=1 4 3 6 -1 8 -2 21 -3 -6 -5 -7 -4 -13 17 18 -17 -15 -16 -20 22 -8 23 24 -21 -26 -27 28 -28 -25
right_child=2 5 12 10 9 11 7 -9 -10 -11 -12 13 -14 14 15 16 -18 -19 19 20 -22 -23 -24 29 25 26 27 -29 -30 -31
leaf_value=-0.0050148438270981085 -0.009718032882251329 -0.0017458981559103327 -0.013553551258801741 -0.0050301836125734092 -0.0019789244817990451 0.0044711033812397721 -0.0069855179421625295 -0.0010878089303782783 0.0014330749340060727 0.00048422366735526186 0.00053393922789899653 0.0029607976290936789 -0.0086503868195014176 -3.9075565122969219e-07 0.00027372478618628365 0.0019875407592410193 -0.0023947413419317786 0.0053843657688379927 -0.0015300453832718228 0.0044744743325171431 -0.00068646604264791205 0.0023589516729954707 0.012855806520970145 0.0055055439457884821 0.013412812066093771 0.00032269726668012643 0.002746957680331316 0.0026513279103895083 0.02020623819099077 -0.0006711517883974653
leaf_weight=1822.4763460606337 1584.2603604570031 1731.9292172193527 2469.8921621739864 624.38387940078974 4526.637726560235 2544.291784286499 2500.3643370941281 656.57146023958921 8065.9799590706825 3397.1039967387915 843.30541148781776 13346.212912097573 487.36455640941858 4315.9880345016718 495.91888909041882 4967.2203974425793 739.70483529567719 341.12223929166794 238.45347052812576 1035.4888963103294 232.68347215652466 91.654742367565632 142.00599038600922 365.55686873197556 344.77072414755821 182.892932087183 138.92435044050217 167.03900527954102 162.48366838693619 472.82992696762085
leaf_count=10775 14880 5133 34408 4735 21649 1516 20978 3330 8109 10829 4792 7703 4979 5393 554 4347 378 154 203 994 72 534 43 224 187 96 123 52 84 157
internal_value=-7.11261e-05 0.00139786 -0.00796248 -0.00571599 -0.00168857 0.00214981 -0.00690582 -0.00552995 0.00087041 -0.000922227 -0.00183088 0.00256419 -0.0127078 0.0023886 0.00185223 0.00255463 0.00141816 0.000393813 0.00418233 0.00473687 0.00519961 -0.006652 0.00565639 0.00529372 0.00664082 0.00888004 0.00645465 0.00883014 0.0122145 0.00201824
internal_weight=59035.5 49777.7 9257.8 6300.54 9746.22 40031.5 4832.85 3248.59 9797.91 7923.74 1467.69 30233.6 2957.26 27689.3 14343.1 9685.97 5706.93 4657.11 3979.05 3483.13 3244.68 2592.02 3011.99 2869.99 2031.6 996.111 651.34 468.447 301.408 838.387
internal_count=167411 78775 88636 49249 43253 35522 39722 24842 13242 32478 9527 22280 39387 20764 13061 7514 4725 5547 2789 2235 2032 21512 1960 1917 1536 542 355 259 207 381
cat_boundaries=0 1 2 3
cat_threshold=2491 94212 2050
is_linear=0
shrinkage=0.03


Tree=117
num_leaves=31
num_cat=4
split_feature=0 23 22 3 23 23 21 22 22 3 14 21 11 3 22 11 22 11 12 19 0 3 0 16 12 0 9 19 12 19
split_gain=771.798 137.987 104.395 24.5659 19.4171 17.5975 15.9985 13.6423 10.5276 10.2978 9.25219 14.8821 7.70686 6.85894 7.76842 6.78657 7.46811 9.44525 6.20483 6.11614 5.93231 5.88301 5.81428 6.48978 6.06705 7.62029 5.7957 5.59946 6.42066 5.35733
threshold=0 0.15403750478377345 0.01679278019124919 2.5000000000000004 0.63406663478399505 0.043583790628957376 0.13363062095621228 0.11490805722190557 0.0078229775924323116 5.5000000000000009 1.5000000000000002 0.9803259463254832 0.3261394409934788 2.5000000000000004 0.23943466136082348 -0.75015329512557194 0.06986821333074654 0.71503381463111937 0.41202506375868281 1.0000000180025095e-35 1 1.5000000000000002 2 1.5000000000000002 -0.99761278905001471 3 0.6078576107927941 0.18750000000000003 0.48877522411129354 1.0000000180025095e-35
decision_type=1 2 2 2 2 2 2 2 2 2 2 2 2 2 2 2 2 2 2 2 1 2 1 2 2 1 2 2 2 2
left_child=1 5 8 29 22 7 20 21 -2 10 12 -12 -7 -14 26 27 -17 -18 -8 -6 -5 -1 23 -3 25 -24 -15 28 -11 -4
right_child=2 4 3 6 19 9 18 -9 -10 15 11 -13 13 14 -16 16 17 -19 -20 -21 -22 -23 24 -25 -26 -27 -28 -29 -30 -31
leaf_value=-0.0068153305476198068 -0.013714629261485454 -0.00070127662287201517 -0.009438902663536029 -0.0025632039801003689 -0.0032460617785937881 -0.0027139836345247679 -0.0019797198368487678 0.002937997220456256 -0.0098774372561849268 0.0047960456828340546 0.00083510162844178894 0.023231846760784439 -0.0022114317618554804 0.0023849693558920808 0.019717521813724923 -0.0033738292470517793 -0.00068605207402396169 0.0061110085871840221 -0.0050660958369109499 0.0027412517563023997 -0.0078308345997336083 -0.0034992368260333413 -0.0018093140772447005 0.013062157867574748 0.0014231061820686097 0.0096773628339812279 -0.0024518374978856105 -0.0016812523163234005 0.017927051504013868 -0.0058162780265858137
leaf_weight=821.90391638875008 2096.2470602467656 1543.1294249147177 1437.2472439706326 275.1822204887867 152.70535737276077 3455.3661282360554 1781.8753791078925 223.20929823815823 971.26675046980381 252.32576727867126 138.76641356945038 32.27871310710907 970.21029917895794 730.31067532300949 19.190550997853279 399.12197536230087 536.6556863039732 277.8813416659832 882.98820474743843 27477.54723316431 1188.9722286686301 1203.6419857516885 75.327322542667389 30.434422507882118 10728.88718675077 159.0055506080389 318.86072628200054 95.917965248227119 38.570844277739525 516.64696318656206
leaf_count=5673 30584 4970 13487 2354 130 14626 10884 810 10550 882 411 49 4287 3055 44 1738 1586 725 5615 14464 10710 7164 130 81 15798 223 1326 258 133 4179
internal_value=1.82831e-05 0.00149349 -0.00798271 -0.00571253 0.00226332 -0.0017543 -0.00439618 -0.00407376 -0.0125052 -0.00103511 -0.0016358 0.00520704 -0.00185084 -0.000384272 0.00126993 0.00108703 -1.19842e-05 0.00163007 -0.00300614 0.00270783 -0.00691827 -0.00485046 0.00128304 -0.000420469 0.0015271 0.00630176 0.000908335 0.00454188 0.00661313 -0.00848755
internal_weight=58831.7 49681.2 9150.43 6082.91 40167 9514.21 4129.02 2248.76 3067.51 7265.46 5664.98 171.045 5493.94 2038.57 1068.36 1600.47 1213.66 814.537 2664.86 27630.3 1464.15 2025.55 12536.8 1573.56 10963.2 234.333 1049.17 386.815 290.897 1953.89
internal_count=166926 78563 88363 47229 35796 42767 29563 13647 41134 29120 23798 460 23338 8712 4425 5322 4049 2311 16499 14594 13064 12837 21202 5051 16151 353 4381 1273 1015 17666
cat_boundaries=0 1 2 3 4
cat_threshold=2491 81920 25 2336
is_linear=0
shrinkage=0.03


Tree=118
num_leaves=31
num_cat=3
split_feature=22 20 0 7 20 6 22 7 22 0 8 7 8 20 7 22 23 20 21 7 0 6 12 6 8 22 7 6 6 2
split_gain=750.907 125.928 110.593 30.2859 27.6954 16.0318 13.158 10.4318 9.82954 9.6213 9.13504 9.10148 10.0088 11.1084 8.60621 8.52511 8.11299 7.40608 6.74553 6.40644 5.85845 9.56965 7.99953 5.58452 6.81904 5.52515 5.36984 5.17853 10.5012 7.22868
threshold=0.065041333606613391 0.22321428571428573 0 -1.0000000180025095e-35 0.044642857142857144 1165.5000000000002 0.099750980279057391 -1.0000000180025095e-35 0.02016215161419076 1 0.35355339059327379 1.0000000180025095e-35 0.35355339059327379 1.455357142857143 -1.0000000180025095e-35 0.29638410427296563 0.34491379310344833 0.098214285714285726 1.0732884290571885 0.3535533905932739 2 739.50000000000011 0.50370931781787065 1155.5000000000002 0.35355339059327379 1.0155790454665534 -1.0000000180025095e-35 493.50000000000006 391.50000000000006 5.5000000000000009
decision_type=2 2 1 2 2 2 2 2 2 1 2 2 2 2 2 2 2 2 2 2 1 2 2 2 2 2 2 2 2 2
left_child=2 3 8 20 5 14 10 -6 -1 -3 -5 27 18 -14 -4 19 -15 -9 25 -8 21 -2 -22 -21 -25 -13 -7 28 -11 -29
right_child=1 9 4 6 7 26 15 17 -10 11 -12 12 13 16 -16 -17 -18 -19 -20 23 22 -23 -24 24 -26 -27 -28 29 -30 -31
leaf_value=-0.013516184369490819 -0.00083198914701240962 -0.0031090100460348159 -0.0062051291954662814 -0.0029769389498608542 -0.001272105450332346 0.0010872141047133491 0.00027356394172571818 -0.0064036964671401828 -0.0087618115605808643 0.0024639863972917282 -0.0063118852962673533 0.00086195758517019182 -0.0008820729557937417 0.00031372398110939806 -0.0093373941932255403 0.010131512779608562 0.013102324669285736 -0.0018473477845483244 0.0026324587309858784 -0.0040012782282244771 0.00044355297329099858 0.0031515822870061432 -0.0027950947035042749 0.0031618055108923542 -0.0062743782300665896 0.0053248456726093961 -0.005047632987397169 0.0031650441789081067 -0.00057255717336550101 0.0014129139661806461
leaf_weight=2403.0506811514497 956.01045888662338 290.97720894217491 1385.3669498935342 2109.7037379741669 1246.7307518869638 228.5245296433568 1019.9460100978613 1039.8571393638849 486.45446799695492 6265.0837154984474 1151.0234482288361 4273.1727947592735 1956.8983746021986 88.334841430187225 1923.5647694692016 56.888585045933723 91.461011528968811 471.85805667936802 6565.9583750069141 1000.34143538028 2121.329684227705 1247.7517867237329 1012.090983659029 240.36494620144367 95.356271460652351 264.9870383143425 287.41815880686045 14924.251534491777 1221.4010590612888 2488.13059720397
leaf_count=34375 2835 786 11299 11369 6439 1497 3995 7965 5052 3445 7604 5863 3468 92 18958 156 74 2582 4841 4574 7911 2807 3981 980 486 208 2449 8930 698 1507
internal_value=-4.26564e-05 0.00143979 -0.00777996 -0.00138834 -0.00560018 -0.00726247 -0.00291423 -0.00331157 -0.0126773 0.00225025 -0.00415758 0.00229159 0.00165523 -0.000222449 -0.00803008 -0.00123049 0.00688888 -0.00498763 0.00201706 -0.00151157 0.000232851 0.00141474 -0.000599258 -0.002878 0.000453115 0.00112499 -0.0023219 0.0026306 0.00196777 0.00291511
internal_weight=58914.3 49441.5 9472.83 11010.8 6583.32 3824.87 5673.62 2758.45 2889.51 38430.7 3260.73 38139.7 13240.8 2136.69 3308.93 2412.9 179.796 1511.72 11104.1 2356.01 5337.18 2203.76 3133.42 1336.06 335.721 4538.16 515.943 24898.9 7486.48 17412.4
internal_count=167226 76610 90616 46698 51189 34203 29164 16986 39427 29912 18973 29126 14546 3634 30257 10191 166 10547 10912 10035 17534 5642 11892 6040 1466 6071 3946 14580 4143 10437
cat_boundaries=0 1 2 3
cat_threshold=34368 33 2208
is_linear=0
shrinkage=0.03


Tree=119
num_leaves=31
num_cat=3
split_feature=0 21 0 3 3 23 13 6 22 20 13 6 22 22 21 22 21 15 22 20 22 6 0 12 12 22 6 21 6 22
split_gain=744.147 125.439 104.055 37.6125 25.4842 20.5512 14.5387 11.3144 10.7508 10.6873 9.61129 9.07822 8.97466 9.32231 8.77048 8.27277 7.73475 7.7181 7.2084 7.0864 6.4707 7.1847 6.26324 5.8566 5.84144 5.80957 5.8 5.56327 5.37236 5.35939
threshold=0 0.56393125945271683 1 5.5000000000000009 4.5000000000000009 0.056652402256370367 1.0000000180025095e-35 1130.5000000000002 0.02016215161419076 0.062500000000000014 1.0000000180025095e-35 1225.5000000000002 0.14241756577087622 0.12166413815136976 0.65996349286406564 0.071619098500050923 0.38540608735056198 6.5000000000000009 0.032477342204167071 0.79464285714285732 0.083060887201289055 1155.5000000000002 2 -0.6905596507703472 0.19969739736768838 0.048276231184343606 679.50000000000011 0.99544416765033839 919.50000000000011 0.043286566895132515
decision_type=1 2 1 2 2 2 2 2 2 2 2 2 2 2 2 2 2 2 2 2 2 2 1 2 2 2 2 2 2 2
left_child=1 3 4 5 9 11 7 15 -4 20 19 18 13 14 -12 -6 -7 -14 -1 -3 21 -2 28 -8 -18 29 -26 -21 -20 -9
right_child=2 10 8 -5 6 16 23 25 -10 -11 12 -13 17 -15 -16 -17 24 -19 22 27 -22 -23 -24 -25 26 -27 -28 -29 -30 -31
leaf_value=-0.010464551641041046 -0.0094142587245278457 0.0011133846130702342 -0.013555490606016497 0.0010446809739182294 -0.006300614334225514 -0.0024218958290814843 0.013712446583511383 -0.00052382931731141094 -0.0085562750747563386 -0.0047041039052723036 0.011419453224785976 0.00037667046868264061 0.0025880350547638491 0.014915271823273785 -0.0023057097685127651 -0.0012753747879978125 0.0010976486561764098 0.0072059348198033352 0.00086034876001212077 0.0052946507729518819 0.0015186032985284555 -0.0051041583583950716 -0.0055358901166800969 0.0013780154021980184 -0.0050076774181125631 -0.0059942928580745619 -0.00031858422986570938 0.0021576794229114155 -0.007104713643328691 0.0079399819061927446
leaf_weight=220.27135222405195 2032.6105585545301 7882.2890594154596 2361.69461710006 4429.2994555681944 1481.026217110455 2919.9587284252048 47.545867964625359 442.92775224149227 480.11668758094311 972.26150389015675 72.294701159000397 284.3759348243475 20330.530863791704 108.98276440799236 95.959352567791939 372.72108854353428 1441.8632558733225 331.92915451526642 290.84696312993765 544.70042705535889 56.193486377596855 433.05734886229038 1612.6285594403744 126.73113187402487 346.92100276052952 146.23782449960709 757.68829227983952 8351.2078729271889 101.77344251424074 78.207194417715073
leaf_count=1932 20061 9768 34237 12741 11972 14138 213 2744 5025 6656 166 1642 11704 141 171 1805 4533 90 1440 406 398 3621 10320 590 1076 773 2356 5545 567 367
internal_value=1.64158e-05 0.00144523 -0.00790491 -0.00117095 -0.00569674 -0.00240203 -0.00350795 -0.00408884 -0.0126717 -0.00739828 0.00230626 -0.00464986 0.00273552 0.00810047 0.00358884 -0.00529469 -0.00136819 0.00266285 -0.00529473 0.00177004 -0.00843232 -0.00866206 -0.00471891 0.00483633 -0.000157107 -0.000727476 -0.0017999 0.00235101 -0.00117211 0.000747625
internal_weight=59154.9 50123.5 9031.33 12405.6 6189.52 7976.33 2695.4 2521.12 2841.81 3494.12 37717.9 2509.9 20939.7 277.237 168.254 1853.75 5466.43 20662.5 2225.52 16778.2 2521.86 2465.67 2005.25 174.277 2546.47 667.373 1104.61 8895.91 392.62 521.135
internal_count=167198 78736 88462 50745 49200 38004 18464 17661 39262 30736 27991 15901 12272 478 337 13777 22103 11794 14259 15719 24080 23682 12327 803 7965 3884 3432 5951 2007 3111
cat_boundaries=0 1 2 3
cat_threshold=2491 94212 160
is_linear=0
shrinkage=0.03


Tree=120
num_leaves=31
num_cat=4
split_feature=0 23 0 6 22 23 0 6 12 12 3 3 3 22 22 3 22 19 3 19 6 22 0 14 21 12 6 23 12 12
split_gain=718.942 125.58 108.76 28.2378 20.5391 17.9621 16.4544 11.245 11.3759 11.193 10.7333 10.5501 9.4857 8.8843 8.06672 7.12053 8.16014 7.87047 6.63123 7.08826 6.39222 6.3013 6.42654 6.21478 5.83477 6.64283 7.85817 6.32313 6.54865 6.08789
threshold=0 0.15403750478377345 1 1185.5000000000002 0.07108217716964764 0.043583790628957376 2 1200.5000000000002 -0.99628250747696534 0.81304046271159414 4.5000000000000009 3.5000000000000004 2.5000000000000004 0.1313055839932952 0.02016215161419076 5.5000000000000009 0.12410772417628714 0.81250000000000011 4.5000000000000009 1.0000000180025095e-35 241.50000000000003 0.032477342204167071 3 5.5000000000000009 1.0592817954057014 0.063390085881955341 1155.5000000000002 0.42349939975990403 0.6174544326165855 -0.98801846520836312
decision_type=1 2 1 2 2 2 1 2 2 2 2 2 2 2 2 2 2 2 2 2 2 2 1 2 2 2 2 2 2 2
left_child=1 5 3 4 10 13 18 -8 -9 15 -2 -5 -6 21 -4 17 -17 -7 19 -3 -14 -1 -23 24 25 -21 27 -27 -29 -26
right_child=2 6 14 11 12 9 7 8 -10 -11 -12 -13 20 -15 -16 16 -18 -19 -20 23 -22 22 -24 -25 29 26 -28 28 -30 -31
leaf_value=-0.008807383957720195 -0.0089791564261314238 -0.0059004514862739544 -0.013452265000940154 -0.0047805257926200094 -0.007429666938834443 -0.0011327395398552707 7.6999118094809132e-05 0.015656964291208317 0.0024445072329216944 -0.0034913288489772363 -0.0057361305188380271 0.00042986285190081967 0.0023249378085485038 0.0026399704792095251 -0.0090855947553234624 0.0010811040419109038 0.013607677395531696 0.0069771607564884409 0.0028043797606792423 0.0023502107871939573 -0.0035998951170454862 -0.00083785653120619199 -0.0049726495776294165 -0.0032062381074210093 -0.00093031199603558492 -0.0038408790748010856 -0.0044736471038963237 0.0044154821728854404 0.00016254863107128834 0.0026391366611004255
leaf_weight=273.35952313989401 2197.3799100145698 101.35484464466572 2338.2462349534035 611.91659150272608 258.89898038655519 4586.1213335394859 4929.956654548645 60.165986806154251 1589.2890075445175 1271.1904810369015 1618.9326820448041 809.89289452135563 325.2533635944128 165.43721300363541 477.47808028757572 1278.1368936002254 47.724295288324356 109.12244179844856 19383.819923058152 2078.0454551279545 327.46591737866402 483.31153417378664 1305.8757954537868 200.93590927124023 447.25565820932388 236.94643153250217 306.07257926464081 459.25364077091217 1127.0727780610323 9562.3122564554214
leaf_count=2337 21609 190 34360 4718 1978 19422 11203 85 2384 5371 12944 4613 1578 518 5041 4235 106 183 9379 2127 1762 2508 8331 164 355 426 361 425 1073 7540
internal_value=4.07226e-05 0.0014439 -0.00777673 -0.00551559 -0.00663969 -0.00165555 0.00217333 0.000794613 0.00293928 -0.000933927 -0.00760685 -0.00181014 -0.00258036 -0.00401327 -0.0126724 -0.000392515 0.00154643 -0.000941534 0.00243973 0.001954 -0.000639302 -0.00455086 -0.00389262 0.00201004 0.00208441 0.00114394 -3.10041e-05 0.000713536 0.00139959 0.00247897
internal_weight=58968.2 50002.8 8965.46 6149.74 4727.93 9520.28 40482.5 6579.41 1649.45 7292.3 3816.31 1421.81 911.618 2227.98 2815.72 6021.1 1325.86 4695.24 33903.1 14519.2 652.719 2062.55 1789.19 14417.9 14217 4207.39 2129.35 1823.27 1586.33 10009.6
internal_count=167326 78723 88603 49202 39871 43011 35712 13672 2469 29317 34553 9331 5318 13694 39401 23946 4341 19605 22040 12661 3340 13176 10839 12471 12307 4412 2285 1924 1498 7895
cat_boundaries=0 1 2 3 4
cat_threshold=2491 94212 2306 40
is_linear=0
shrinkage=0.03


Tree=121
num_leaves=31
num_cat=3
split_feature=23 0 0 20 23 6 20 15 7 22 21 16 12 8 7 20 19 12 20 12 23 0 22 7 8 16 22 22 6 23
split_gain=692.566 122.817 115.242 26.2927 17.8142 16.5939 14.9216 10.716 10.5201 10.1411 8.65007 8.25798 8.00649 7.85941 7.70776 7.16277 9.78611 6.68665 7.62251 7.84921 6.38659 8.26567 6.10853 6.10492 10.1686 7.0051 9.57415 8.54731 7.43965 8.65306
threshold=0.050901435819928759 0 1 0.062500000000000014 0.63406663478399505 1220.5000000000002 0.026785714285714288 4.5000000000000009 -1.0000000180025095e-35 0.12748109862484291 0.29218120012670185 1.5000000000000002 0.18281312110578132 0.35355339059327379 0.3535533905932739 1.9375000000000002 3.1875000000000004 0.6174544326165855 1.4910714285714288 -0.19337245081799007 0.031612258494337117 2 0.11105323450843435 0.3535533905932739 0.35355339059327379 1.0000000180025095e-35 0.10070289018693793 0.14241756577087622 955.50000000000011 0.10963323022536457
decision_type=2 1 1 2 2 2 2 2 2 2 2 2 2 2 2 2 2 2 2 2 2 1 2 2 2 2 2 2 2 2
left_child=1 -1 4 5 7 8 -4 10 -3 13 -2 -8 22 -5 -15 16 -6 18 23 -20 -7 -22 -13 25 -25 26 -12 28 -28 -30
right_child=2 3 6 9 15 20 11 -9 -10 -11 17 12 -14 14 -16 -17 -18 -19 19 -21 21 -23 -24 24 -26 -27 27 -29 29 -31
leaf_value=-0.012925166870698685 -0.0017890352826535171 -0.0050469871235973678 -0.0053942974502363969 -0.0021836125515295136 0.0024545998579178466 -0.0040930026395067931 -0.0016484210137224611 0.01355331667685258 -0.0087370285243730545 0.0032469189479737409 -0.00025898159328486729 0.004368592650128825 -0.0055035660233899615 -0.0025654423293718391 -0.0076121064612148012 -0.0027840408393504414 0.0097207980070802176 0.00017744103958353949 0.010053264587014079 0.00051430728215055583 -0.0033632662540141766 0.0097709499194056377 0.0242653302080258 0.0017980207247845802 -0.0013642887957460732 0.00058258932090737381 0.0031962097164453937 0.002971453342503962 0.0028769491896939027 0.015195179960242063
leaf_weight=2676.0275706797838 874.83451106399298 1006.1392399892211 1046.1033924967051 1508.4367027133703 27506.176391243935 284.1479883491993 6132.2968913167715 61.525230705738068 2364.201725885272 207.81821642816067 701.31533986330032 30.604524031281471 26.772807657718658 475.06567852199078 656.59778829663992 231.04634094238281 167.52861189842224 3591.6299896240234 192.93738788366318 131.94285696744919 79.154911763966084 75.664060086011887 26.804321467876434 2477.4342886656523 1448.0878489166498 1712.7366439551115 200.11330112814903 2665.565804451704 78.827668204903603 156.8087509572506
leaf_count=38421 3773 8787 7443 8614 14464 2431 27302 38 23253 692 2032 123 98 2999 4309 81 59 6559 135 97 528 519 71 4432 2664 2342 412 3974 196 208
internal_value=-1.63716e-06 -0.00749676 0.00141269 -0.00528483 0.00201327 -0.00692421 -0.00207583 0.0011516 -0.00763905 -0.0031068 0.00109662 -0.001519 0.00774696 -0.00361026 -0.00550298 0.0024551 0.00249915 0.00128618 0.00169328 0.00621111 -0.00141723 0.00345 0.0140175 0.00153653 0.000629896 0.00218051 0.0028983 0.00361406 0.0075155 0.0111293
internal_weight=58794.3 9333.25 49461.1 6657.23 42198.5 3809.31 7262.58 14293.8 3370.34 2847.92 14232.2 6216.48 84.1817 2640.1 1131.66 27904.8 27673.7 13357.4 9765.77 324.88 438.967 154.819 57.4088 9440.89 3925.52 5515.37 3802.63 3101.32 435.75 235.636
internal_count=167056 90553 76503 52132 41466 35518 35037 26862 32040 16614 26824 27594 292 15922 7308 14604 14523 23051 16492 232 3478 1047 194 16260 7096 9164 6822 4790 816 404
cat_boundaries=0 1 2 3
cat_threshold=34368 2466 65549
is_linear=0
shrinkage=0.03


Tree=122
num_leaves=31
num_cat=3
split_feature=0 20 0 3 3 6 13 12 22 13 20 22 3 6 22 22 23 14 13 6 23 9 12 16 22 0 16 6 12 6
split_gain=680.831 115.412 105.061 25.5658 25.2839 14.564 14.3995 15.7466 12.201 11.3691 10.6653 10.3442 10.1878 9.67366 10.2842 8.74465 8.516 8.44215 7.71704 6.94495 7.38234 6.32425 6.17805 6.14949 6.16395 9.20903 9.15799 6.78306 6.5261 6.26962
threshold=0 0.18750000000000003 1 4.5000000000000009 1.5000000000000002 1180.5000000000002 1.0000000180025095e-35 -0.99983123799342477 0.90180379829830981 1.0000000180025095e-35 1.0000000180025095e-35 0.07108217716964764 2.5000000000000004 1215.5000000000002 0.064489017076622315 0.12748109862484291 0.058968414952187777 1.0000000180025095e-35 1.0000000180025095e-35 157.50000000000003 0.35599640472521837 1.0000000180025095e-35 0.97461712852231652 5.5000000000000009 0.14769057323736021 2 1.0000000180025095e-35 979.50000000000011 -0.73865259438682551 85.500000000000014
decision_type=1 2 1 2 2 2 2 2 2 2 2 2 2 2 2 2 2 2 2 2 2 2 2 2 2 1 2 2 2 2
left_child=1 4 3 13 15 11 7 -3 12 16 -4 18 17 14 -2 -1 -6 -9 -5 20 -14 -11 -17 24 25 26 27 -8 -27 -26
right_child=2 6 10 5 9 -7 23 8 -10 21 -12 -13 19 -15 -16 22 -18 -19 -20 -21 -22 -23 -24 -25 29 28 -28 -29 -30 -31
leaf_value=-0.0058316446809312077 -0.0091497503524126788 0.013786589147882129 -0.013751850237311403 -0.0061768879054525366 -0.0032441700180506532 0.00052377210445890608 0.0074146725918491649 -0.0027207221834640171 0.0019414901221100284 0.0049907529819688224 -0.0092264662656519388 -0.00042964696424405418 0.0097009344167477227 -0.0041071425756026179 -0.0048502234385418086 -0.001580371446427998 -0.00075731672412611471 0.0011133742993873496 0.0040992838894111346 0.00075538816655017411 0.0017050225988883107 -0.00056446743888587212 0.014207211417345877 0.0058215051683756305 0.0044492464140629606 0.0098306830570174895 3.9688127620902958e-05 0.01822394377244645 -0.0026795091597496563 0.0021988040486827869
leaf_weight=1493.7082994431257 2059.0715934112668 90.301213964819908 2112.0120517164469 1518.4813872277737 1589.1723867505789 653.21703385561705 121.75318710505962 1419.8039107769728 10859.999035269022 423.31441728025675 626.90322002023458 421.37590889632702 164.00594085454941 698.77813264727592 675.88567326962948 309.1929365247488 5673.6479568630457 809.00259050726891 67.374390415847301 5191.5618955045938 288.64757716655731 322.78901070356369 23.013161644339561 488.83377683162689 1188.8035296499729 49.100510641932487 73.906542927026749 97.996038243174553 148.03340375423431 19310.645085215569
leaf_count=9828 20886 85 31618 12463 9615 3572 225 3315 7597 1401 7709 2003 323 5212 4760 1341 21483 1515 368 7303 300 1076 92 132 683 128 105 148 379 11602
internal_value=-0.000107646 0.00124574 -0.00778209 -0.00556289 -0.00166728 -0.00335839 0.00195707 0.00135051 0.00128951 -0.000939761 -0.0126757 -0.00462439 0.000389279 -0.0072839 -0.00809157 -0.00485281 -0.00130266 -0.00132647 -0.00573422 0.00106798 0.00463033 0.00258181 -0.000429344 0.00248827 0.00241009 0.0057391 0.00895846 0.0123229 0.000418893 0.00232981
internal_weight=58970.3 50137.2 8833.1 6094.18 9834.84 2660.45 40302.4 18823.3 18733 8008.92 2738.92 2007.23 7873.02 3433.74 2734.96 1825.91 7262.82 2228.81 1585.86 5644.22 452.654 746.103 332.206 21479.1 20990.2 490.79 293.656 219.749 197.134 20499.4
internal_count=167267 78676 88591 49264 44836 18406 33840 20438 20353 33575 39327 14834 12756 30858 25646 11261 31098 4830 12831 7926 623 2477 1433 13402 13270 985 478 373 507 12285
cat_boundaries=0 1 2 3
cat_threshold=2491 94212 2064
is_linear=0
shrinkage=0.03


Tree=123
num_leaves=31
num_cat=3
split_feature=0 20 22 23 3 21 3 22 22 21 7 0 3 0 7 22 20 21 3 7 11 22 21 14 18 23 22 21 19 3
split_gain=668.757 108.673 99.6519 27.8697 23.6901 13.2662 11.6147 10.8719 10.6969 10.5677 10.2691 9.11639 8.01874 7.81952 7.8138 9.12265 7.23693 11.7694 6.89883 6.395 6.11731 6.18572 5.70267 5.57297 5.55994 5.4198 5.37308 5.07344 4.78811 4.67028
threshold=0 0.27678571428571436 0.01679278019124919 0.063665315576143619 5.5000000000000009 0.13363062095621173 2.5000000000000004 0.0078229775924323116 0.032477342204167071 0.20723205905420547 0.85355339059327384 1 2.5000000000000004 2 0.3535533905932739 0.93213278419381618 1.8125000000000002 2.8389108382124317 1.5000000000000002 0.3535533905932739 0.99761913169647187 0.071619098500050923 0.29218120012670185 1.0000000180025095e-35 2.5000000000000004 0.45477272727272733 0.023372770750673795 0.58650879619340068 0.31250000000000006 6.5000000000000009
decision_type=1 2 2 2 2 2 2 2 2 2 2 1 2 1 2 2 2 2 2 2 2 2 2 2 2 2 2 2 2 2
left_child=1 3 7 8 5 -4 28 -2 10 23 -1 19 -7 22 16 24 17 -3 25 -10 27 -22 -8 -6 -16 -17 -14 29 -5 -13
right_child=2 14 4 6 9 12 13 -9 11 -11 -12 20 26 -15 15 18 -18 -19 -20 -21 21 -23 -24 -25 -26 -27 -28 -29 -30 -31
leaf_value=-0.01034745340267027 -0.013540493500548204 0.0023802144900633509 -0.0098415557062288845 -0.002889463586900739 -0.0049944537524690283 -0.007415840922167417 -0.0014324770790289972 -0.0095296109944396894 0.0034999720953307013 -3.2100474143884935e-05 0.011446260202719246 -0.0044538093188569647 -0.0079260392319085802 -0.00069269991722716365 0.00019074580109467381 0.00092242818193081924 -0.0014055994681716716 0.0074093694629030239 0.0029128116684095672 -0.0025875446365499384 0.020568961573692979 -0.00091303134329398148 0.0017140385994533142 0.011596547573591059 0.0068896740363874704 -0.0057811050639149158 -0.0035795942951650488 0.0081179366689264326 0.0012836112601029074 0.0028236514516832168
leaf_weight=280.50940766185522 1937.6672130450606 27503.058589547873 928.76551184803247 1697.0958827137947 937.18021715432405 1437.2922858297825 611.01985640823841 925.03310576081276 299.52388464659452 825.80917233973742 19.835914224386215 2135.291849590838 316.13279387354851 3722.2206128388643 4147.1728980839252 866.18764713406563 440.81110394001007 425.72380673885345 3595.7189199328423 319.94987065345049 17.014103129506111 34.817982137203217 3331.5450425893068 17.453068152070045 113.69549733400345 123.05015867948532 1434.8498044982553 29.366391509771347 286.92092688381672 80.760642021894455
leaf_count=2387 30598 16214 9533 7511 7501 13010 2320 10604 1336 4290 156 13346 3300 14175 5638 1266 143 150 2795 1669 105 208 7480 124 104 146 9624 121 952 368
internal_value=-5.91985e-06 0.00133204 -0.0076477 -0.00104408 -0.00542378 -0.00667498 -0.000237062 -0.0122503 -0.00346185 -0.00252506 -0.008855 -0.0029016 -0.00574786 0.000291869 0.00215403 0.00137369 0.00239707 0.00245735 0.00230254 0.000341573 -0.00376364 0.00628081 0.00122153 -0.00467303 0.00037248 7.75282e-05 -0.00437183 -0.00401762 -0.0022826 -0.00418473
internal_weight=58841.5 50081.3 8760.18 12865.9 5897.48 4117.04 9648.8 2862.7 3217.07 1780.44 300.345 2916.72 3188.27 7664.79 37215.4 8845.83 28369.6 27928.8 4584.96 619.474 2297.25 51.8321 3942.56 954.633 4260.87 989.238 1750.98 2245.42 1984.02 2216.05
internal_count=167174 78590 88584 52134 47382 35467 32438 41202 19696 11915 2543 17153 25934 23975 26456 9949 16507 16364 4207 3005 14148 313 9800 7625 5742 1412 12924 13835 8463 13714
cat_boundaries=0 1 2 3
cat_threshold=2491 160 2464
is_linear=0
shrinkage=0.03


Tree=124
num_leaves=31
num_cat=2
split_feature=21 0 0 22 3 22 7 3 3 22 15 12 3 13 3 13 2 13 7 3 3 14 22 12 7 12 13 22 3 22
split_gain=636.706 108.534 105.127 23.6079 20.2577 18.908 12.4368 11.9882 11.3076 10.4647 10.2398 9.16766 9.30429 8.55751 8.41328 7.11572 6.79693 6.06059 8.3752 5.89711 5.46319 5.44936 5.31132 5.26454 5.11866 7.19212 4.76123 11.8836 7.15101 5.34539
threshold=0.24353894017376096 0 1 0.064240977448524625 1.5000000000000002 0.091528636359034118 0.3535533905932739 4.5000000000000009 1.0000000180025095e-35 0.02016215161419076 4.5000000000000009 0.063390085881955341 1.5000000000000002 1.5000000000000002 2.5000000000000004 1.0000000180025095e-35 5.5000000000000009 1.0000000180025095e-35 -0.85355339059327373 2.5000000000000004 5.5000000000000009 1.5000000000000002 0.095943018327222435 -0.42179730054635828 1.0000000180025095e-35 0.96177147954086928 1.0000000180025095e-35 0.14769057323736021 4.5000000000000009 0.88301361223524477
decision_type=2 1 1 2 2 2 2 2 2 2 2 2 2 2 2 2 2 2 2 2 2 2 2 2 2 2 2 2 2 2
left_child=1 9 5 7 8 24 26 -3 13 -1 11 12 -8 -4 -5 20 -13 -16 -19 -18 23 -14 -20 -6 25 -2 -7 28 -28 -29
right_child=2 3 4 14 15 6 10 -9 -10 -11 -12 16 21 -15 17 -17 19 18 22 -21 -22 -23 -24 -25 -26 -27 27 29 -30 -31
leaf_value=-0.01333412971506138 0.00051875473345518294 -0.0079731305414906875 -0.0030046923839418408 -0.0056433307748691682 -0.00072369482555563621 0.0018658330114942159 -0.00046928812115729638 -0.0047070276003358174 -0.0074912679247137078 -0.008064258379857624 0.012153304419679777 -0.00053022259735473957 0.002137831209572367 0.012865942852013378 -0.0020476449391511704 0.0015919026249914064 0.00034473767450138082 -0.0097216416455511226 0.018449024609569962 0.0061053711571187252 -0.00029378411875301123 0.0056759749184952333 -2.9117285397381847e-05 -0.003056716609676094 -0.0051512204676445322 -0.011847967167066709 0.0017680452789949901 0.0037080584966021238 0.013353458657179513 0.0023072614442641746
leaf_weight=2219.0533689185977 497.75071521103382 2371.8885926604271 823.0988312959671 662.57748411595821 1460.9088437482715 12707.579257890582 1206.4140805900097 1796.8353239446878 743.08329535275698 414.74308799952269 73.633386373519897 3687.9856063872576 3572.6720114499331 30.656580984592438 1576.5122927576303 816.42495728284121 383.38416890799999 20.425681680440903 38.851085484027863 276.5278247743845 2471.7097996845841 442.72043952345848 20.582460522651672 2184.7310897633433 358.20130427181721 45.20210063457489 73.338591039180756 2961.4868518859148 146.92024812102318 14876.742943286896
leaf_count=34366 1709 23688 4894 4896 7242 11544 2193 14195 5028 4612 41 5072 4042 137 7820 2827 563 71 169 270 8749 393 79 11279 1866 166 138 2672 167 6566
internal_value=-3.8048e-05 -0.00732495 0.00129553 -0.00520945 -0.00173496 0.00192145 0.00201786 -0.00656826 -0.00478334 -0.0124626 0.00107647 0.000989349 0.00183653 -0.00241341 -0.00278484 -0.00103397 -2.69175e-05 -0.00163505 0.00636034 0.00277332 -0.0013856 0.00253074 0.012056 -0.00212391 -0.00237099 -0.000519662 0.00231269 0.00262669 0.00954846 0.00254035
internal_weight=58962.6 9121.47 49841.2 6487.67 8530.61 41310.6 40409.4 4168.72 1596.84 2633.8 9643.34 9569.7 5221.81 853.755 2318.95 6933.77 4347.9 1656.37 79.8592 659.912 6117.35 4015.39 59.4335 3645.64 901.154 542.953 30766.1 18058.5 220.259 17838.2
internal_count=167454 89896 77558 50918 40156 37402 33661 37883 10059 38978 12574 12533 6628 5031 13035 30097 5905 8139 319 833 27270 4435 248 18521 3741 1875 21087 9543 305 9238
cat_boundaries=0 1 2
cat_threshold=34368 2434
is_linear=0
shrinkage=0.03


Tree=125
num_leaves=31
num_cat=0
split_feature=22 22 23 20 3 22 3 3 22 13 13 13 22 3 3 19 20 17 20 21 9 21 21 11 22 20 23 14 18 21
split_gain=618.871 109.27 99.2828 28.3846 23.3593 15.4917 12.9055 11.677 11.633 10.8056 10.3677 10.2606 9.78148 8.95815 8.38177 8.35867 7.87754 6.29946 6.18458 6.08163 5.97078 8.9986 5.92249 5.84097 5.81707 5.75793 5.45748 5.23138 5.229 8.86816
threshold=0.065041333606613391 0.01679278019124919 0.17973139044943823 0.044642857142857144 5.5000000000000009 0.10070289018693793 1.5000000000000002 4.5000000000000009 0.0078229775924323116 1.0000000180025095e-35 1.0000000180025095e-35 1.5000000000000002 0.12166413815136976 5.5000000000000009 1.5000000000000002 1.0000000180025095e-35 0.79464285714285732 1.5000000000000002 0.86607142857142871 0.40129659983478666 -0.8783796973249266 0.31721153878816621 0.74118192729629018 -0.99763297024448894 0.11105323450843435 0.098214285714285726 0.031612258494337117 1.5000000000000002 1.0000000180025095e-35 1.1451478665934933
decision_type=2 2 2 2 2 2 2 2 2 2 2 2 2 2 2 2 2 2 2 2 2 2 2 2 2 2 2 2 2 2
left_child=1 8 4 7 5 6 15 -3 -1 13 14 -8 -6 25 17 -2 28 -4 -19 -14 21 -11 24 -18 -7 26 -5 -24 29 -16
right_child=2 3 10 9 12 22 11 -9 -10 20 -12 -13 19 -15 16 -17 23 18 -20 -21 -22 -23 27 -25 -26 -27 -28 -29 -30 -31
leaf_value=-0.01358567596242965 -0.00857854424910077 -0.0083714110278872277 -0.00095849196710305748 -0.0075777550677780204 0.00072674854964169678 0.0024869189700705155 -0.0025250559657102483 -0.0048478446348792018 -0.0093986500759391991 -0.0011018548385354912 0.0023733290642532416 0.01628839182444065 0.00090967619567737718 -0.0006447120084704769 0.0019061004397781015 -0.0035721758254278085 0.007529910585060081 0.0093613838433480902 -0.00078666294787883883 0.014082859856131981 0.0013022013888839509 0.029658345318826922 0.00070385331365670667 0.0021757005961869401 -0.0017406849125040536 -0.0018874055996190371 -0.0034357342192442744 0.0082728022349190609 2.5602671171079715e-05 -0.0029344658091926784
leaf_weight=1890.0967910252512 595.75402508676052 2001.8502794057131 1860.0210626572371 653.51172459125519 2269.1100310534239 325.66482871770859 2939.4637968987226 1496.644295848906 908.43449684977531 15.736917227506636 21180.823058128357 25.25854067504406 52.70310115814209 753.99985963106155 4882.3944375813007 620.69176859408617 188.00471574068069 110.66593451797962 102.52975052595139 82.12155693769455 218.07098981738091 16.705791622400284 505.29374715685844 7780.1091583967209 2764.1626797020435 505.59644612669945 526.91746808588505 97.785579174757004 3185.9183158874512 364.36516469717026
leaf_count=30630 4283 20274 2682 5585 7582 1297 15235 12144 10598 91 12539 99 158 3844 8402 3761 112 136 89 132 1102 74 956 4641 10631 2770 3432 160 3550 280
internal_value=-6.55829e-05 -0.00731227 0.00123877 -0.00508487 -0.00138839 -0.00217884 -0.00342961 -0.00686757 -0.0122325 -0.0027629 0.00191986 -0.00235731 0.00119805 -0.00337335 0.00139953 -0.006034 0.00162679 -0.000395267 0.0044721 0.00902223 0.00314876 0.0149714 -0.000760522 0.00230371 -0.0012925 -0.00458894 -0.0057384 0.00195271 0.000986246 0.00156831
internal_weight=58920.4 8987.57 49932.8 6189.03 10278 7874.07 4181.17 3498.49 2798.53 2690.54 39654.8 2964.72 2403.93 2440.03 18474 1216.45 16400.8 2073.22 213.196 134.825 250.514 32.4427 3692.91 7968.11 3089.83 1686.03 1180.43 603.079 8432.68 5246.76
internal_count=167269 90544 76725 49316 44294 36422 23378 32418 41228 16898 32431 15334 7872 15631 19892 8044 16985 2907 225 290 1267 165 13044 4753 11928 11787 9017 1116 12232 8682
is_linear=0
shrinkage=0.03


Tree=126
num_leaves=31
num_cat=1
split_feature=0 22 22 6 7 22 20 8 6 16 7 22 7 20 7 6 7 21 20 20 22 22 6 6 7 21 22 21 15 19
split_gain=640.275 103.181 96.8072 25.3337 20.955 18.859 15.2761 12.184 11.6159 16.3695 9.6132 9.47868 9.41304 9.74013 9.39346 8.44093 7.98286 7.54762 7.27154 6.43543 11.4337 7.32623 6.24716 6.13736 5.68854 5.53723 5.99352 8.84813 10.563 8.66665
threshold=0 0.12410772417628714 0.01679278019124919 1195.5000000000002 -1.0000000180025095e-35 0.07108217716964764 0.47321428571428575 0.35355339059327379 595.50000000000011 1.0000000180025095e-35 -1.0000000180025095e-35 0.0078229775924323116 0.3535533905932739 0.13392857142857145 0.3535533905932739 193.50000000000003 -1.0000000180025095e-35 0.45708535991119154 0.13392857142857145 0.43750000000000006 0.28089233529955454 0.15436204275845475 271.50000000000006 241.50000000000003 -1.0000000180025095e-35 0.76085222211419234 0.8636611719603795 1.572439166518165 2.5000000000000004 0.68750000000000011
decision_type=1 2 2 2 2 2 2 2 2 2 2 2 2 2 2 2 2 2 2 2 2 2 2 2 2 2 2 2 2 2
left_child=1 4 11 5 -1 10 8 23 15 14 -4 -2 13 -9 18 17 -5 -3 -10 20 21 24 -7 -6 -20 -8 27 28 -27 -29
right_child=2 6 3 16 7 22 25 12 9 -11 -12 -13 -14 -15 -16 -17 -18 -19 19 -21 -22 -23 -24 -25 -26 26 -28 29 -30 -31
leaf_value=-0.0001177638867193806 -0.013523344083149366 0.0082245078837548564 -0.0056681267315291566 0.00080410740528030853 -0.0051948378604312817 -0.00041905716080373857 -0.00084593257329836644 -0.0051028665932301787 0.014440443729200647 -0.0015542301721321989 -0.008821180523363897 -0.009692161159025877 -0.0073857237329032098 0.0013768793308392064 0.00017193621908566164 -0.0018993284981552554 -0.0039076190988260821 0.00043239993516546962 0.011777290351972208 -0.001327728796735875 0.011530561433806413 0.0025949191190249251 -0.0054879293963401091 -0.0012972575017892684 0.0017707402943042125 0.0038608011184941794 0.0021109754122852378 0.0052122944907134344 0.011848824222607158 -0.0028696665288600672
leaf_weight=4563.4000205993652 1847.9811546951532 133.0233795940876 1551.7387783005834 597.59235575050116 421.65437365323305 514.30866850167513 532.098254352808 616.77309822291136 54.521760135889053 1102.2402489483356 2056.2940678671002 890.55480007827282 792.53410305827856 312.92158807814121 979.0525668412447 1994.7252857983112 699.72243390232325 690.38459603488445 148.91265714168549 230.46181517839432 163.93407261371613 1711.1014622151852 383.80765652656555 2689.4475064501166 80.525866642594337 1907.4236137866974 30370.746416687965 187.41000157594681 161.971475481987 324.9837498664856
leaf_count=15991 30371 405 12600 3165 2578 2894 472 4087 164 1757 20971 10483 5365 1220 2595 5795 5238 1275 209 236 168 2818 2423 13320 189 1827 17713 124 114 181
internal_value=-3.70135e-05 0.00125604 -0.0076241 -0.00543572 -0.00157723 -0.00649959 0.00190948 -0.00295363 0.00066358 0.00161474 -0.00746873 -0.0122837 -0.00497961 -0.0029163 0.00265363 -0.000843276 -0.00173365 0.00170696 0.00366746 0.00340727 0.00392903 0.00327817 -0.00259559 -0.00182893 0.00831426 0.00218048 0.00222955 0.00362076 0.00449434 7.905e-05
internal_weight=58712.2 50170.2 8542 5803.46 9396.73 4506.15 40773.5 4833.33 7288.88 4470.75 3608.03 2738.54 1722.23 929.695 3368.51 2818.13 1297.31 823.408 2389.46 2334.94 2104.47 1940.54 898.116 3111.1 229.439 33484.6 32952.5 2581.79 2069.4 512.394
internal_count=166748 78603 88145 47291 42561 38888 36042 26570 15611 8136 33571 40854 10672 5307 6379 7475 8403 1680 3784 3620 3384 3216 5317 15898 398 20431 19959 2246 1941 305
cat_boundaries=0 1
cat_threshold=2491
is_linear=0
shrinkage=0.03


Tree=127
num_leaves=31
num_cat=3
split_feature=0 23 0 7 13 23 13 13 6 6 20 12 19 20 18 14 2 6 16 20 15 21 17 17 2 1 21 21 0 17
split_gain=648.74 103.495 99.1175 21.2631 17.1661 11.9254 10.3353 10.2099 10.4111 9.03751 9.0226 8.02512 7.84314 6.3824 6.28053 6.10265 5.88496 7.51893 15.9537 6.12713 5.77273 7.9941 7.48413 11.6628 7.34885 17.8051 7.0838 7.03269 6.56524 7.93145
threshold=0 0.20050251256281412 1 -1.0000000180025095e-35 1.0000000180025095e-35 0.068874293012224058 3.5000000000000004 1.0000000180025095e-35 1180.5000000000002 1215.5000000000002 1.0000000180025095e-35 0.82777578779003613 1.0000000180025095e-35 0.044642857142857144 5.5000000000000009 1.0000000180025095e-35 3.5000000000000004 781.50000000000011 1.0000000180025095e-35 1.0982142857142858 4.5000000000000009 2.2716490544407919 2.5000000000000004 1.0000000180025095e-35 1.5000000000000002 4.5000000000000009 1.438681755915882 1.3675269175156475 2 4.5000000000000009
decision_type=1 2 1 2 2 2 2 2 2 2 2 2 2 2 2 2 2 2 2 2 2 2 2 2 2 2 2 2 1 2
left_child=1 4 3 7 5 15 14 8 13 12 -4 -7 -5 -2 20 -1 17 19 -19 -8 21 26 23 -22 25 -23 27 28 -3 -30
right_child=2 6 10 9 -6 11 16 -9 -10 -11 -12 -13 -14 -15 -16 -17 -18 18 -20 -21 22 24 -24 -25 -26 -27 -28 -29 29 -31
leaf_value=-0.0035165895549012648 -0.0063301807907156903 0.0022909106385762324 -0.013587003685199408 -0.0087872215755543069 0.0017691342082475469 -0.00041326520028392449 0.0050401923373171063 0.0035437414285747174 -0.00046642922729166544 -0.0039792816580322011 -0.0093079573691911572 -0.0031750693021720539 -0.0048945454237099666 -0.0025957732307748107 0.0050222485325096232 0.00062237878933593248 0.0023013992713110162 0.013785032280106151 0.0043283940689938481 -0.0016205623644193201 0.006827314097167296 -0.002781698137945759 0.0077791529327156687 -0.00025490354331447686 -0.0016333197885153479 0.0099373206127604669 0.0028550324814483 -0.00024858282505544038 0.0012604414910359475 0.008941596265566832
leaf_weight=3050.6642153561115 1220.0150183364749 13081.373923167586 1983.5762361101806 2020.311827711761 1529.5314076021314 5447.7224615365267 334.99062365293503 173.54829477518797 588.75961263477802 685.08785492181778 598.48771398514509 1147.2968011647463 621.90203404426575 634.75302462279797 580.77758395671844 355.24482508003712 1047.8366302251816 233.59866148233414 523.75409030914307 194.89502078294754 337.73143780231476 211.19272750616074 328.80519914627075 543.36147320270538 1083.9395270943642 184.17897498607635 5770.4895837903023 1571.1847812533379 12888.521583721042 121.44131672382355
leaf_count=18566 10652 9246 31645 20472 4701 19597 150 798 3313 5229 7727 4312 5225 3663 207 1783 412 110 169 73 138 102 87 176 594 107 3132 907 14133 60
internal_value=1.73129e-05 0.00130856 -0.00763193 -0.00547416 -0.00118803 -0.00164103 0.00204646 -0.0034537 -0.00395438 -0.00707648 -0.0125529 -0.000895038 -0.00787546 -0.00505748 0.00192292 -0.00308307 0.00398407 0.00534629 0.00726745 0.00258059 0.00187279 0.00180177 0.00391401 0.00245764 -0.000352714 0.00313828 0.00189728 0.00169718 0.00181459 0.00133226
internal_weight=59095 50568.5 8526.44 5944.38 11530.5 10000.9 39038.1 2617.08 2443.53 3327.3 2582.06 6595.02 2642.21 1854.77 36703 3405.91 2335.08 1287.24 757.353 529.886 36122.2 34912.3 1209.9 881.093 1479.31 395.372 33433 27662.5 26091.3 13010
internal_count=167486 78762 88724 49352 48959 44258 29803 18426 17628 30926 39372 23909 25697 14315 28889 20349 914 502 279 223 28682 28281 401 314 803 209 27478 24346 23439 14193
cat_boundaries=0 1 2 3
cat_threshold=2491 94212 2082
is_linear=0
shrinkage=0.03


Tree=128
num_leaves=31
num_cat=0
split_feature=21 23 23 21 13 3 21 3 19 3 3 23 18 21 9 21 20 21 21 11 11 12 12 3 12 23 20 12 11 11
split_gain=558.271 104.141 91.0142 31.7706 22.5238 13.3808 12.4228 10.0769 8.92349 8.57547 7.52289 7.43367 6.46501 12.4778 10.866 6.39296 5.54273 5.28907 7.83124 6.95648 6.23381 6.04003 5.43263 5.21785 6.10678 6.68556 5.07274 5.06629 5.06008 5.23685
threshold=0.24353894017376096 0.024125487457074681 0.20050251256281412 0.13363062095621173 1.0000000180025095e-35 1.5000000000000002 0.13363062095621173 2.5000000000000004 0.93750000000000011 1.0000000180025095e-35 4.5000000000000009 0.87029968900197918 1.5000000000000002 1.7259478856257846 0.6078576107927941 2.6753740757250477 0.18750000000000003 0.84668950441298585 1.0288058895834313 0.46800856592688472 -0.79384350655589164 -0.54940789553007929 -0.91595872546125101 5.5000000000000009 0.56191161272202661 0.10298573975044564 0.098214285714285726 0.97832380634958016 -0.66528616069191593 -0.90163369914317015
decision_type=2 2 2 2 2 2 2 2 2 2 2 2 2 2 2 2 2 2 2 2 2 2 2 2 2 2 2 2 2 2
left_child=1 3 4 -1 5 8 -3 -8 9 26 -5 -4 13 28 -15 17 23 -14 20 -20 -19 -21 -22 24 25 -7 -2 -9 29 -13
right_child=2 6 11 10 -6 16 7 27 -10 -11 -12 12 15 14 -16 -17 -18 18 19 21 22 -23 -24 -25 -26 -27 -28 -29 -30 -31
leaf_value=-0.012542248199100828 -0.0049461999942725047 -0.0065820310173518252 0.0014718216963412766 -0.0085348178192608017 0.0020890795274854882 -0.0023904632134940178 -0.0059568672299261782 -0.0016209636941180757 0.011663258930084712 -0.0057268942779742458 -0.0043045611727182817 0.0021118050138798083 -0.0010994262164844108 -0.0024489008124245122 0.0032562351398587206 0.0069265674871045674 0.00035750583792692781 0.0086754719233757428 0.0017228237358744313 0.0061266585264174479 0.0079628580416233191 0.0027573721633520026 0.0027637000631697412 -0.00034960578186115959 -0.0041874407110390728 0.0010405641143006223 -0.00039340696811341794 -0.0065560396293102329 0.0017929381767950825 0.0047703703156227097
leaf_weight=2440.6725183203816 332.71296478807926 1065.7870380282402 19028.363488540053 1393.194289252162 1634.9268081858754 1883.6019692122936 742.89070342108607 2470.3336889930069 32.090003103017807 1185.4895027726889 533.39994607493281 1488.1149009466171 304.90353029966354 1020.0656636953354 424.19472599029541 347.18793404102325 1767.5206614136696 313.71971261501312 4123.9890716075897 697.18995451927185 230.35612607002258 1578.0997496843338 877.69712007045746 2048.1471847817302 1042.9564854726195 697.88389099389315 658.18348597735167 202.90740057080984 7147.9120681881905 1230.3902993202209
leaf_count=36955 2396 9574 20874 15532 5276 10613 5857 14890 53 6515 5528 682 174 405 154 94 4615 133 1480 225 99 524 391 7753 5495 2913 2822 1199 3395 566
internal_value=-2.03386e-05 -0.00696655 0.00120667 -0.0102639 -0.0011645 -0.00171659 -0.0037506 -0.00286381 -0.00376782 -0.00400335 -0.00736958 0.00189619 0.00230396 0.00183284 -0.000767996 0.00293184 -0.00110649 0.00275959 0.00291093 0.00246089 0.00492914 0.00379466 0.00385618 -0.00156369 -0.00224782 -0.00146055 -0.00193159 -0.00200011 0.0022142 0.00331858
internal_weight=58944.9 8849.19 50095.7 4367.27 11283.5 9648.59 4481.92 3416.13 2208.48 2176.39 1926.59 38812.2 19783.8 11310.7 1444.26 8473.14 7440.11 8125.96 7821.05 6399.28 1421.77 2275.29 1108.05 5672.59 3624.44 2581.49 990.896 2673.24 9866.42 2718.51
internal_count=167182 89535 77647 58015 48451 43175 31520 21946 11786 11733 21060 29196 8322 5202 559 3120 31389 3026 2852 2229 623 749 490 26774 19021 13526 5218 16089 4643 1248
is_linear=0
shrinkage=0.03


Tree=129
num_leaves=31
num_cat=0
split_feature=20 23 22 23 13 3 22 13 22 12 6 22 6 6 13 11 23 11 22 1 7 22 6 17 20 7 15 12 21 12
split_gain=579.111 112.212 81.4749 22.4145 20.3514 15.1446 19.3792 12.7558 13.0426 8.25825 8.04293 7.879 7.86957 7.86748 13.6023 6.46778 8.36164 6.31698 6.21542 6.19341 7.97761 5.84023 5.82343 5.53038 5.51252 5.98942 5.49428 5.83186 5.48049 5.3668
threshold=0.044642857142857144 0.13010914355718903 0.0097673595692717597 0.031612258494337117 1.0000000180025095e-35 5.5000000000000009 0.10070289018693793 1.0000000180025095e-35 0.90180379829830981 0.57605713708605399 457.50000000000006 0.064240977448524625 1165.5000000000002 385.50000000000006 1.0000000180025095e-35 -0.97113884758256674 1.8519614288845061 0.99466373373798567 0.9927430448035357 9.5000000000000018 0.85355339059327384 0.05876351692740469 91.500000000000014 1.0000000180025095e-35 0.080357142857142863 0.3535533905932739 1.0000000180025095e-35 0.48877522411129354 1.8876736180578704 -0.039769286347669845
decision_type=2 2 2 2 2 2 2 2 2 2 2 2 2 2 2 2 2 2 2 2 2 2 2 2 2 2 2 2 2 2
left_child=2 4 -1 11 5 6 10 8 19 26 21 -4 13 14 -5 16 -9 -6 -11 -3 28 -2 -13 -7 -12 -26 27 -10 -21 -8
right_child=1 7 3 12 17 23 29 15 9 18 24 22 -14 -15 -16 -17 -18 -19 -20 20 -22 -23 -24 -25 25 -27 -28 -29 -30 -31
leaf_value=-0.013460534173643611 -0.011103854530438131 -0.00014647230107844557 -0.0086022232107448617 -0.0026303200800514284 0.0013351344710615476 0.00096731827896517366 0.00079569150833602709 -0.00028713869983815893 0.0011864504157019814 -0.00043915185588063035 -0.0049227482602912298 0.0078148586513979643 -0.00023395304887498486 -0.0058359977850530997 0.023811590971397949 0.0023627068117805686 0.0061936939186688208 0.013039543079330125 0.002500933296946492 0.0017304944484175333 -0.0036531080745046676 -0.005316486281914788 -0.0048979033521633006 -0.0047001993920874922 -0.00088857909527651077 -0.0041638139134725482 0.0030407247923804255 0.007353145790992676 0.0089666758581979315 -0.0022038993531020177
leaf_weight=1829.7951544001698 186.38874916732311 6665.010364100337 2442.2211195603013 550.94958943128586 1130.5988602638245 1308.1117583289742 1077.7374767884612 1550.6937187165022 3267.3950746655464 1996.515841960907 1261.2693049311638 39.017648912966251 378.91320462524891 1875.1554340794683 17.055099442601204 20079.739130198956 201.40132427215576 42.272117495536804 954.76657867431641 2523.5827733278275 243.64489743113518 1106.4853251874447 166.09550920128822 174.6236514672637 1107.6387136206031 928.86160578578711 4647.0977740287781 143.66496977210045 97.427523910999298 1064.1693690270185
leaf_count=31020 1765 13143 27528 3810 4354 5866 4125 1043 2571 1564 9063 291 2442 13826 88 12396 59 157 641 4427 446 6799 1425 699 5438 5377 2732 126 67 4226
internal_value=-6.82113e-05 0.00104733 -0.00797845 -0.00614119 -0.00191973 -0.00244779 -0.00305226 0.00170491 0.00116754 0.00187097 -0.00415176 -0.00812693 -0.00427407 -0.00489785 -0.00178537 0.00221011 0.000457511 0.00177284 0.000510485 0.000354146 0.00152064 -0.0061634 -0.00242433 0.000293086 -0.00335965 -0.00238669 0.00236838 0.00145001 0.00200508 -0.000692136
internal_weight=59058.3 51759.1 7299.2 5469.41 9388.16 8215.29 6732.55 42370.9 20539.1 11009.4 4590.64 2647.33 2822.07 2443.16 568.005 21831.8 1752.1 1172.87 2951.28 9529.67 2864.66 1292.87 205.113 1482.74 3297.77 2036.5 8058.16 3411.06 2621.01 2141.91
internal_count=167514 87084 80430 49410 47869 43358 36793 39215 25717 7634 28442 29244 20166 17724 3898 13498 1102 4511 2205 18083 4940 8564 1716 6565 19878 10815 5429 2697 4494 8351
is_linear=0
shrinkage=0.03


Tree=130
num_leaves=31
num_cat=3
split_feature=0 22 23 3 20 3 19 22 20 22 6 0 13 16 19 22 8 12 6 22 13 6 6 22 15 20 3 22 0 12
split_gain=588.434 99.3074 87.2528 21.2927 15.6163 14.1892 11.8834 11.7154 11.6724 10.3583 10.0171 9.57781 7.72519 8.58827 8.76892 7.31386 9.27629 7.5889 6.92171 6.66563 6.09628 5.78744 6.39833 8.98283 7.52094 5.78046 5.77417 6.47091 5.65124 5.46779
threshold=0 0.015756368460855642 0.13427827306420917 2.5000000000000004 0.044642857142857144 1.5000000000000002 1.0000000180025095e-35 0.28089233529955454 0.098214285714285726 0.0078229775924323116 1220.5000000000002 1 1.0000000180025095e-35 5.5000000000000009 0.31250000000000006 0.033495957569683134 1.0000000180025095e-35 0.56191161272202661 1210.5000000000002 0.077531734807411282 1.0000000180025095e-35 1205.5000000000002 1039.5000000000002 0.94234376052844826 5.5000000000000009 0.47321428571428575 6.5000000000000009 0.92709411353760163 2 0.80798785254895478
decision_type=1 2 2 2 2 2 2 2 2 2 2 1 2 2 2 2 2 2 2 2 2 2 2 2 2 2 2 2 1 2
left_child=2 9 5 18 10 6 -1 15 -4 -2 19 -8 21 14 26 16 -7 -17 20 -5 -3 22 24 -24 25 -10 27 -14 -23 -28
right_child=1 3 8 4 -6 7 11 -9 12 -11 -12 -13 13 -15 -16 17 -18 -19 -20 -21 -22 28 23 -25 -26 -27 29 -29 -30 -31
leaf_value=-0.0063221373268604365 -0.013647164126867098 -0.009216850108866902 -0.000820972371543861 -0.0068100322343665406 -0.0019325899047871002 -0.0098619553073076554 -0.0056768574448843858 0.0083113113339309905 0.00044639691719845857 -0.0092873307999580303 0 -0.00033779817063490404 0.0018465882461039924 0.0061381886536496632 0.0020348611861220642 -5.1434416477171038e-05 0.0016775484199782623 -0.0025050647783603974 -0.004283333964976487 0.0012171625559498024 0.0013851432929863213 0.0012474084686917241 0.00014269633540222733 -0.0088958815404223193 -0.0055403425355995232 0.0019012964303774423 0.0096449615854173054 0.0087200020366682701 0.003572455603957816 0.00066046508340804929
leaf_weight=872.53109262138605 1767.1592734828591 1412.7139617502689 1481.667491838336 1871.1294901445508 1807.7892970666289 175.91970902681351 417.37012860924006 123.47385382652283 3340.960669875145 708.57853262126446 247.93964991718531 1057.6901538819075 621.24115200340748 507.13014191389084 19898.039329752326 3995.389544673264 95.463782027363777 1586.3235048428178 385.35863581299782 96.358030594885349 49.292484536767006 1834.6446555405855 2257.5319549590349 102.45400124788284 135.88873839378357 9428.7434234917164 297.62040796875954 154.34616583585739 2034.3623755723238 78.630777180194855
leaf_count=5914 30585 14880 5473 17835 10687 1464 2449 251 7058 8700 1786 4407 980 132 11228 17332 656 7346 3219 565 412 2081 2550 73 56 6698 373 108 1880 94
internal_value=1.67537e-05 -0.00735688 0.00123694 -0.00523732 -0.00400826 -0.00156918 -0.00354569 -0.000791343 0.00179127 -0.012406 -0.00569766 -0.00189613 0.00188655 0.00227652 0.00218291 -0.00098578 -0.00578945 -0.000750155 -0.00790711 -0.00641343 -0.00885459 0.0014468 0.00118325 -0.000250756 0.00144594 0.00152118 0.00473129 0.00323163 0.00248455 0.00778997
internal_weight=58843.7 8346.32 50497.4 5870.58 4023.22 8324.16 2347.59 5976.57 42173.3 2475.74 2215.43 1475.06 40691.6 21557 21049.9 5853.1 271.383 5581.71 1847.37 1967.49 1462.01 19134.6 15265.6 2359.99 12905.6 12769.7 1151.84 775.587 3869.01 376.251
internal_count=167272 88669 78603 49384 30873 39819 12770 27049 38784 39285 20186 6856 33311 12915 12783 26798 2120 24678 18511 18400 15292 20396 16435 2623 13812 13756 1555 1088 3961 467
cat_boundaries=0 1 2 3
cat_threshold=2491 9 2337
is_linear=0
shrinkage=0.03


Tree=131
num_leaves=31
num_cat=3
split_feature=0 0 23 3 13 3 6 22 19 20 0 22 22 6 3 2 22 13 13 12 6 22 20 6 23 17 19 3 7 23
split_gain=553.014 100.399 87.8344 22.5373 18.9512 21.0163 15.5647 13.4869 12.8609 10.7293 10.2323 10.2016 9.24119 10.0436 8.15749 7.27175 7.79382 7.13771 6.89326 6.68175 7.9228 7.19488 6.59401 8.14613 6.55195 5.89452 5.9578 5.58054 5.50007 5.33739
threshold=0 1 0.17973139044943823 3.5000000000000004 1.0000000180025095e-35 1.5000000000000002 1180.5000000000002 0.0751663497585668 0.93750000000000011 0.044642857142857144 2 0.02016215161419076 0.098295021960509488 187.50000000000003 5.5000000000000009 5.5000000000000009 0.9927430448035357 1.0000000180025095e-35 2.5000000000000004 0.73136292505298039 487.50000000000006 0.046050569121432676 0.026785714285714288 1265.5000000000002 0.12468905472636817 6.5000000000000009 2.5625000000000004 1.0000000180025095e-35 -0.85355339059327373 0.22811275762221089
decision_type=1 1 2 2 2 2 2 2 2 2 1 2 2 2 2 2 2 2 2 2 2 2 2 2 2 2 2 2 2 2
left_child=2 3 4 22 5 8 7 17 9 -1 -4 -3 19 -14 18 29 -17 -5 25 20 -7 -22 23 -2 -9 26 -12 -11 -19 -16
right_child=1 11 10 6 -6 12 -8 24 -10 27 14 -13 13 -15 15 16 -18 28 -20 -21 21 -23 -24 -25 -26 -27 -28 -29 -30 -31
leaf_value=-0.01034675949918458 -0.0096974398803832962 -0.013233437628052108 -0.0012802976558198285 -0.0060015980517305343 0.0019949101049286217 -0.003218287207688257 0.00016654189345671852 0.0034433178970784115 0.015458404396420985 -0.0019639041753398076 0.001301975337310158 -0.0080884207048742881 0.00699845122554977 -0.00014264229048126183 0.0067122657876436381 -0.00010657317334048342 0.0038204446389163188 -0.008447297336829418 0.0031860132597234716 -0.0041113452219202224 0.012770630058331222 -0.00035789087194359678 -0.0059025827564832926 0.0024195682018286931 -0.0038064977098270759 -0.0062268052086464788 0.0061368683218678286 -0.0053022420123756703 0.0079416647159920983 0.0025399277191253031
leaf_weight=260.68973807990551 954.91991356760263 2030.6408669762313 939.98953714966774 1940.4313339963555 1388.3112541139126 1154.1146048083901 824.06732703745365 243.2030204385519 27.953044414520264 817.09029139578342 19542.703466162086 433.84173535555601 188.48189660906792 2728.9982813298702 282.61625182628632 1854.2446555793285 600.50097799301147 25.494670301675797 1972.0005131065845 938.24500872194767 37.271299794316292 2024.554993018508 1515.5017645508051 51.485469423234463 206.45512789487839 91.367695927619934 231.89902120828629 1029.8046581745148 58.498412534594536 14402.961982890964
leaf_count=2230 10988 34329 2964 17169 4393 6277 4785 1235 47 4128 18594 5020 567 9629 528 1190 188 138 1263 4740 149 8907 13185 490 977 53 131 5455 334 7173
internal_value=-2.05058e-05 -0.00719946 0.00115808 -0.0050263 -0.00126941 -0.00176244 -0.00339735 -0.00458643 -0.00437076 -0.00464381 0.00180286 -0.012284 -0.000973404 0.000318887 0.00187725 0.00236825 0.000852809 -0.00562992 0.00149236 -0.00188228 -0.00122902 -0.000111584 -0.00717199 -0.00906982 0.000100278 0.00132378 0.00135929 -0.00383043 0.00285562 0.00262108
internal_weight=58798.3 8284.54 50513.8 5820.06 10595.5 9207.2 3298.15 2474.08 2135.54 2107.58 39918.3 2464.48 7071.67 2917.48 38978.3 17140.3 2454.75 2024.42 21838 4154.19 3215.94 2061.83 2521.91 1006.41 449.658 19866 19774.6 1846.89 83.9931 14685.6
internal_count=167256 88650 78606 49301 46522 42129 24638 19853 11860 11813 32084 39349 30269 10196 29120 9079 1378 17641 20041 20073 15333 9056 24663 11478 2212 18778 18725 9583 472 7701
cat_boundaries=0 1 2 3
cat_threshold=2491 94212 25
is_linear=0
shrinkage=0.03


Tree=132
num_leaves=31
num_cat=4
split_feature=23 0 0 19 6 23 21 21 22 21 7 13 7 23 6 0 0 21 16 7 23 6 21 19 21 6 23 23 9 6
split_gain=534.387 125.622 76.8119 26.3638 17.6415 10.5881 10.568 9.37908 8.07434 7.51135 7.3026 7.08298 6.75528 9.82119 6.64542 13.1084 7.52776 7.38276 7.17673 9.16956 8.11487 8.45174 6.3673 10.1453 6.10968 5.91774 5.49361 5.31895 5.15649 5.0882
threshold=0.056652402256370367 0 1 1.0000000180025095e-35 1170.5000000000002 0.11779788838612369 0.16044347806795992 0.58650879619340068 0.064240977448524625 0.13363062095621173 -1.0000000180025095e-35 1.0000000180025095e-35 -0.85355339059327373 0.048577400215749737 1205.5000000000002 2 3 1.5490885464282935 1.0000000180025095e-35 0.3535533905932739 0.18313345419048951 565.50000000000011 3.3193146343606732 2.9375000000000004 0.47038865778069705 487.50000000000006 0.06094465766992696 0.89626135569531806 1.0000000180025095e-35 1175.5000000000002
decision_type=2 1 1 2 2 2 2 2 2 2 2 2 2 2 2 1 1 2 2 2 2 2 2 2 2 2 2 2 2 2
left_child=1 9 5 4 8 25 29 -5 10 -1 -3 -8 13 -6 16 17 18 -16 19 20 21 -7 23 -18 -17 -2 -13 28 -24 -4
right_child=2 3 6 7 12 14 11 -9 -10 -11 -12 26 -14 -15 15 24 22 -19 -20 -21 -22 -23 27 -25 -26 -27 -28 -29 -30 -31
leaf_value=-0.013583456462877588 -0.0041121005927447635 -0.0055573416706189132 -0.0055398342646842654 -0.0027541964078424208 0.013456353931503712 0.0034649949535675863 -0.0017164019955128254 0.003548173995982719 -0.0047914698653930381 -0.009420168810278285 -0.0090669668014012952 0.015826377027357761 -0.0028798981005725309 -0.0085686800862171484 0.0040404879010934253 0.0059344648528838881 0.0017446691015603356 0.0016938194257551016 -0.0021459624658230472 -0.0021260076500836883 0.0015685951470101997 0.023417838836135796 -0.0020674769180466989 0.0086893408838773882 0.00057271043574118959 0.00026089698683280779 0.0010792403175675261 -0.0033559497336879468 0.0058698968595819025 0.0027538979344574289
leaf_weight=1841.2442293651402 329.15727204084396 823.48803978413343 815.53368585556746 2342.7410433366895 54.332664720714092 51.764857724308968 5112.427976116538 232.05647596716881 1126.1320934221148 523.1360250338912 1618.2004268988967 22.724094301462173 704.70284333825111 26.002816416323185 4045.2935538291931 203.91996288299561 27403.31699103117 1737.1857388615608 847.59158210456371 646.60319723188877 2078.349982008338 30.551220163702965 143.262331366539 190.16109085083008 2966.5564058125019 1768.8964417278767 609.81680265069008 401.10141968727112 148.21892982721329 70.886278703808784
leaf_count=31463 1417 7790 6044 16037 366 163 23050 604 7808 7261 17866 111 5419 140 3272 412 19465 695 1401 1668 3612 68 83 77 2376 5869 2155 120 80 431
internal_value=-4.80173e-05 -0.00665043 0.00118828 -0.00458722 -0.00601787 0.00165173 -0.00181494 -0.0021827 -0.00691428 -0.0126159 -0.00788852 -0.00134529 -0.00193267 0.00623587 0.00175878 0.00248235 0.00155571 0.00333119 0.00026883 0.00100152 0.00194079 0.0111346 0.00172105 0.00179306 0.000918329 -0.000423943 0.00164265 -0.00111276 0.00195445 -0.00486747
internal_weight=58915.4 9292.04 49623.3 6927.66 4352.86 42991.9 6631.39 2574.8 3567.82 2364.38 2441.69 5744.97 785.038 80.3355 40893.9 8952.96 31940.9 5782.48 3654.86 2807.27 2160.67 82.3161 28286.1 27593.5 3170.48 2098.05 632.541 692.583 291.481 886.42
internal_count=167323 94754 72569 56030 39389 40778 31791 16641 33464 38724 25656 25316 5925 506 33492 6755 26737 3967 6912 5511 3843 231 19825 19542 2788 7286 2266 283 163 6475
cat_boundaries=0 1 2 3 4
cat_threshold=34368 2466 162 128
is_linear=0
shrinkage=0.03


Tree=133
num_leaves=31
num_cat=2
split_feature=20 0 0 3 6 20 6 22 7 20 20 18 20 23 3 6 13 8 12 3 16 23 18 22 22 6 22 22 23 3
split_gain=532.625 102.52 75.8632 20.6824 17.395 17.2952 21.8712 16.352 11.5536 10.7989 9.85476 7.95968 8.36364 7.71114 6.85212 7.56932 6.74916 6.89964 8.57115 6.58662 6.57206 6.52919 6.44796 7.6616 7.02477 6.29677 6.80212 5.96383 7.58285 9.99575
threshold=0.044642857142857144 0 1 2.5000000000000004 1165.5000000000002 0.38392857142857145 553.50000000000011 0.063156083570814522 0.3535533905932739 1.0000000180025095e-35 1.9732142857142858 5.5000000000000009 1.3482142857142858 0.69309550002619325 5.5000000000000009 355.50000000000006 1.5000000000000002 0.35355339059327379 0.50370931781787065 4.5000000000000009 1.5000000000000002 0.03580586080586081 1.0000000180025095e-35 0.24817419475914387 0.092346311213887325 1155.5000000000002 0.05876351692740469 0.27116427820612465 0.38950428396572834 2.5000000000000004
decision_type=2 1 1 2 2 2 2 2 2 2 2 2 2 2 2 2 2 2 2 2 2 2 2 2 2 2 2 2 2 2
left_child=2 5 9 -3 7 6 27 19 13 -1 11 -7 -13 16 25 -16 22 -18 -19 -4 -17 -11 23 -8 -24 26 -5 -2 29 -29
right_child=1 3 4 14 -6 10 8 -9 -10 21 -12 12 -14 -15 15 20 17 18 -20 -21 -22 -23 24 -25 -26 -27 -28 28 -30 -31
leaf_value=-0.013355114597079608 -0.0035692041216806867 -0.0045916396061914883 -0.0089077585473120308 -0.0075741389392242108 -0.00078094894413628191 0.0018107848700921368 0.0020565192198491347 -0.0036288593623526816 -0.0009249207778455282 -0.0097026577474794116 -0.0050191449672561334 0.0022860601963254801 0.0093078465570714721 0.014976619906264081 0.0025822685419349162 -0.0012921965684990194 0 0.016547259786991831 0.00098643935207162921 -0.0058991823476726036 0.010803819890652315 0 0.0068482010657139863 0.010600887328947215 -0.0014186552881401146 -1.3262517331829039e-05 -0.0024150158050817248 -0.0029694829118964085 -0.003621281152735903 0.004805800791029771
leaf_weight=1840.8152062743902 1258.7502069696784 2254.1017909198999 1570.1537540480494 264.02610881626606 595.5240563377738 34816.268417954445 3004.1116039305925 1401.1935008615255 1572.1386596933007 413.04010951891541 186.36788547039032 373.12942171096802 262.11881160736084 40.470513582229614 701.46101924031973 1949.7673837915063 78.761817589402199 89.917920991778374 50.554875195026398 1171.5334263592958 40.20002918690443 72.110503412783146 102.8776082098484 97.00195324420929 837.41369254887104 859.02704131603241 1844.0484815090895 249.74433675408363 413.22334337234497 363.34890355169773
leaf_count=31719 5340 15713 17831 2288 4486 22280 7256 8799 5687 6043 72 149 63 36 2682 7653 120 145 79 10668 130 764 307 124 1467 4479 8884 690 618 704
internal_value=-7.33529e-05 0.000982185 -0.00779943 -0.00215847 -0.00557642 0.00154992 0.000303336 -0.0062774 0.00127283 -0.0122446 0.00183554 0.00187188 0.00520293 0.00207758 -0.00119132 -9.27468e-05 0.00195016 0.007074 0.011036 -0.00762699 -0.00103952 -0.00825168 0.00166904 0.00232905 -0.000501487 -0.00218543 -0.0030673 -0.00218538 -0.000480487 0.00162908
internal_weight=58773.2 51708.8 7064.37 7912.63 4738.4 43796.2 8158.32 4142.88 5873.25 2325.97 35637.9 35451.5 635.248 4301.11 5658.53 2691.43 4260.64 219.235 140.473 2741.69 1989.97 485.151 4041.4 3101.11 940.291 2967.1 2108.07 2285.07 1026.32 613.093
internal_count=167276 86966 80310 41829 41784 45137 22573 37298 15221 38526 22564 22492 212 9534 26116 10465 9498 344 224 28499 7783 6807 9154 7380 1774 15651 11172 7352 2012 1394
cat_boundaries=0 1 2
cat_threshold=2466 34368
is_linear=0
shrinkage=0.03


Tree=134
num_leaves=31
num_cat=3
split_feature=20 0 0 3 22 3 21 3 12 13 20 3 17 20 17 12 22 19 20 20 14 0 21 11 21 12 10 23 20 3
split_gain=524.021 92.3068 81.8923 27.4485 21.7539 17.0404 17.7873 12.143 9.21711 9.20711 8.9209 8.6567 8.16909 8.11044 7.38429 14.2742 7.54866 22.0491 7.25202 8.60328 6.96933 6.96628 6.63411 12.7613 12.5674 13.1871 8.30109 10.1138 7.3898 6.1098
threshold=0.044642857142857144 0 1 2.5000000000000004 0.070479214100651652 5.5000000000000009 0.74902534071883109 4.5000000000000009 -0.42179730054635828 1.5000000000000002 1.0000000180025095e-35 2.5000000000000004 6.5000000000000009 1.8125000000000002 2.5000000000000004 -0.84313311835787952 0.91195849145308228 0.93750000000000011 0.25892857142857145 0.41964285714285715 1.0000000180025095e-35 2 2.1731461800422895 -0.40614700388750385 1.8876736180578704 0.56191161272202661 1.0000000180025095e-35 0.66747967479674808 1.2589285714285716 5.5000000000000009
decision_type=2 1 1 2 2 2 2 2 2 2 2 2 2 2 2 2 2 2 2 2 2 1 2 2 2 2 2 2 2 2
left_child=2 5 10 -3 7 6 9 -4 -5 20 -1 -6 14 -7 22 -16 17 -17 -11 -20 -2 -9 24 -24 -8 28 -25 -28 -26 -10
right_child=1 3 4 8 11 13 12 21 29 18 -12 -13 -14 -15 15 16 -18 -19 19 -21 -22 -23 23 26 25 -27 27 -29 -30 -31
leaf_value=-0.013419932236992628 -0.001249387608994572 -0.0048238001604865655 -0.0080155059565954739 0.0005903279513352986 -0.0060148586053883043 0.0022933386925852381 0.0013495991090188889 -0.0013923994265529753 -0.0030897854308050122 -0.0021208792848816018 -0.0087394218868438855 0.00023027133586897097 -0.0063961874235529039 -0.003411388724664636 0.010128233742221531 -0.0012033126548460951 0.00067928772007291188 0.016603688584154324 0.015262186326885028 0 0.0015434517835658194 -0.0058100583006012963 -0.0066541353616506056 -0.0015586041184304674 0.0074023863695584398 0.013890515479764708 0.010484589200831448 0.00029888973136144812 -0.0023733350123506351 -0.00053137875977610736
leaf_weight=1820.0939659774303 4330.7815497070551 2231.6221681758761 2103.1536933034658 2258.1136786676943 274.91806761920452 18010.793287202716 17199.478606596589 483.61637710034847 1784.3405853025615 71.076437227427959 479.81058946996927 717.4703451693058 117.90993571281433 225.43731379508972 248.69828537106514 140.73087802529335 793.05656957626343 110.70660775899887 87.823612242937088 54.068087309598923 984.88204999268055 1140.0175772756338 263.56210744380951 531.34287387132645 143.34553587436676 145.20281434059143 143.54637652635574 226.61222529411316 132.41325944662094 1600.0447436645627
leaf_count=31769 14331 15640 22645 10124 2113 11267 14562 3404 9645 206 6794 3556 66 49 152 116 479 65 154 62 2637 10181 199 325 102 102 103 113 76 6364
internal_value=-5.71725e-05 0.000984444 -0.00774937 -0.00200494 -0.00544339 0.00152017 0.00102272 -0.00650628 -0.000891905 -0.00048414 -0.0123964 -0.00149807 0.00143551 0.0022223 0.00148212 0.00367688 0.00212683 0.00664796 0.00561436 0.00951882 -0.000730611 -0.00454391 0.00133052 -0.000858104 0.00147561 0.00659467 0.000835266 0.00428264 0.00269501 -0.00188253
internal_weight=58854.7 51835.6 7019.08 7874.12 4719.18 43961.5 25725.2 3726.79 5642.5 5528.63 2299.9 992.388 20196.6 18236.2 20078.7 1293.19 1044.49 251.437 212.968 141.892 5315.66 1623.63 18785.5 1165.06 17620.4 420.962 901.501 370.159 275.759 3384.39
internal_count=167401 86939 80462 41773 41899 45166 33850 36230 26133 17390 38563 5669 16460 11316 16394 812 660 181 422 216 16968 13585 15582 740 14842 280 541 216 178 16009
cat_boundaries=0 1 2 3
cat_threshold=2466 34368 67601
is_linear=0
shrinkage=0.03


Tree=135
num_leaves=31
num_cat=0
split_feature=22 22 20 6 3 23 22 19 3 3 13 20 3 22 22 6 6 22 22 13 19 3 9 1 19 20 22 9 20 3
split_gain=503.619 103.913 70.3119 30.2137 28.8616 17.9724 12.3915 10.3915 9.75233 9.17696 8.3203 8.30862 8.18802 7.77767 7.59822 6.79769 6.75892 8.99249 6.43061 6.37041 6.80592 6.7947 8.61334 14.3389 5.92673 5.9039 5.77845 5.59555 10.0994 9.57829
threshold=0.065041333606613391 0.01679278019124919 0.38392857142857145 1180.5000000000002 2.5000000000000004 0.041775741710296695 0.0078229775924323116 1.0000000180025095e-35 5.5000000000000009 4.5000000000000009 1.0000000180025095e-35 0.026785714285714288 2.5000000000000004 0.025557181266289954 0.27116427820612465 559.50000000000011 175.50000000000003 0.11221338486437929 0.098892747284012414 3.5000000000000004 2.5625000000000004 1.5000000000000002 -0.8783796973249266 2.5000000000000004 0.18750000000000003 1.6160714285714288 0.8636611719603795 0.6078576107927941 1.4910714285714288 1.0000000180025095e-35
decision_type=2 2 2 2 2 2 2 2 2 2 2 2 2 2 2 2 2 2 2 2 2 2 2 2 2 2 2 2 2 2
left_child=1 6 4 5 7 10 -1 18 14 -5 12 -7 -3 -11 15 16 17 -6 -2 20 21 22 23 -4 -17 -22 -25 -24 29 -29
right_child=2 3 19 9 8 11 -8 -9 -10 13 -12 -13 -14 -15 -16 24 -18 -19 -20 -21 25 -23 27 26 -26 -27 -28 28 -30 -31
leaf_value=-0.013460372234795551 -0.0065346944503145449 -0.0097376773642465757 0.013308838737031092 -0.0030574101437405459 -0.001368451146631633 -0.0061312576737506839 -0.0089298577405407566 -0.0016536993086596623 0.0010757354963514625 0.011321462246538679 0.00085959555534332829 -0.0020206727189012548 -0.0062543877704867024 0.00065275173495641932 0.0029240441909805172 0.00075170639443586428 -0.0037648284011910752 0.010013179761427387 -0.0024849448600930153 0.0033488348127438867 0.0096448559526657891 0.0018485686035830486 -0.00064119737182131921 0.0084054845143009069 -0.0019731570512761315 0.0020082591800302868 0.00055125417428666024 0.0029743139201935027 0.0118021788965586 -0.0023348599221942471
leaf_weight=1662.5957474447787 844.5114163979888 1113.5405803844333 115.24658951163292 758.35679246485233 370.8573008030653 723.46716453880072 836.99392269551754 2562.5198507532477 5340.9723091796041 67.99180306494236 102.3751078248024 1158.5114750415087 1396.7389892265201 584.12641122937202 460.73722079396248 1928.0935769379139 1245.8546931296587 74.023770734667778 619.40899779647589 2301.312323987484 180.27382880449295 28378.032206058502 2843.4071663320065 99.797886341810226 1142.6426602303982 189.40176045894623 529.71374672651291 833.76967030763626 82.480128467082977 480.655851572752
leaf_count=30676 6107 12411 113 5823 1972 6288 10625 11219 13530 536 739 6781 13908 2921 869 7766 6115 262 2994 901 100 16341 3028 135 3301 71 506 677 54 741
internal_value=-2.15696e-05 -0.00682198 0.00110745 -0.0046487 -0.000649304 -0.0058508 -0.0119499 -0.00281025 0.00017402 -0.000812366 -0.00746318 -0.00360646 -0.0078052 0.00178992 -0.000747083 -0.00110411 -0.00263152 0.000530092 -0.00482814 0.00181889 0.00171424 0.00166902 0.00064552 0.00361903 -0.000260594 0.00576444 0.00181728 0.000121116 0.00167645 0.00102801
internal_weight=59028.4 8404.7 50623.7 5905.11 14589.6 4494.63 2499.59 4026.44 10563.2 1410.48 2612.65 1881.98 2510.28 652.118 5222.21 4761.47 1690.74 444.881 1463.92 36034.1 33732.8 33363.1 4985.07 744.758 3070.74 369.676 629.512 4240.31 1396.91 1314.43
internal_count=167510 90708 76802 49407 54135 40127 41301 20320 33815 9280 27058 13069 26319 3457 20285 19416 8349 2234 9101 22667 21766 21595 5254 754 11067 171 641 4500 1472 1418
is_linear=0
shrinkage=0.03


Tree=136
num_leaves=31
num_cat=4
split_feature=0 0 23 6 22 0 22 13 7 22 0 6 7 14 19 18 18 19 22 7 7 14 6 22 18 11 23 20 7 19
split_gain=497.134 95.4853 72.5332 19.3385 19.6774 13.8971 11.8273 11.7053 11.3376 11.0197 9.67597 8.76681 8.33424 8.02214 7.16954 6.65226 9.12098 6.67948 6.60553 6.52534 6.35445 6.39786 6.18342 7.85827 6.14219 6.4669 6.48655 7.29117 5.87478 9.07747
threshold=0 1 0.13010914355718903 1180.5000000000002 0.071619098500050923 2 0.032477342204167071 1.0000000180025095e-35 -1.0000000180025095e-35 0.02016215161419076 3 1165.5000000000002 0.3535533905932739 5.5000000000000009 0.81250000000000011 5.5000000000000009 7.5000000000000009 2.9375000000000004 0.1313055839932952 0.85355339059327384 -1.0000000180025095e-35 1.0000000180025095e-35 1220.5000000000002 0.067768326051458591 1.5000000000000002 -0.99630266176052629 0.34491379310344833 0.43750000000000006 0.3535533905932739 2.0625000000000004
decision_type=1 1 2 2 2 1 2 2 2 2 1 2 2 2 2 2 2 2 2 2 2 2 2 2 2 2 2 2 2 2
left_child=2 3 6 4 7 13 19 20 18 -3 22 -7 -5 15 -12 17 -17 28 -8 -1 21 -2 -10 -24 25 -13 -27 -28 -4 -30
right_child=1 9 5 12 -6 11 8 -9 10 -11 14 24 -14 -15 -16 16 -18 -19 -20 -21 -22 -23 23 -25 -26 26 27 -29 29 -31
leaf_value=-0.0087675691373226318 -0.0060472415708644018 -0.013151114357806635 0.0019545761211460788 -0.00022484180547458781 -0.0018045268082187722 -0.00031037737749281172 0.0001331776013760811 0.0020712136140520173 -0.0047214720182837599 -0.0076692837202169632 -0.0014134984564833995 -0.0074510579375976736 -0.0052633921994116734 -0.0023829588751202264 0.005808941761314316 0.0075183903633272006 0.00032143351639218193 0.0064361697173400357 0.008155254716037905 0.0035566540482635449 -0.0083824312679611542 0.0057138552037702588 0.0089974907114184089 -0.002475779291316994 -0.0027901440624797198 0.0019587260413714684 0.012453347403623898 0.0034852939231802974 0.00083147034031413501 0.0064933940414508935
leaf_weight=286.25945141911507 1384.3624422326684 1900.5187678448856 26663.211475983262 959.34683056920767 862.1230176910758 5174.838546872139 2121.244445219636 125.04904248565435 1460.3571432158351 412.77747777849436 3533.6101455166936 54.179948896169662 427.775794275105 408.19385981559753 126.92589044570923 418.29509164392948 257.81460505723953 275.03695458173752 95.686572447419167 43.374558418989182 1880.9120330326259 41.64130262285471 65.913338467478752 271.17497085034847 208.86292684078217 1312.9845074862242 122.17315888404846 254.06908762454987 7644.0297069847584 263.07881432771683
leaf_count=2536 12250 34249 15623 5963 5247 12377 8468 858 9680 4984 15699 96 3530 232 210 134 92 112 224 318 21072 305 371 1590 255 2358 129 223 7939 184
internal_value=-2.94902e-05 -0.00698052 0.00105997 -0.00486457 -0.00586843 0.00154776 -0.00156169 -0.00688673 -0.00132121 -0.0121269 -0.00205617 0.00033447 -0.00178568 0.00178766 -0.00115675 0.00183633 0.00478743 0.00177876 0.00048565 -0.0071219 -0.00722781 -0.00569583 -0.003855 -0.000194603 0.00204782 0.00263212 0.0029633 0.00643859 0.00174135 0.00102141
internal_weight=59055.8 7994.51 51061.3 5681.21 4294.09 43056.8 8004.55 3431.96 7674.91 2313.3 5457.98 7127.11 1387.12 35929.7 3660.54 35521.5 676.11 34845.4 2216.93 329.634 3306.92 1426 1797.45 337.088 1952.27 1743.41 1689.23 376.242 34570.3 7907.11
internal_count=167308 88458 78850 49225 39732 39754 39096 34485 36242 39233 27550 15438 9493 24316 15909 24084 226 23858 8692 2854 33627 12555 11641 1961 3061 2806 2710 352 23746 8123
cat_boundaries=0 1 2 3 4
cat_threshold=2491 94212 2338 17
is_linear=0
shrinkage=0.03


Tree=137
num_leaves=31
num_cat=0
split_feature=22 22 21 20 3 19 6 20 13 22 12 3 23 18 18 3 21 1 6 6 10 21 22 13 22 6 20 1 15 12
split_gain=495.533 93.0207 75.1535 25.5589 21.3777 12.1768 11.3005 9.92161 9.89232 9.64588 7.73233 7.61384 7.32025 6.59573 8.45043 5.93246 7.57517 6.25375 8.57256 9.11276 30.8397 20.4139 7.06466 5.8458 5.5137 5.27795 8.17288 5.58017 13.9498 6.74982
threshold=0.065041333606613391 0.015756368460855642 0.56393125945271683 0.044642857142857144 2.5000000000000004 1.0000000180025095e-35 1180.5000000000002 1.9732142857142858 1.0000000180025095e-35 0.0078229775924323116 -0.99983123799342477 1.5000000000000002 0.024125487457074681 5.5000000000000009 7.5000000000000009 2.5000000000000004 2.8389108382124317 9.5000000000000018 601.50000000000011 775.50000000000011 -0.22252093395631442 1.1024618236027117 0.85554710052178595 1.5000000000000002 0.098892747284012414 151.50000000000003 1.0267857142857146 4.5000000000000009 5.5000000000000009 -0.93543596745397617
decision_type=2 2 2 2 2 2 2 2 2 2 2 2 2 2 2 2 2 2 2 2 2 2 2 2 2 2 2 2 2 2
left_child=1 9 4 6 5 24 11 10 12 -1 -4 -3 -5 15 -15 16 17 18 22 20 21 -20 -12 -6 -2 26 -17 28 -27 -29
right_child=2 3 7 8 23 -7 -8 -9 -10 -11 13 -13 -14 14 -16 25 -18 -19 19 -21 -22 -23 -24 -25 -26 27 -28 29 -30 -31
leaf_value=-0.013300895906645838 -0.0068335721865741073 -0.010280444672614405 0.0074981732060799824 -0.0057635950844866831 -0.00036270546732150431 -0.0015607649695300761 -0.0022616373826752248 -0.0049901364197053677 0.0029277787940786581 -0.008959002072347292 -0.0041147969330248974 -0.0065124961251399336 -0.0021552913608047148 0.0072914078356576201 0.00021935247625662195 0.0050073841646068708 0.0065738097331825658 -0.00047347579557695192 0.0055918212493076755 0.0017055506872135817 -0.00011460636835316051 0.026379359752574966 0.00059394039148724458 0.0054881712517478604 -0.002880345494070128 0.00069697794053609724 0.0018052742251973162 0.00069393446720753536 0.0089771707960434027 0.0022209426261789776
leaf_weight=1609.1687387004495 820.0451759621501 627.29233023524284 207.02613124251366 740.28795922547579 8500.007334575057 1917.0694618299603 463.61965125799179 197.93141055107117 253.6317837536335 674.39933541044593 323.67539355158806 2280.5448878780007 1632.2177271917462 411.76809293031693 243.68606173992157 1167.4985607117414 211.79023277759552 2386.0423414111137 85.820466220378876 3427.2070162892342 264.23101384937763 86.431369662284851 2453.1780204772949 155.42792738974094 532.47620946913958 6222.9037423282862 1887.2363805770874 3135.8962364196777 187.85648429393768 15791.205515086651
leaf_count=30480 6050 7566 148 6307 30381 9607 3852 74 1291 8787 594 22635 9549 130 87 821 130 2702 113 3951 308 78 2391 349 2768 3913 756 1907 46 9481
internal_value=-6.90013e-05 -0.00687177 0.00104397 -0.00490674 -0.00103788 -0.00310431 -0.00663625 0.00168578 -0.0026824 -0.0120257 0.00172039 -0.00733065 -0.00328566 0.0016888 0.00467562 0.00163649 0.000974606 0.000841854 0.00131537 0.00222902 0.00631218 0.0161491 4.16372e-05 -0.000256325 -0.00528493 0.0018516 0.0030323 0.0017089 0.000941913 0.00196831
internal_weight=58897.6 8281.16 50616.4 5997.59 11925 3269.59 3371.46 38691.4 2626.14 2283.57 38493.5 2907.84 2372.51 38286.4 655.454 37631 9238.38 9026.59 6640.54 3863.69 436.483 172.252 2776.85 8655.44 1352.52 28392.6 3054.73 25337.9 6410.76 18927.1
internal_count=167252 90467 76785 51200 49155 18425 34053 27630 17147 39267 27556 30201 15856 27408 217 27191 10267 10137 7435 4450 499 191 2985 30730 8818 16924 1577 15347 3959 11388
is_linear=0
shrinkage=0.03


Tree=138
num_leaves=31
num_cat=6
split_feature=0 0 23 3 3 13 6 14 13 20 20 6 6 0 21 15 0 9 3 0 20 6 3 6 19 23 19 21 0 6
split_gain=469.887 97.7055 72.0578 21.814 17.2488 16.0795 14.2997 13.9903 10.223 9.94621 9.23223 7.32404 7.24037 7.10939 6.90605 8.04691 6.90187 7.7683 6.82392 6.53609 6.45878 8.20429 6.3411 10.5593 6.05472 5.94676 5.58024 6.06529 5.53847 5.41828
threshold=0 1 0.24506557589923389 3.5000000000000004 1.5000000000000002 1.0000000180025095e-35 1150.5000000000002 1.0000000180025095e-35 1.0000000180025095e-35 1.0000000180025095e-35 0.044642857142857144 1170.5000000000002 361.50000000000006 2 3.633515372553564 10.500000000000002 3 -0.8783796973249266 1.0000000180025095e-35 4 0.18750000000000003 1150.5000000000002 2.5000000000000004 133.50000000000003 1.0000000180025095e-35 0.16626016260162604 1.0000000180025095e-35 1.0562122966451442 5 1051.5000000000002
decision_type=1 1 2 2 2 2 2 2 2 2 2 2 2 1 2 2 1 2 2 1 2 2 2 2 2 2 2 2 1 2
left_child=2 3 4 11 7 6 12 10 20 -3 -1 24 13 -5 15 26 17 -9 -12 -8 21 29 25 -24 -2 -22 27 -4 -14 -6
right_child=1 9 14 5 8 -7 19 16 -10 -11 18 -13 28 -15 -16 -17 -18 -19 -20 -21 22 -23 23 -25 -26 -27 -28 -29 -30 -31
leaf_value=-0.0095281264246284397 -0.0087522913742272401 -0.013267871414231356 0.00024497448006292107 0.0002070758034720907 -0.0013954691571466324 0.0050928703234719179 -0.005118389049314268 0.012789295546367686 0.0021967132818331921 -0.0085488587984367988 -0.0016993037367413384 -0.0038983437847701901 -0.0022650413610028355 -0.0057122721932856575 -0.0027413939311747024 0.0095116739241650379 -0.0026432172518713656 0.0013738664893601349 -0.0052108089053572709 0.0012741456153112368 -0.00034200108398426917 0.0009366067977442154 0.011988193515195431 0.0010737755539991095 -0.0046180851023432641 -0.0076497712453842204 0.0017601054282370934 -0.0074803886482030521 -0.007021203110536463 -0.0048985664325703259
leaf_weight=248.72797629982233 1398.5968844294548 1723.8076619803905 752.43385900557041 418.52863039821386 4608.7232155948877 202.04203964024782 175.09689150750637 61.083525896072388 1299.9560773670673 545.70993579551578 1046.1760959178209 584.57791287451982 318.29881696403027 314.50677737593651 311.67242014408112 118.58169996738434 352.94228298217058 412.54075116664171 964.32865706086159 623.92831002920866 433.26006534695625 1340.9650696143508 83.018386796116829 1654.3968791514635 427.1247820854187 130.19831502437592 36769.994883775711 102.93418622016907 1164.654473952949 436.13379084318876
leaf_count=2207 15762 31649 1614 2159 21828 974 1000 155 3429 7742 4659 4935 2577 3517 141 30 1446 1026 5023 3902 1246 5360 184 3673 3920 294 24401 75 10493 1953
internal_value=-2.01869e-05 -0.00682587 0.0010321 -0.00468361 -0.000888948 -0.00307026 -0.00362079 -0.00284919 -0.000282422 -0.0120868 -0.00407084 -0.00685173 -0.00486102 -0.00240375 0.00169243 0.00172927 0.000483557 0.00282312 -0.00338832 -0.000171901 -0.000654323 -0.00114567 0.000706641 0.00160534 -0.00779144 -0.0020518 0.00170434 -0.000685332 -0.00606918 -0.00170042
internal_weight=59024.9 7896.87 51128.1 5627.36 13072.5 3217.06 3015.01 3085.8 9986.65 2269.52 2259.23 2410.3 2215.99 733.035 38055.6 37743.9 826.567 473.624 2010.5 799.025 8686.7 6385.82 2300.87 1737.42 1825.72 563.458 37625.4 855.368 1482.95 5044.86
internal_count=167374 88630 78744 49239 52483 24622 23648 14516 37967 39391 11889 24617 18746 5676 26261 26120 2627 1181 9682 4902 34538 29141 5397 3857 19682 1540 26090 1689 13070 23781
cat_boundaries=0 1 2 3 4 5 6
cat_threshold=2491 94212 4100 2432 4 65536
is_linear=0
shrinkage=0.03


Tree=139
num_leaves=31
num_cat=0
split_feature=22 22 22 20 3 6 13 12 6 23 3 2 23 11 13 11 13 19 22 20 6 6 12 16 18 6 10 20 20 3
split_gain=466.974 81.7001 72.3547 22.1679 21.578 16.6619 12.129 10.9012 9.24656 7.46171 6.60764 6.47818 6.47641 6.38991 6.36768 6.17087 6.13309 6.07668 6.80533 9.50178 9.73651 8.50687 11.239 7.86651 6.25903 9.26597 8.45816 7.6336 7.07161 6.2219
threshold=0.060743049864530378 0.0097673595692717597 0.24817419475914387 0.026785714285714288 5.5000000000000009 589.50000000000011 1.0000000180025095e-35 0.53312596302726967 1150.5000000000002 0.014337101747173691 3.5000000000000004 4.5000000000000009 0.040100502512562822 0.91596454896554913 1.0000000180025095e-35 -0.9905448150984083 1.0000000180025095e-35 0.43750000000000006 0.8636611719603795 1.1517857142857146 583.50000000000011 1325.5000000000002 0.42763731121559989 1.0000000180025095e-35 1.5000000000000002 607.50000000000011 1.0000000180025095e-35 0.66964285714285732 0.65178571428571441 4.5000000000000009
decision_type=2 2 2 2 2 2 2 2 2 2 2 2 2 2 2 2 2 2 2 2 2 2 2 2 2 2 2 2 2 2
left_child=1 -1 4 9 5 14 8 11 -5 -3 -10 12 -7 -13 15 -2 -15 -4 19 20 -19 22 24 -23 25 -22 28 -28 -27 -30
right_child=2 3 17 6 -6 7 -8 -9 10 -11 -12 13 -14 16 -16 -17 -18 18 -20 -21 21 23 -24 -25 -26 26 27 -29 29 -31
leaf_value=-0.013140207860895453 0.0043331132576188312 -0.0095667533949305335 0.00075789927460363717 -0.0057337051768763091 0.00070013055630572022 -0.0046931781474369846 0.002677527244028915 -0.0025617022419295588 -0.0049125970247857371 -0.0061968494994244254 -0.00031380900668191334 0.0029115141609726801 -0.00021641786931227895 -0.0044991495276492455 0.0010855955401055568 -0.0041781866937989675 0.0089540804347794656 0.00089254116398094065 0.0017031863429165758 -0.0042102400264939829 0.013856682638042813 0.0042356253577637898 0.016147622334181891 -0.0047897610976735065 0.00088821122395132241 0.0074876774746443064 0.0028700296612226939 0.012801620536911756 0.0039324615672631097 -0.0055002788700915985
leaf_weight=1615.5791176334023 77.463068075478077 1021.5279069542885 5625.7210685312748 1693.7997744530439 5427.2973513156176 324.43841233849525 240.18786533176899 2152.956376247108 484.82033022493124 1477.1435204818845 675.15650852769613 1013.5894332826138 2773.3686195760965 205.84870497137308 245.44055887311697 2673.6806107312441 34.590742364525795 698.73574569821358 28823.542771369219 138.50154799222946 137.02824580669403 273.85741126537323 98.818954885005951 125.72369968891144 210.51312157511711 152.17673996090889 114.31657865643501 187.77445608377457 126.92856594920158 122.53548562526703
leaf_count=31137 442 13208 6002 14921 14688 2084 1389 9247 4056 15778 3925 3974 10149 820 1181 15924 88 729 16194 76 91 317 66 140 142 181 130 134 122 68
internal_value=-4.27086e-05 -0.00719618 0.000953411 -0.00547598 -0.000808109 -0.00167025 -0.00377275 -0.000816123 -0.00431848 -0.00758024 -0.00224365 4.64679e-05 -0.000688576 0.00186612 -0.00352143 -0.00393487 -0.00250978 0.00166747 0.0018312 0.00337318 0.00384465 0.00517043 0.00648118 0.00137604 0.00555236 0.00671061 0.00529295 0.009085 0.00241042 -0.000680359
internal_weight=58973.1 7208.22 51764.8 5592.64 14928.7 9501.38 3093.96 6504.79 2853.78 2498.67 1159.98 4351.84 3097.81 1254.03 2996.58 2751.14 240.439 36836.2 31210.5 2386.91 2248.41 1549.67 1150.09 399.581 1051.27 840.76 703.732 302.091 401.641 249.464
internal_count=167403 84414 82989 53277 58597 43909 24291 26362 22902 28986 7981 17115 12233 4882 17547 16366 908 24392 18390 2196 2120 1391 934 457 868 726 635 264 371 190
is_linear=0
shrinkage=0.03


Tree=140
num_leaves=31
num_cat=4
split_feature=0 20 20 13 22 6 22 20 0 0 22 0 6 6 6 22 13 22 11 11 22 16 21 15 12 14 20 20 21 21
split_gain=466.368 94.5502 63.1783 18.6334 16.3511 16.0143 14.0827 13.6515 7.99602 7.77848 6.48236 8.31323 7.23109 6.35558 6.14609 5.64763 5.64373 11.9925 9.06804 6.91254 5.95413 5.91186 5.62942 5.20435 10.6897 8.93547 6.77152 13.1224 5.10168 10.0278
threshold=0 1.0000000180025095e-35 0.27678571428571436 1.0000000180025095e-35 0.0078229775924323116 1195.5000000000002 0.060743049864530378 0.098214285714285726 1 2 0.040775691976560342 3 925.50000000000011 1140.5000000000002 355.50000000000006 0.027208800438141379 1.0000000180025095e-35 0.14241756577087622 0.42179998225932674 -0.99763297024448894 0.21541139135906226 5.5000000000000009 0.32802054592305391 1.0000000180025095e-35 -0.99628250747696534 3.5000000000000004 1.4196428571428574 1.580357142857143 1.306825239958354 1.5364616121837529
decision_type=1 2 2 2 2 2 2 2 1 1 2 1 2 2 2 2 2 2 2 2 2 2 2 2 2 2 2 2 2 2
left_child=2 4 7 5 -2 6 -3 10 15 -9 -1 12 -12 -14 -8 22 19 18 -18 -4 -21 -19 -7 26 -25 -26 28 -28 -22 -30
right_child=1 3 16 -5 -6 8 14 9 -10 -11 11 -13 13 -15 -16 -17 17 21 -20 20 23 -23 -24 24 25 -27 27 -29 29 -31
leaf_value=-0.0058579901802244937 -0.013762405719261166 -0.0072211027313461322 0.0051227117955307882 0.0025349030526485542 -0.0090134225349963164 0.026631423389729979 -0.0012756378600913684 0.00068764068681049606 -0.0040531547594381484 -0.0012808868623601787 0.0094035767693151414 -0.0021326064402570144 -0.0029551182687088725 0.0064866262085200507 -0.0058605741517240755 -4.9919349032131276e-06 0.012863999320030512 0.0017951611803723186 0.00045440163940255906 -0.0012644616050226749 0.00095598379618759229 0.0050481152084703145 0.0022413558573234362 0.0083167457057616093 0.001762047329476317 -0.0049007083582121077 0.01174337884247878 -0.00059923592209480171 -0.0031911626700420548 0.001325613938231094
leaf_weight=373.01092708855867 1365.2456150352955 2471.61190995574 398.04043266177177 317.88195093721151 1292.4603852815926 13.661990858614443 659.0315325409174 4928.8066194280982 696.26550773531199 2836.9699317887425 99.361463107168674 4136.2831523120403 199.20175030082464 93.4107775837183 442.8313869163394 491.92358221113682 156.01199117302895 20805.608602195978 81.653778046369553 887.34525939822197 5504.3244581222534 516.85151189565659 22.274376735091209 219.07540491223335 7661.7799047529697 184.14806199073792 141.2208765745163 168.31339001655579 869.54095816612244 896.41369050741196
leaf_count=3106 27156 27293 324 1952 15809 103 4023 13569 5764 11934 515 21779 914 408 3241 3074 197 11510 140 1757 5616 133 146 150 5005 120 84 97 686 643
internal_value=-1.82503e-05 -0.00685949 0.00102239 -0.00448007 -0.0114595 -0.00494655 -0.00596173 -0.00081481 -0.0019757 -3.15595e-05 -0.00205434 -0.00173847 0.00239356 5.03642e-05 -0.00312738 0.000816864 0.00162743 0.00194984 0.0086454 0.00121641 0.00112169 0.00187453 0.0121462 0.00125749 0.00178839 0.0016043 0.000691652 0.00503228 0.000505356 -0.00089556
internal_weight=58930.6 7773.19 51157.4 5115.48 2657.71 4797.6 3573.47 12667 1224.13 7765.78 4901.27 4528.26 391.974 292.613 1101.86 527.86 38490.3 21560.1 237.666 16930.2 16532.2 21322.5 35.9364 15644.8 8065 7845.93 7579.81 309.534 7270.28 1765.95
internal_count=167248 88561 78687 45596 42965 43644 34557 52225 9087 25503 26722 23616 1837 1322 7264 3323 26462 11980 337 14482 14158 11643 249 12401 5275 5125 7126 181 6945 1329
cat_boundaries=0 1 2 3 4
cat_threshold=2491 12288 2464 32
is_linear=0
shrinkage=0.03


Tree=141
num_leaves=31
num_cat=5
split_feature=20 0 23 3 3 0 0 0 20 0 23 16 18 3 18 13 14 2 7 3 12 12 3 19 13 21 23 20 12 9
split_gain=445.559 79.425 72.9821 19.5018 13.3603 17.2755 12.4047 10.14 9.97472 7.94939 7.44148 7.03394 6.57003 6.38837 6.28644 6.0483 5.74864 5.72455 5.52729 6.09793 5.36244 6.53219 5.13193 5.12003 5.05722 4.96709 4.53062 4.63798 7.4748 8.83384
threshold=0.044642857142857144 0 0.11325401989032439 4.5000000000000009 5.5000000000000009 1 2 3 1.0000000180025095e-35 4 0.030135617848277535 1.0000000180025095e-35 5.5000000000000009 1.5000000000000002 7.5000000000000009 1.0000000180025095e-35 7.5000000000000009 4.5000000000000009 0.3535533905932739 1.5000000000000002 0.47369649395226454 -0.87810534180523914 1.0000000180025095e-35 2.5625000000000004 1.0000000180025095e-35 2.2716490544407919 0.45477272727272733 1.5089285714285716 0.67007489853957602 -0.8783796973249266
decision_type=2 1 2 2 2 1 1 1 2 1 2 2 2 2 2 2 2 2 2 2 2 2 2 2 2 2 2 2 2 2
left_child=1 8 4 10 5 13 12 20 -1 -6 -3 -8 16 22 -14 -7 18 -9 -4 26 21 -5 -2 25 -15 -21 27 28 -20 -30
right_child=2 3 6 7 9 15 11 17 -10 -11 -12 -13 14 24 -16 -17 -18 -19 19 23 -22 -23 -24 -25 -26 -27 -28 -29 29 -31
leaf_value=-0.013223927677272221 -0.0042050733203328793 -0.0082182570554130713 0.001721915716872556 -0.0030788706916497779 0.0036984954031732352 -0.0015287372534517987 -0.0016917077423752908 -0.0028040631332339871 -0.0081028966474775681 -0.0008514468198541562 -0.0048875431887541038 0.003730260084420406 0.0066730491315669851 -0.0037352000806185554 0.00079429499216671323 0.0016941252933824671 -0.0037267817980619158 -0.0068049988761553076 -0.0017548450689981721 0.0013454523689808834 -0.0031578057820306556 0.0065840531963148163 -0.0094031750102691689 0.0079919877360772138 0.0026956331155113425 -0.0027223570363254842 -0.0048859204178309081 0.0053100295997746622 0.014622679850136305 0.0012517844056213708
leaf_weight=1660.5955001264811 365.69654134660959 1421.4386799074709 32014.987426996231 89.610524758696556 575.0314694866538 3875.9981447942555 1593.0583450421691 1124.4725328013301 448.01385580003262 834.06466083973646 1083.0040276646614 247.49379886686802 433.33627334237099 1468.303889811039 267.22181332111359 603.45324998348951 186.1756546497345 457.55667894333601 1196.6900245547295 7008.7160056084394 164.32694610953331 201.91296109557152 335.87080006301403 100.30814599990845 117.16488635540009 279.15120613574982 198.85714739561081 130.08429789543152 50.11400206387043 356.22180065512657
leaf_count=31671 2830 17180 24116 412 2449 19727 5937 9577 6747 3947 8978 820 135 9627 94 2198 90 3897 1954 8059 805 961 2906 60 596 200 229 119 83 619
internal_value=3.99502e-05 -0.00727257 0.000971215 -0.00499712 -0.00163152 -0.00218518 0.0014543 -0.00282186 -0.0120858 0.00102256 -0.00678287 -0.000952571 0.00155924 -0.00430161 0.00444353 -0.00109051 0.0015107 -0.00394367 0.00153453 0.000890087 0.00112015 0.00359291 -0.00671201 0.00128272 -0.00325479 0.00118847 -0.000608182 -0.00011136 -0.000558078 0.00294742
internal_weight=58888.9 6650.93 52238 4542.32 8175.58 6766.49 44062.4 2037.88 2108.61 1409.1 2504.44 1840.55 42221.9 2287.04 700.558 4479.45 41521.3 1582.03 41335.1 9320.14 455.85 291.523 701.567 7388.18 1585.47 7287.87 1931.97 1733.11 1603.03 406.336
internal_count=167023 80228 86795 41810 44280 37884 42515 15652 38418 6396 26158 6757 35758 15959 229 21925 35529 13474 35439 11323 2178 1373 5736 8319 10223 8259 3004 2775 2656 702
cat_boundaries=0 1 2 3 4 5
cat_threshold=34368 87045 2467 2193 70058
is_linear=0
shrinkage=0.03


Tree=142
num_leaves=31
num_cat=3
split_feature=0 22 23 6 13 3 13 22 22 3 20 13 21 20 3 22 3 3 8 0 6 21 22 22 11 11 0 12 18 6
split_gain=427.838 92.8473 61.0341 21.7874 19.9189 16.6161 16.5361 14.8365 13.4014 12.9365 12.2159 7.4482 8.39179 8.30115 7.43215 7.41327 6.95934 6.57789 6.19443 5.7702 9.20317 6.72979 6.63095 6.61276 6.49954 10.1398 5.74914 8.00354 7.68244 7.18348
threshold=0 0.017903129084484874 0.20050251256281412 1180.5000000000002 1.0000000180025095e-35 2.5000000000000004 1.0000000180025095e-35 0.0751663497585668 0.0078229775924323116 1.5000000000000002 0.044642857142857144 1.5000000000000002 2.8389108382124317 0.41964285714285715 1.0000000180025095e-35 0.033495957569683134 2.5000000000000004 6.5000000000000009 0.35355339059327379 1 877.50000000000011 0.41677487772333133 0.08046229023177516 0.098295021960509488 0.54219432480460406 0.80417553764032002 2 0.98174098242282837 1.0000000180025095e-35 1230.5000000000002
decision_type=1 2 2 2 2 2 2 2 2 2 2 2 2 2 2 2 2 2 2 1 2 2 2 2 2 2 1 2 2 2
left_child=2 8 6 4 5 -3 9 -7 -2 10 -1 26 13 18 -12 16 -11 -6 -13 20 21 24 -23 -21 -17 -26 29 -28 -29 -4
right_child=1 3 11 -5 17 7 -8 -9 -10 15 14 12 -14 -15 -16 19 -18 -19 -20 23 -22 22 -24 -25 25 -27 27 28 -30 -31
leaf_value=-0.0097206152947970723 -0.013211503922009879 -0.0088498986569203481 0.0014430154912043124 -0.00094866562281121364 0.00068125077292846439 -0.0056446552057955752 0.0019256618064815041 0.0001832954076493165 -0.0085213604005827531 0.0040586269650667419 -0.00055796010887891633 0.0015983322472455585 0.0063876506015302769 0.0019283269019333899 -0.0043134175872886916 0.0048871933909502398 -0.0080557523905479926 0.013490209903310565 0.011083631811720916 -0.0019885492805765286 -0.00090338558781397451 -0.0012671056898067576 0.0081653310868877987 -1.1011204207126777e-05 0.034992482597623983 0.0082182088576486911 0.0010843227263065559 0.00062364576640061271 -0.0052251175139129188 0.0032378306601373642
leaf_weight=246.42349953204393 1506.0079585164785 1202.9197046086192 10855.343903467059 1284.4709637090564 151.70085302740335 2141.1272468417883 1567.0051795244217 479.00579442828894 891.52198784053326 51.69507048279047 868.68244644254446 105.02019071578979 422.24682921171188 9991.2760252952576 1055.3820920661092 129.85316883027554 216.90992034226656 46.869121335446835 157.53382509946823 3063.5958210676908 725.08057609200478 216.22663646936417 95.644329816102982 3035.3585875555873 18.420660555362701 42.21282172203064 15281.23647493124 453.79056622087955 360.94558899104595 2472.5557416677475
leaf_count=2247 30422 13733 8200 8518 974 20291 4760 2546 11944 369 4278 137 122 4661 5556 569 1796 207 192 15174 2478 713 234 10455 80 189 14252 530 289 1514
internal_value=2.26761e-05 -0.00656535 0.00101074 -0.00435678 -0.0054433 -0.00592517 -0.000932674 -0.00457725 -0.0114743 -0.0013921 -0.00343496 0.00156038 0.00223999 0.002068 -0.00262218 -0.000807126 -0.00569559 0.0037871 0.00733279 -0.00062633 0.00124202 0.00437084 0.0016233 -0.00100386 0.00880591 0.0168855 0.00131352 0.000928995 -0.00196336 0.00177532
internal_weight=59136.1 7703.62 51432.4 5306.09 4021.62 3823.05 11332.5 2620.13 2397.53 9765.49 2170.49 40099.9 10676.1 10253.8 1924.06 7595 268.605 198.57 262.554 7326.39 1227.44 502.358 311.871 6098.95 190.487 60.6335 29423.9 16096 814.736 13327.9
internal_count=167430 88635 78795 46269 37751 36570 48898 22837 42366 44138 12081 29897 5112 4990 9834 32057 2165 1181 329 29892 4263 1785 947 25629 838 269 24785 15071 819 9714
cat_boundaries=0 1 2 3
cat_threshold=2491 290 2083
is_linear=0
shrinkage=0.03


Tree=143
num_leaves=31
num_cat=3
split_feature=0 0 23 3 13 3 20 6 22 22 22 0 13 3 22 8 6 13 14 7 11 23 23 12 23 6 11 10 22 15
split_gain=450.251 90.5153 61.5497 23.115 18.0284 15.5428 13.5274 11.4976 10.943 9.52213 9.37009 9.08252 8.41857 8.23868 8.15189 8.05947 8.02876 7.7831 7.56968 7.21796 6.93791 6.46018 6.37176 6.2555 6.10049 7.44971 6.16468 6.19035 6.00307 5.96123
threshold=0 1 0.15403750478377345 3.5000000000000004 1.0000000180025095e-35 1.5000000000000002 0.11607142857142859 1180.5000000000002 0.02016215161419076 0.033495957569683134 0.07108217716964764 2 1.0000000180025095e-35 1.0000000180025095e-35 0.90180379829830981 1.0000000180025095e-35 853.50000000000011 1.0000000180025095e-35 1.0000000180025095e-35 -0.85355339059327373 -0.84315017450793706 0.060054644808743174 0.1731306403094113 0.56191161272202661 0.66747967479674808 1205.5000000000002 -0.98803845231459242 1.0000000180025095e-35 0.1313055839932952 5.5000000000000009
decision_type=1 1 2 2 2 2 2 2 2 2 2 1 2 2 2 2 2 2 2 2 2 2 2 2 2 2 2 2 2 2
left_child=2 3 5 -2 7 6 28 10 -3 15 -5 16 14 21 29 -7 -11 23 -15 -6 -21 -8 -12 -13 -16 26 -26 -28 -1 -4
right_child=1 8 12 4 19 9 13 -9 -10 11 22 17 -14 18 24 -17 -18 -19 -20 20 -22 -23 -24 -25 25 -27 27 -29 -30 -31
leaf_value=-0.0064932305107836064 -0.0069423798099684277 -0.013049533046046819 0.00049413669666653268 -0.0056997819531896931 -0.003474375592361135 -0.0099601276025788922 0.0071021358842582941 -0.00034872285680250176 -0.0074237695860147014 0.0040387490643434103 0.00053245517328581553 -0.00049670267104639522 0.0019635411436388669 -0.0052844855445912742 0.00034346337162871414 0.00075988855390844332 -0.0002435278608564038 0.002752342987094915 0.00077299344490231012 -0.0034160409936457112 0.011992398115252989 -0.00032898746503150575 -0.0093495383918843454 -0.002987764962710319 0.0055922800184618413 0.0041326671572680706 0.00069199374492276249 0.0024804143130135003 0.0029442892512179606 -0.0088012740472205014
leaf_weight=936.7188737988472 2332.1840675137937 1747.2965924851596 8714.0174471884966 1746.2588523514569 58.606637328863144 167.2853852212429 135.76996710896492 734.5157046765089 391.15682139992714 753.5767315030098 400.09473969787359 3152.3470050171018 22160.003256574273 550.42587965726852 2517.13141477108 99.201360568404198 819.31335781514645 492.42469346523285 277.15851074457169 32.174842856824398 123.16894245892763 451.40519948303699 67.654674515128136 1277.8548105955124 342.04308247566223 1287.4186017513275 4040.738607108593 3079.27272605896 63.393415711820126 61.480274200439453
leaf_count=7297 24570 34333 15222 16751 271 1487 683 4421 4995 2486 2135 14412 12989 2378 2642 691 2716 1655 918 153 593 1533 319 6289 188 610 2401 1783 362 30
internal_value=6.52036e-05 -0.00672789 0.00107575 -0.00466629 -0.00299897 -0.00115027 -0.0032161 -0.00361069 -0.0119713 -0.000411259 -0.00468952 -0.000181842 0.00156021 -0.00132117 0.00111388 -0.00595918 0.00179418 -0.000816665 -0.00325011 0.00538106 0.00876118 0.00138823 -0.00090096 -0.00121709 0.00164801 0.00202254 0.00165718 0.00146653 -0.00588668 0.000427335
internal_weight=59012.1 7633.11 51379 5494.66 3162.47 9176.88 2414.87 2948.52 2138.45 6762 2214.01 6495.52 42202.1 1414.76 20042.1 266.487 1572.89 4922.63 827.584 213.95 155.344 587.175 467.749 4430.2 11266.6 8749.47 7462.05 7120.01 1000.11 8775.5
internal_count=167313 88541 78772 49213 24643 42907 13171 23626 39328 29736 19205 27558 35865 5512 22876 2178 5202 22356 3296 1017 746 2216 2454 20701 7624 4982 4372 4184 7659 15252
cat_boundaries=0 1 2 3
cat_threshold=2491 94212 418
is_linear=0
shrinkage=0.03


Tree=144
num_leaves=31
num_cat=6
split_feature=0 0 23 3 0 6 12 22 3 19 20 6 22 6 0 3 22 6 16 13 13 22 0 16 2 0 6 3 22 11
split_gain=410.589 90.8621 70.3444 19.8356 13.4603 12.6455 12.1525 11.4151 11.2611 11.3802 11.078 10.0893 9.78857 8.62488 7.49144 6.04185 8.06171 9.05366 6.6691 5.89131 5.75872 8.85716 5.63998 10.4859 6.22222 5.60995 5.58874 7.66401 5.72867 8.26909
threshold=0 1 0.11325401989032439 4.5000000000000009 2 1175.5000000000002 -0.99761278905001471 0.032477342204167071 5.5000000000000009 1.0000000180025095e-35 1.0000000180025095e-35 1195.5000000000002 0.064489017076622315 1280.5000000000002 3 2.5000000000000004 0.10070289018693793 1395.5000000000002 1.0000000180025095e-35 1.0000000180025095e-35 1.5000000000000002 0.099750980279057391 4 1.0000000180025095e-35 3.5000000000000004 5 151.50000000000003 3.5000000000000004 0.24686757871718132 -0.53493989022977317
decision_type=1 1 2 2 1 2 2 2 2 2 2 2 2 2 1 2 2 2 2 2 2 2 1 2 2 1 2 2 2 2
left_child=2 3 7 11 -4 26 -7 -1 9 15 -3 12 -2 19 -10 18 -17 -18 -9 -5 -11 -22 23 -8 -25 -15 27 -6 29 -28
right_child=1 10 4 13 5 6 22 8 14 20 -12 -13 -14 25 -16 16 17 -19 -20 -21 21 -23 -24 24 -26 -27 28 -29 -30 -31
leaf_value=-0.0074585891421580482 -0.0082514292092080339 -0.013114583855491168 0.001635509335716487 -0.0036894340069119763 -0.0027683739878691443 0.014975655277353282 0.004471007954989557 -0.005944053373272409 -0.00016929339056499622 -0.0012051355438625463 -0.0080261563847012895 -0.0029090704345771726 -0.003787278623332863 0.0042612168278776267 0.0059630509663833632 -0.0033881902923373268 0.00088393428081505606 0.021272970423215725 0.0031956530160217925 0.0027885542308070249 0.015777341062714088 -0.00090348588468052956 -0.0010958002783608652 0.0021479422871608714 -0.0042289636338799829 -0.0026557721323334023 0.0016801073770662108 0.0039704971405626665 -0.0027082076362631297 -0.0012561265762702743
leaf_weight=312.33606203272939 1681.3170388676226 1592.3467172756791 36614.256515726447 1911.978071462363 213.43300034105778 64.573711782693863 1035.6743959486485 1026.6307200044394 629.93582610785961 3295.7792213708162 525.95172892138362 691.40567217022181 611.12654047459364 246.2123166769743 239.60979123413563 993.91967950761318 202.96660023927689 20.810506120324135 75.763459533452988 133.50651946663857 45.2559794485569 73.381314307451248 455.59800614416599 314.56112267076969 242.79006314277649 169.51883772015572 1293.4462067186832 514.62797078490257 1125.4666194468737 2586.7705635130405
leaf_count=2836 20281 31529 25149 15484 556 103 1342 7096 2580 15211 7842 5638 4744 1353 693 5475 846 82 421 624 179 175 1513 363 280 894 3462 1023 2242 7196
internal_value=-5.09482e-06 -0.00652592 0.00095592 -0.00445233 0.00139401 0.000263902 0.00224791 -0.00185783 -0.00159094 -0.00207378 -0.0118027 -0.00610619 -0.00706615 -0.00246124 0.00158509 -0.00369554 -0.00222755 0.00289294 -0.00530815 -0.00326254 -0.000969273 0.0054882 0.00183668 0.00266941 -0.000621781 0.00146526 -0.000466071 0.00198566 -0.000824191 -0.000275625
internal_weight=58941 7563.36 51377.6 5445.06 44461.2 7846.94 2113.2 6916.39 6604.05 5734.51 2118.3 2983.85 2292.44 2461.22 869.546 2320.09 1217.7 223.777 1102.39 2045.48 3414.42 118.637 2048.62 1593.03 557.351 415.731 5733.74 728.061 5005.68 3880.22
internal_count=167212 88389 78823 49018 43229 18080 3601 35594 32758 29485 39371 30663 25025 18355 3273 13920 6403 928 7517 16108 15565 354 3498 1985 643 2247 14479 1579 12900 10658
cat_boundaries=0 1 2 3 4 5 6
cat_threshold=2491 94212 2338 2065 144 86016
is_linear=0
shrinkage=0.03


Tree=145
num_leaves=31
num_cat=2
split_feature=0 22 23 21 22 7 7 23 23 21 21 18 20 20 8 0 21 14 10 19 19 23 7 23 22 20 11 21 21 11
split_gain=397.334 89.7367 50.8002 22.5497 10.3124 9.40793 8.58532 8.14589 7.85833 7.33718 5.88454 7.07992 5.69157 5.61681 5.35218 4.76027 4.69136 4.40525 5.1249 4.45567 4.41991 4.60752 4.36332 5.35534 4.25805 5.77818 4.76449 7.23473 13.5814 6.81184
threshold=0 0.011230463732072973 0.12468905472636817 0.20723205905420547 0.032477342204167071 -1.0000000180025095e-35 -1.0000000180025095e-35 0.020236145236145243 0.87029968900197918 0.58650879619340068 3.3193146343606732 5.5000000000000009 1.205357142857143 1.0000000180025095e-35 0.35355339059327379 1 0.13363062095621173 1.0000000180025095e-35 -0.22252093395631442 0.18750000000000003 0.31250000000000006 0.082499249324391968 0.85355339059327384 0.052758097165991912 0.15436204275845475 0.098214285714285726 0.3744682635859638 2.0765776293919509 1.8876736180578704 -0.39036798905311365
decision_type=1 2 2 2 2 2 2 2 2 2 2 2 2 2 2 1 2 2 2 2 2 2 2 2 2 2 2 2 2 2
left_child=2 13 4 7 22 -5 17 -3 15 -8 11 -10 -13 -2 -7 -4 -9 19 20 -6 21 -19 -1 -24 -17 -26 27 28 -27 -29
right_child=1 3 8 5 6 14 9 16 10 -11 -12 12 -14 -15 -16 24 -18 18 -20 -21 -22 -23 23 -25 25 26 -28 29 -30 -31
leaf_value=-0.0081493804611891974 -0.013616575246704002 -0.0081609014382081936 -0.00043357868804542988 -0.00075223897212550977 0.00077810563762771795 -0.0029674125384105366 -0.0023120208222659859 -0.0069814595860803836 0.0016503109810148454 0.00076436694875841628 -0.0019910578444031811 0.0021378616150756068 0.0082161423118605713 -0.0085048690761831362 -0.0069180022408474075 0.0024899621850370344 -0.0039527861540719121 0.024925432285759972 0.00040971904773298294 -0.002823531853102833 0.00025449477733592357 0.0069334211609330763 0.016227269654335519 -0.0059411103701756006 -0.0040619723622727557 0.000606206594252596 0.0015634368480203643 -0.0061409976555746783 0.010314525448281592 0.0024010118608192381
leaf_weight=268.83541044592857 1350.2251113988459 1431.5943275243044 2267.755375996232 1200.8743581771851 1463.6203481405973 863.27249706536531 4408.1000551953912 778.53763957694173 19582.722598016262 825.13706210255623 384.14679110050201 293.61541539430618 269.35468947887421 241.60484111309052 490.36782996356487 1621.3645149320364 1182.2952203154564 24.083438500761986 107.37312442064285 390.82432352006435 27.306232452392578 31.014025375247002 14.707638360559939 24.780034773051739 208.57771867513657 11677.381947264075 7041.6417587399483 265.18868273496628 130.24252170324326 120.91166353225708
leaf_count=2525 28145 18864 7774 6810 6224 6777 24931 8475 8108 2082 116 103 61 4306 4566 3711 10684 93 364 1275 67 115 130 166 823 12511 7209 210 95 87
internal_value=-8.75278e-05 -0.00651454 0.000855314 -0.0048267 -0.00141083 -0.00269223 -0.00118162 -0.00643093 0.00124758 -0.00182576 0.00167599 0.00174631 0.00506608 -0.0128503 -0.00440703 0.000870328 -0.00516131 0.000464541 0.00480556 1.47139e-05 0.0103879 0.0152089 -0.00678016 0.00236442 0.00101072 0.000887464 0.000941653 0.000581995 0.000714665 -0.00345118
internal_weight=58987.5 7538.77 51448.7 5946.94 7585.78 2554.51 7277.46 3392.43 43862.9 5233.24 20529.8 20145.7 562.97 1591.83 1353.64 23333.1 1960.83 2044.22 189.777 1854.44 82.4037 55.0975 308.323 39.4877 21065.3 19443.9 19235.4 12193.7 11807.6 386.1
internal_count=167407 88627 78780 56176 37972 18153 35151 38023 40808 27013 8388 8272 164 32451 11343 32420 19159 8138 639 7499 275 208 2821 296 24646 20935 20112 12903 12606 297
cat_boundaries=0 1 2
cat_threshold=2491 25
is_linear=0
shrinkage=0.03


Tree=146
num_leaves=31
num_cat=3
split_feature=20 0 0 13 22 6 23 22 23 6 22 20 0 22 22 22 22 11 10 11 9 6 8 2 21 16 12 11 12 16
split_gain=383.553 78.5398 73.0376 16.721 14.9956 11.3463 11.3067 11.0177 10.05 12.2933 11.1179 8.66589 8.5379 8.40988 7.7341 11.3654 7.30171 7.06518 7.17978 6.9774 5.68974 9.38657 5.88512 8.27088 5.6768 5.5533 7.17022 5.53577 5.33892 5.24452
threshold=0.044642857142857144 0 1 1.0000000180025095e-35 0.063958934817495636 1165.5000000000002 0.043583790628957376 0.02016215161419076 0.11779788838612369 493.50000000000006 0.084558093781379184 0.22321428571428573 2 0.27116427820612465 0.14769057323736021 0.11701815622099478 0.048466032804073141 0.3261394409934788 1.0000000180025095e-35 -0.99630266176052629 1.0000000180025095e-35 409.50000000000006 1.0000000180025095e-35 1.5000000000000002 0.99983764915875917 1.5000000000000002 0.18281312110578132 -0.71504373327588355 -0.99983123799342477 5.5000000000000009
decision_type=2 1 1 2 2 2 2 2 2 2 2 2 1 2 2 2 2 2 2 2 2 2 2 2 2 2 2 2 2 2
left_child=1 7 3 8 5 -3 12 -1 9 13 11 16 -4 -2 15 17 -11 -5 -19 -10 -9 22 23 -22 -17 -8 -27 -6 -21 -16
right_child=2 4 6 14 27 -7 25 20 19 10 -12 -13 -14 -15 29 24 -18 18 -20 28 21 -23 -24 -25 -26 26 -28 -29 -30 -31
leaf_value=-0.012941306645380884 -0.0066488791188565061 -0.0066057374268020889 -0.001749070063124573 -0.00067360310418835894 0.0021038901201819505 -0.0015069869768238109 -0.0012982791777507159 -0.010346365274155009 0.0041245191474661184 0.021782662193805764 -0.0011222291184165682 -0.0058552430479101832 -0.0056933216999293431 0.001866987545098687 0.0016912824825598934 0.015889805633986284 0.0048174166313105019 0.011031110290139279 0.00053751361832055577 0.0077668293872101661 0.037784089529349744 -0.0079512143526887409 -0.0023519348540256058 0.0032749059185645459 0.0044895040644809293 0.012351353027169052 -0.005860165964540442 -0.002924815536356398 0.00079724455085290421 0.0047028095800876798
leaf_weight=1665.9107405245304 474.33636286109686 2620.9687764681876 1008.1188578009605 261.99979737401009 237.73832741379738 466.5601242557168 5568.4785226881504 181.5669474825263 598.77135103940964 23.778955288231373 1542.4038649499416 64.348032027482986 1034.1569993793964 131.95304688811302 21516.409480571747 107.45025497674942 363.13423258066177 133.55752439796925 106.47584978491068 98.667263239622116 9.9885998517274857 92.703607104718685 24.578444980084896 15.998110003769398 65.99816045165062 57.677481852471828 27.868674635887146 1100.7439266145229 18735.704441949725 535.15815931558609
leaf_count=34066 2775 29332 7459 784 1419 3949 25221 2517 582 111 5749 202 8671 349 12570 154 1639 356 296 95 108 1216 320 207 69 195 104 7024 19386 133
internal_value=-2.00606e-05 -0.00694293 0.000826784 0.00129094 -0.00467674 -0.00583794 -0.00187097 -0.0118902 0.00070185 -0.00104845 8.686e-05 0.00422612 -0.00378751 -0.00478558 0.0018623 0.00502744 0.005929 0.0027134 0.00642271 0.000936373 -0.00682325 -0.00227599 0.00796473 0.0176702 0.0116369 -0.0011804 0.00635003 -0.00202624 0.000834485 0.00176485
internal_weight=58873.2 6416.76 52456.4 44760.1 4426.01 3087.53 7696.3 1990.75 22033.1 2599.95 1993.67 451.261 2042.28 606.289 22727 675.482 386.913 502.033 240.033 19433.1 324.836 143.269 50.5652 25.9867 173.448 5654.02 85.5462 1338.48 18834.4 22051.6
internal_count=167058 80158 86900 45250 41724 33281 41650 38434 30888 10825 7701 1952 16130 3124 14362 1659 1750 1436 652 20063 4368 1851 635 315 223 25520 299 8443 19481 12703
cat_boundaries=0 1 2 3
cat_threshold=34368 2466 12312
is_linear=0
shrinkage=0.03


Tree=147
num_leaves=31
num_cat=4
split_feature=20 22 23 3 0 3 0 0 6 0 12 3 21 6 17 20 2 22 13 6 17 12 16 12 6 19 17 22 23 22
split_gain=380.772 77.1071 65.2805 19.7064 18.3177 15.5775 12.9474 12.2764 8.8399 8.20372 7.27028 7.24116 7.23743 6.74022 6.34631 6.29285 6.19741 5.76138 5.60559 5.57945 5.44296 5.15832 7.70838 5.10029 4.93568 4.91154 5.45718 5.11565 5.54255 4.89265
threshold=0.044642857142857144 0.015096301692436724 0.11480948161276032 1.5000000000000002 0 5.5000000000000009 1 2 379.50000000000006 3 0.13185577213185923 5.5000000000000009 0.58650879619340068 1155.5000000000002 1.0000000180025095e-35 1.0000000180025095e-35 5.5000000000000009 0.9927430448035357 1.5000000000000002 1305.5000000000002 6.5000000000000009 -0.43733099657705293 1.5000000000000002 0.97832380634958016 1425.5000000000002 0.43750000000000006 2.5000000000000004 0.077531734807411282 0.20050251256281412 0.9927430448035357
decision_type=2 2 2 2 1 2 1 1 2 1 2 2 2 2 2 2 2 2 2 2 2 2 2 2 2 2 2 2 2 2
left_child=1 15 5 -3 8 7 11 18 -5 14 12 20 -9 -10 -7 -1 -13 -18 -2 23 25 22 -8 -6 -21 26 27 28 -4 -29
right_child=2 3 6 4 19 9 21 10 13 -11 -12 16 -14 -15 -16 -17 17 -19 -20 24 -22 -23 -24 -25 -26 -27 -28 29 -30 -31
leaf_value=-0.013109751032633385 -0.0042300190457773409 -0.0087977365709255243 0.01512502868306787 -0.0015554545951412774 -0.001347122491805582 0.005404547630803419 0.00040614888659925089 -0.0010699880371933816 -0.0077437366141576329 -0.0005635292984621388 -0.0027197641892679281 0.002049635410926755 0.0029786987256283678 -0.0029563926553239834 -0.0046674318839001264 -0.0086777071936991659 -0.0003470069662511878 0.0030741165835799248 0.011314046256642415 0.013132928284393185 -0.0055014047148490078 -0.0018929400360086547 0.016348512876295601 -0.0074505572888119674 -0.0018440059986813057 0.0012927625384417233 0.0056270385275426502 -0.00027773094423143231 -0.0025204666498099665 0.003783994543402773
leaf_weight=1437.0165808089077 2231.0888795182109 922.12481632828712 40.265515625476837 362.57814133912325 1421.8986189290881 464.9071931168437 973.85508462041616 2085.4761697798967 1301.9254655577242 898.71438838168979 1973.9796828962862 15679.996474966407 489.53317700326443 339.91289043053985 62.625558167695999 383.39782631769776 1924.0745462477207 573.73202466964722 19.941012687981129 42.127953298389912 112.97189977765083 1566.9734584540129 27.128257483243942 134.74557764828205 35.074281811714172 18367.93076774478 163.1395168453455 4654.38287101686 24.926732033491135 282.1080157160759
leaf_count=29951 15897 11004 162 3680 10221 1731 3364 11265 14472 4477 9883 8612 1225 3239 211 6284 1271 174 107 233 63 5789 71 922 201 14433 146 7971 93 230
internal_value=-4.35332e-05 -0.00696392 0.000795685 -0.00487629 -0.0038786 -0.00165854 0.00125064 -0.00225667 -0.0057928 0.00118858 -0.00134712 0.00137746 -0.000297108 -0.00675866 0.00411312 -0.0121849 0.00182845 0.00043732 -0.00406664 -0.00147997 0.00103103 -0.000814395 0.000860086 -0.00188374 0.00631536 0.00106287 0.000244056 6.61905e-05 0.00835135 -4.3679e-05
internal_weight=58998.6 6380.8 52617.8 4560.39 3638.26 8226.27 44391.5 6800.02 2004.42 1426.25 4548.99 41823.5 2575.01 1641.84 527.533 1820.41 18177.8 2497.81 2251.03 1633.85 23645.7 2567.96 1000.98 1556.64 77.2022 23532.8 5164.82 5001.68 65.1922 4936.49
internal_count=167382 80207 87175 43972 32968 44796 42379 38377 21391 6419 22373 33155 12490 17711 1942 36235 10057 1445 16004 11577 23098 9224 3435 11143 434 23035 8602 8456 255 8201
cat_boundaries=0 1 2 3 4
cat_threshold=29700 2466 87045 4523
is_linear=0
shrinkage=0.03


Tree=148
num_leaves=31
num_cat=3
split_feature=0 22 20 20 3 3 22 22 19 0 22 11 10 3 3 0 3 16 18 22 12 23 2 23 3 17 19 20 22 11
split_gain=381.089 88.0046 57.5757 21.6631 19.1322 14.7929 8.68796 6.67872 6.42992 6.25115 6.1692 6.72565 7.75672 7.6102 5.98253 6.29238 5.58699 5.49741 5.92471 5.03402 4.86259 4.75064 4.64271 4.83273 4.33071 6.37141 4.85941 5.52248 5.53833 5.15726
threshold=0 0.0078229775924323116 0.27678571428571436 0.026785714285714288 2.5000000000000004 2.5000000000000004 0.03525333568479596 0.083060887201289055 1.0000000180025095e-35 1 0.27116427820612465 0.056951373111866731 1.0000000180025095e-35 4.5000000000000009 5.5000000000000009 2 4.5000000000000009 1.0000000180025095e-35 1.5000000000000002 0.0751663497585668 -0.99983123799342477 0.07062020460358058 4.5000000000000009 0.16009708737864081 4.5000000000000009 1.0000000180025095e-35 0.31250000000000006 0.50892857142857151 0.9969509711012815 -0.27694604220087021
decision_type=1 2 2 2 2 2 2 2 2 1 2 2 2 2 2 1 2 2 2 2 2 2 2 2 2 2 2 2 2 2
left_child=2 -2 4 7 8 -5 -6 16 17 -10 14 13 -13 -12 -8 -16 -3 18 -1 -7 -4 -21 23 -17 26 -26 27 -22 29 -29
right_child=1 3 20 5 6 19 10 -9 9 -11 11 12 -14 -15 15 22 -18 -19 -20 21 24 -23 -24 -25 25 -27 -28 28 -30 -31
leaf_value=-0.0050525314489186764 -0.013156853184209906 -0.0083337574994714024 0.0059704752098491383 -0.0063157808908802246 -0.0058977314604803776 -0.0027290780604005581 -0.0010277679630758391 0.018310355907761137 -0.0041112002741974015 -0.00054686863363876846 0.007339702483534727 0.0024643162369504027 0.015838757727935832 -0.0023920050567012231 0.002053167945731532 0.00241747653225399 -0.0053991107695224288 0.0026048792741712175 0.014962532803205595 0.0057775999338154933 0.0011197427007770915 -0.0010283835174259039 -0.0023054640360908015 -0.00069525056949599692 0.0024505606862223997 0.0013442000581754101 0.0012323771649536488 -0.0057777315504418305 0.0053713064508750406 -0.00072309039435335912
leaf_weight=1308.3815466240048 1406.9902522154152 1400.763500738889 212.19197991490364 1046.6730233095586 231.32639941573143 2017.4029080010951 4120.972489438951 8.3019257411360723 650.00834155082703 1391.0142914652824 105.97799034416676 92.820369601249695 68.588610142469406 221.37299785017967 1601.7846937179565 715.07693016529083 1046.6340132653713 93.78093945235014 12.35888586938381 121.31574894487858 952.89958545565605 372.55483156442642 758.27774725854397 1198.1640301942825 6946.0869968831539 14565.703960478306 15509.222306787968 336.82410368323326 76.404310047626495 400.48930248618126
leaf_count=8854 30670 18683 145 10586 1896 15065 17811 62 3846 6317 248 161 116 377 3633 2771 11304 507 57 711 1871 1814 2369 3136 4070 5851 13729 361 70 424
internal_value=-4.19799e-05 -0.00639339 0.000873018 -0.00481868 -0.000892133 -0.00331804 -0.000170673 -0.00698821 -0.00279272 -0.00170921 -2.02106e-05 0.00325194 0.00824708 0.000753064 -0.000211812 0.00057371 -0.00708392 -0.00434957 -0.00484952 -0.0020642 0.00144232 0.00063963 -0.000318025 0.000465657 0.00141724 0.00170182 0.00106247 -0.000425593 -0.00224177 -0.00304501
internal_weight=58990.4 7420.64 51569.7 6013.65 12569.9 3557.95 9114.36 2455.7 3455.54 2041.02 8883.04 488.76 161.409 327.351 8394.28 4273.3 2447.4 1414.52 1320.74 2511.27 38999.8 493.871 2671.52 1913.24 38787.6 21511.8 17275.8 1766.62 813.718 737.313
internal_count=167515 88895 78620 58225 52099 28176 32518 30049 19581 10163 30622 902 277 625 29720 11909 29987 9418 8911 17590 26521 2525 8276 5907 26376 9921 16455 2726 855 785
cat_boundaries=0 1 2 3
cat_threshold=2491 9 2080
is_linear=0
shrinkage=0.03


Tree=149
num_leaves=31
num_cat=1
split_feature=0 22 22 3 3 21 22 3 13 13 6 7 15 12 22 22 12 14 9 6 21 11 19 23 9 13 23 23 12 21
split_gain=378.982 91.5638 46.2223 19.3302 19.2765 12.4914 11.9732 10.3227 9.26517 8.42231 7.3421 7.24163 10.048 8.32802 7.22291 8.26595 6.86046 6.42772 6.4028 6.01766 5.95132 6.07424 5.87725 5.69965 8.06309 5.48568 5.48422 9.27015 6.16151 5.37872
threshold=0 0.01679278019124919 0.12166413815136976 1.5000000000000002 2.5000000000000004 0.13363062095621173 0.0078229775924323116 1.0000000180025095e-35 1.0000000180025095e-35 1.0000000180025095e-35 1210.5000000000002 0.3535533905932739 4.5000000000000009 0.063390085881955341 0.93524945171900331 0.95417551034446801 0.84199059757024453 8.5000000000000018 0.6078576107927941 967.50000000000011 0.22720778292870306 0.9916835347852474 3.3125000000000004 0.72010362694300534 -1.0000000180025095e-35 1.5000000000000002 0.074669754674901376 0.068874293012224058 0.75438814418115718 0.22720778292870306
decision_type=1 2 2 2 2 2 2 2 2 2 2 2 2 2 2 2 2 2 2 2 2 2 2 2 2 2 2 2 2 2
left_child=2 6 3 7 10 -6 -2 20 16 -7 -3 17 13 14 19 18 -5 22 -16 -13 -1 25 26 -15 -25 -22 27 28 -4 -10
right_child=1 4 11 8 5 9 -8 -9 29 -11 -12 12 -14 23 15 -17 -18 -19 -20 -21 21 -23 -24 24 -26 -27 -28 -29 -30 -31
leaf_value=-0.0068507790476653365 -0.013322276921809921 -0.0080985026757810635 0.022426354990665021 -0.00038014797333817146 -0.006621876124876626 -0.0026568866626328061 -0.0085449820318129217 -0.0067872001685548057 0.010517642944181307 0.0033013153455205635 -0.0030701326948691901 -0.0009556290733950428 0.01172266719185164 -0.001053246013214362 0.0039821043450824958 0.0017310127996253792 -0.0029774991073690661 -0.0054995865466799425 0.012586871942997995 0.0018109891436668341 -0.0019615634202932723 0.011145818583062088 0.0074829863979709674 0.0034644887230560204 -0.001541998341657292 0.010230925124722415 0.0014795914664226114 -0.0044277709611734049 0.0052007795735558634 0.0017967335719452004
leaf_weight=173.09417732059956 1383.4495043121278 1246.363898139447 37.81955024600029 5464.2235731557012 712.04055189713836 2681.9324702695012 743.72100388631225 708.08052279800177 68.993445374071598 230.27241022139788 338.11836951225996 1612.1839343979955 71.459849178791046 3426.4649293720722 274.3702449798584 2229.4319132566452 1100.5798198319972 116.14202690124512 110.65948963165283 1258.1696916222572 622.13700161874294 36.203221797943115 148.18749666213989 687.31634026765823 496.9871426820755 33.97614724189043 32193.788392260671 35.380637049674988 39.74453991651535 765.06405524164438
leaf_count=1483 30561 14797 103 23741 7961 20509 10539 5267 298 1136 2977 3194 37 5598 203 1901 5185 47 81 1867 3441 185 41 504 394 118 22639 116 58 2246
internal_value=-2.96471e-05 -0.00640556 0.00087593 -0.00108099 -0.00426919 -0.00305811 -0.0116596 -0.00409985 -0.000437707 -0.00218273 -0.00703188 0.00128712 0.000587121 0.000506552 0.00129673 0.00243739 -0.000816891 0.00150542 0.0064969 0.000255189 -0.00188883 -0.000631492 0.00153084 -0.000432198 0.00135895 -0.00130645 0.00150312 0.00808637 0.0138547 0.00253705
internal_weight=59046.4 7335.9 51710.5 8972.35 5208.73 3624.25 2127.17 1573.49 7398.86 2912.2 1584.48 42738.1 10167 10095.6 5484.82 2614.46 6564.8 32571.1 385.03 2870.35 865.411 692.316 32454.9 4610.77 1184.3 656.113 32306.7 112.945 77.5641 834.058
internal_count=167227 88480 78747 41964 47380 29606 41100 10494 31470 21645 17774 36783 13779 13742 7246 2185 28926 23004 284 5061 5227 3744 22957 6496 898 3559 22916 277 161 2544
cat_boundaries=0 1
cat_threshold=2491
is_linear=0
shrinkage=0.03


Tree=150
num_leaves=31
num_cat=4
split_feature=20 23 0 0 3 6 3 22 0 6 18 13 13 7 6 6 3 14 3 12 3 1 22 20 0 23 6 21 14 23
split_gain=369.049 90.1568 48.5785 17.2802 19.1037 13.5281 11.112 9.78363 8.24422 9.34455 12.1972 8.12709 7.88904 7.11107 7.39156 6.6651 6.3362 9.68029 6.15407 8.03059 6.10723 8.24156 8.81186 5.72031 6.50615 11.2816 7.8221 5.58996 11.1701 10.9734
threshold=0.026785714285714288 0.13427827306420917 0 1 1.5000000000000002 1180.5000000000002 4.5000000000000009 0.032477342204167071 2 1165.5000000000002 1.0000000180025095e-35 1.0000000180025095e-35 1.0000000180025095e-35 0.3535533905932739 1015.5000000000001 1325.5000000000002 1.5000000000000002 1.5000000000000002 2.5000000000000004 0.93158198870884079 5.5000000000000009 5.5000000000000009 0.072079803005765886 0.20535714285714288 3 0.077108881456707565 781.50000000000011 1.8876736180578704 3.5000000000000004 0.77363455809334669
decision_type=2 2 1 1 2 2 2 2 1 2 2 2 2 2 2 2 2 2 2 2 2 2 2 2 1 2 2 2 2 2
left_child=2 3 11 7 -5 6 -4 -2 18 -10 -11 -1 20 14 23 -12 17 -15 19 27 -6 -22 -23 24 26 -26 -9 -3 29 -29
right_child=1 8 5 4 12 -7 -8 13 9 10 15 -13 -14 16 -16 -17 -18 -19 -20 -21 21 22 -24 -25 25 -27 -28 28 -30 -31
leaf_value=-0.01230910085643213 -0.0075561384084182667 0.00085272031525765934 -0.0080921307732955625 -0.0060904915854369662 -0.0030846167396481848 0.0016060555466285039 -0.0039642037050596135 -0.0028825695354336893 -0.00024429028066427755 0.0038090544108557909 0.0015849524802196663 0.019600245578902074 0.0021604208488685724 -0.004362509433639224 -0.0014398042187899868 -0.0046492715463535474 -0.0001072541402787703 0.006026375986540284 0.0017438971210602021 -0.0019829066653444527 -0.0036914919975726251 -0.00035428498343327753 0.007252490604962583 0.0046914123789994124 0.006978808127880964 -0.00048336184613318844 0.010971663653687994 0.0031148870295706088 -0.0048969486459171548 0.012922106543359525
leaf_weight=1780.3297674618661 165.30262878537178 6732.7787901908159 1337.7691568173468 1251.505158867687 2855.2653141655028 212.21980872005224 1065.5433523319662 455.17164365947247 5221.1042589172721 1328.9519737660885 332.62012340128422 6.2148810699582091 389.95470654964447 809.71260455995798 803.06409974396229 284.98900489509106 1424.3186518996954 88.318646416068077 28172.549906432629 829.9087351411581 514.87211766839027 730.67138641700149 167.34714107215405 514.02946761250496 317.55826284736395 422.94990491867065 38.773036971688271 482.49333101511002 115.0826695561409 130.88143980503082
leaf_count=36616 1412 6693 16127 11533 20795 1830 9760 2169 12703 2156 408 96 1851 3917 2908 377 6046 243 15732 861 3145 4414 657 1147 1470 1652 133 359 73 72
internal_value=6.41269e-05 0.000738215 -0.00829061 -0.00169543 -0.00279411 -0.00560398 -0.00626686 -0.000399146 0.00134907 0.000415576 0.00218991 -0.0121161 -0.00191206 -0.000154497 0.000937176 -0.00128493 -0.00135638 -0.00332855 0.00153186 0.000812356 -0.00228596 -0.000666687 0.00106307 0.00203253 0.000917611 0.0026776 -0.00172805 0.0011243 0.00362154 0.00523494
internal_weight=58982.3 54580.2 4402.08 10948.8 5909.62 2615.53 2403.31 5039.2 43631.4 7167.67 1946.56 1786.54 4658.11 4873.9 2551.55 617.609 2322.35 898.031 36463.7 8291.14 4268.16 1412.89 898.019 1748.48 1234.45 740.508 493.945 7461.24 728.457 613.375
internal_count=167355 102926 64429 63492 42395 27717 25887 21097 39434 15644 2941 36712 30862 19685 9479 785 10206 4160 23790 8058 29011 8216 5071 6571 5424 3122 2302 7197 504 431
cat_boundaries=0 1 2 3 4
cat_threshold=34368 2474 2338 2048
is_linear=0
shrinkage=0.03


Tree=151
num_leaves=31
num_cat=4
split_feature=0 0 22 6 13 22 20 7 12 7 7 15 6 7 20 13 22 10 7 11 22 0 22 12 6 6 12 20 0 21
split_gain=351.31 92.032 48.3829 18.1961 15.4666 13.881 10.9307 10.8201 6.93885 6.90628 6.82418 6.95017 6.53156 6.21309 6.13289 5.49186 10.2708 5.40357 4.97831 8.61441 6.36972 5.62361 6.56505 4.89547 4.83196 7.62089 8.29787 5.1425 4.94199 8.38576
threshold=0 1 0.12410772417628714 1195.5000000000002 1.0000000180025095e-35 0.064489017076622315 1.0000000180025095e-35 -1.0000000180025095e-35 0.82293497932636284 -1.0000000180025095e-35 0.3535533905932739 4.5000000000000009 361.50000000000006 -0.85355339059327373 0.38392857142857145 1.5000000000000002 0.093819716018720689 0.81174490092936691 -0.85355339059327373 -0.94705910369513524 0.024363793171037675 2 0.027208800438141379 -0.96687281075841669 1205.5000000000002 211.50000000000003 0.9989598388634241 1.3125000000000002 3 1.327897469050858
decision_type=1 1 2 2 2 2 2 2 2 2 2 2 2 2 2 2 2 2 2 2 2 1 2 2 2 2 2 2 1 2
left_child=2 3 7 4 5 9 -3 8 17 -2 -4 14 -9 -6 -12 -14 -17 -1 19 -5 -21 22 -20 -24 25 27 -27 -16 29 -26
right_child=1 6 10 18 13 -7 -8 12 -10 -11 11 -13 15 -15 24 16 -18 -19 21 20 -22 -23 23 -25 28 26 -28 -29 -30 -31
leaf_value=-1.6078763737949942e-05 -0.0049429494502350587 -0.013124926819646901 0.0014967201283043888 0.017342767312529785 -0.0076124747299116625 -0.0025716158349800588 -0.0078767530995988832 -0.0044478552587475821 -0.002647963645745253 -0.0079857864545689675 -0.0012290428358941938 0.0098118625921289823 -0.0017484002692237227 0.0055579806115296825 0.0032550694835463997 0.020276942730281133 -0.0033171068649380489 0.0032132560231178408 0.013244891228099964 0.015218100691801932 -0.0016381581603829222 -0.0037382930437480401 0.0079776785253676281 -0.0015426222084828926 0.0062294764904148531 -0.0002056820777724913 0.0095167213396983464 -0.0026326743734288831 -4.9002227830350827e-05 0.0012927093288026951
leaf_weight=3189.6031133756042 1218.6256827637553 1466.2516947351396 32112.573887273669 31.843884661793709 38.930568255484104 1035.0990049466491 489.10007569938898 899.58987998217344 784.40532848984003 1560.2344378530979 1510.5684193968773 72.206795513629913 3625.9162264838815 162.22705736383796 1106.767806738615 28.251233465969563 37.072568401694298 544.46951630711555 33.428329803049564 22.20711412280798 152.16661475598812 595.65935426205397 54.47035539150238 389.18511153012514 509.19450941681862 5125.7035075724125 79.235727876424789 149.91030925512314 624.74347501993179 800.03042328357697
leaf_count=11118 11901 31649 22426 161 188 7114 7720 6306 3006 19911 5093 39 20049 1036 1011 104 114 1814 239 193 766 4749 358 2544 654 5251 87 104 632 529
internal_value=-2.10681e-05 -0.00619699 0.000854409 -0.00412111 -0.00512172 -0.00554991 -0.0117598 -0.00112734 -8.37027e-05 -0.00665581 0.00128366 0.000597311 -0.00215299 0.00295434 0.000528556 -0.00159103 0.00694826 0.000453922 -0.00100581 0.0032423 0.000548868 -0.00183028 0.000607715 -0.000344949 0.000845613 0.000450541 -5.4724e-05 0.00254641 0.00216158 0.00319623
internal_weight=58449.7 7249.43 51200.2 5294.08 4015.12 3813.96 1955.35 9109.31 4518.48 2778.86 42090.9 9978.36 4590.83 201.158 9906.15 3691.24 65.3238 3734.07 1278.96 206.218 174.374 1072.74 477.084 443.655 8395.59 6461.62 5204.94 1256.68 1933.97 1309.22
internal_count=166866 88529 78337 49160 40150 38926 39369 42511 15938 31812 35826 13400 26573 1224 13361 20267 218 12932 9010 1120 959 7890 3141 2902 8268 6453 5338 1115 1815 1183
cat_boundaries=0 1 2 3 4
cat_threshold=2491 94212 12288 130
is_linear=0
shrinkage=0.03


Tree=152
num_leaves=31
num_cat=0
split_feature=23 22 23 22 20 13 22 6 14 7 22 10 22 18 13 21 19 6 23 11 20 2 21 2 1 19 22 23 11 11
split_gain=344.388 69.2244 56.3886 19.7826 17.8903 12.3424 10.7343 7.34204 6.57676 6.46569 6.25058 6.97964 5.99206 5.84381 5.80069 8.8937 6.70056 5.60047 7.44478 5.7055 5.48215 7.78539 5.30374 8.03799 11.4238 6.84402 5.60478 7.2455 5.13658 5.56106
threshold=0.033538300026245742 0.0078229775924323116 0.28132851758793975 0.040775691976560342 0.026785714285714288 1.0000000180025095e-35 0.10462126096357231 1170.5000000000002 1.0000000180025095e-35 -1.0000000180025095e-35 0.07264993450429523 -0.56174490092936669 0.15892207415772966 5.5000000000000009 3.5000000000000004 2.4379973539548812 1.6875000000000002 1220.5000000000002 0.052493799944888404 0.63920241694561786 1.0625000000000002 2.5000000000000004 2.2716490544407919 1.5000000000000002 4.5000000000000009 2.4375000000000004 0.91195849145308228 1.4087273881307525 0.97875492728876534 -0.99763297024448894
decision_type=2 2 2 2 2 2 2 2 2 2 2 2 2 2 2 2 2 2 2 2 2 2 2 2 2 2 2 2 2 2
left_child=1 -1 4 -3 7 8 9 -2 17 10 11 -5 28 14 22 16 20 18 -6 -19 21 -16 25 24 -24 -4 -25 -28 29 -7
right_child=2 3 13 6 5 12 -8 -9 -10 -11 -12 -13 -14 -15 15 -17 -18 19 -20 -21 -22 -23 23 26 -26 -27 27 -29 -30 -31
leaf_value=-0.012989939263421835 -0.0047465555260536177 -0.0068648872185739203 0.0012704957413142584 0.022468528386696152 -0.0039910421688316468 0.012125710277138121 0.0035054998304464846 0.0026231727325426437 0.00092395898129941836 -0.0044465282392677037 -0.0026568956794639671 0.0024407461377769597 -0.00028946345958531436 0.0040226410749811502 0.008245209627721628 0.0080594278428940264 -0.00032703658249707743 -0.00022711642788489117 -0.0011689902547091346 0.0057149661215532711 0.0013053827260728135 0.0020842182933114616 -0.0013502566969708293 0.00049833019087469144 0.0081889266551565219 0.0069728849417821622 -0.0057523365407406374 0.00089769075204737092 0.0089076751240020555 0.0018123268009519948
leaf_weight=1315.2462370097637 1248.2259929254651 2615.9247100502253 32539.64277766645 19.309794463217258 958.14191669970751 48.176046714186668 211.40477225184441 133.06389532610774 1611.2914014570415 1430.5236207544804 182.0699432939291 73.914909012615681 996.45359921455383 735.19187182188034 358.4599090218544 254.21195977926254 679.88824659585953 2102.6105209290981 7021.6473407149315 155.16221345961094 671.64930409193039 388.1758439540863 246.34795522689819 566.61239451169968 205.9997838139534 190.07511270046234 444.13925194740295 217.98340213298798 111.5339712947607 1272.4316487722099
leaf_count=30210 11242 32518 22082 99 6640 109 797 1012 4929 12062 935 439 1646 238 157 66 242 8166 27618 626 230 189 112 277 113 91 282 68 319 3995
internal_value=-1.98635e-05 -0.00692906 0.000740296 -0.00516676 -0.000771468 -0.000455451 -0.00284427 -0.00403088 -0.000855116 -0.00363631 0.000552967 0.00684724 0.00149155 0.00137175 0.00131846 0.00276164 0.00211337 -0.00113577 -0.00150905 0.000180938 0.00328688 0.00505721 0.00121955 -0.000420925 0.00298915 0.00130401 -0.0016826 -0.00355592 0.00273426 0.00220199
internal_weight=59005.5 5848.39 53157.1 4533.15 15658.7 14277.4 1917.22 1381.29 11848.9 1705.82 275.295 93.2247 2428.6 37498.4 36763.2 2352.39 2098.17 10237.6 7979.79 2257.77 1418.29 746.636 34410.8 1681.08 452.348 32729.7 1228.74 662.123 1432.14 1320.61
internal_count=167509 77060 90449 46850 66302 54048 14332 12254 47979 13535 1473 538 6069 24147 23909 884 818 43050 34258 8792 576 346 23025 852 225 22173 627 350 4423 4104
is_linear=0
shrinkage=0.03


Tree=153
num_leaves=31
num_cat=2
split_feature=0 0 21 3 3 21 20 6 23 7 13 3 20 1 21 19 20 6 13 21 12 19 19 6 12 19 12 21 21 11
split_gain=327.813 85.3304 44.8478 20.934 15.1821 11.7105 11.6023 8.96461 8.46499 6.15008 8.148 8.24783 7.22871 6.08982 12.5701 5.66071 5.02672 5.02105 5.0006 4.87318 4.82741 4.8236 4.80377 5.09331 4.73808 4.56181 6.17482 5.06304 7.39993 7.57932
threshold=0 1 0.49346333258438829 2.5000000000000004 5.5000000000000009 0.24353894017376096 1.0000000180025095e-35 1130.5000000000002 0.055696559503666108 1.0000000180025095e-35 3.5000000000000004 1.5000000000000002 1.5267857142857146 1.5000000000000002 1.0917339954783492 3.1875000000000004 1.205357142857143 1215.5000000000002 1.0000000180025095e-35 2.6753740757250477 -0.99864786094873803 1.0000000180025095e-35 1.0000000180025095e-35 1235.5000000000002 -0.99983123799342477 2.1875000000000004 0.011826144619637555 2.8389108382124317 2.1731461800422895 0.14250626876356556
decision_type=1 1 2 2 2 2 2 2 2 2 2 2 2 2 2 2 2 2 2 2 2 2 2 2 2 2 2 2 2 2
left_child=2 3 4 17 8 7 -3 20 22 15 11 12 13 14 -11 24 -12 21 -8 -13 -5 -2 23 -1 -4 27 -27 28 -26 -30
right_child=1 6 9 5 -6 -7 18 -9 -10 10 16 19 -14 -15 -16 -17 -18 -19 -20 -21 -22 -23 -24 -25 25 26 -28 -29 29 -31
leaf_value=-0.0054369683382198622 -0.0088670499669181672 -0.012870991740150554 0.0068241904751629463 0.0071319350239230344 0.00055859131234668811 -0.00043821672526757387 -0.008009115657479169 -0.00047587422567617788 -0.0010957317448690277 -0.0031966325455599228 0.010461443396698468 0.0010766744088233785 0.0059769102672861674 -0.0018864714719441988 0.013823868696214501 0.007195104226081237 0.0017542976111244561 -0.0036591485545055323 0.0084523464254749603 -0.002563842247037314 -0.0051527374685757564 -0.0044411533764661427 -0.0018946694962575855 0.0017750135812556044 0.001545595390054492 0.0021191925835161991 -0.0041115667108689163 0.004543608170391073 -0.0052569170389712913 0.0008988033245433026
leaf_weight=993.74734441563487 942.68442085385323 1430.4339521452785 148.56887120008469 28.001916844397783 3726.2474700286984 1263.9882031679153 468.03157941997051 512.17842772603035 4389.0634294301271 87.95855787396431 122.38409398496151 11590.723465338349 124.4593608379364 1955.8615794107318 68.247865557670593 156.92109394073486 120.24158853292465 345.21422079205513 16.083476349711418 338.79193842411041 1863.6721556447446 302.24928475171328 985.77278011664748 94.899870283901691 25087.792874991894 267.49410593509674 304.10846412181854 488.62582921981812 290.56746184825897 466.75943398475647
leaf_count=7933 12134 31656 83 300 11556 7478 7533 3924 19663 186 100 11919 108 3626 96 42 64 3146 201 205 19113 3154 6441 645 15527 86 94 151 140 167
internal_value=-1.43852e-05 -0.00602034 0.000818075 -0.00402453 -0.000965202 -0.00278177 -0.0114441 -0.00401086 -0.00184456 0.00125503 0.000752967 0.000658891 -0.00101129 -0.00142857 0.00424223 0.00152062 0.00619586 -0.00690905 -0.00743356 0.000972577 -0.00496405 -0.00780176 -0.00342475 -0.00480172 0.00148722 0.00145728 -0.00118666 0.00151494 0.00145727 -0.0014589
internal_weight=58981.8 7172.54 51809.2 5257.99 10189.7 3667.84 1914.55 2403.85 6463.48 41619.5 14408.7 14166 2236.53 2112.07 156.206 27210.8 242.626 1590.15 484.115 11929.5 1891.67 1244.93 2074.42 1088.65 27053.9 26905.3 571.603 26333.7 25845.1 757.327
internal_count=167471 88639 78832 49249 46238 30815 39390 23337 34682 32594 16304 16140 4016 3908 282 16290 164 18434 7734 12124 19413 15288 15019 8578 16248 16165 180 15985 15834 307
cat_boundaries=0 1 2
cat_threshold=2491 94212
is_linear=0
shrinkage=0.03


Tree=154
num_leaves=31
num_cat=3
split_feature=22 0 0 3 6 13 0 22 22 3 21 19 3 9 1 21 9 6 13 22 22 22 2 6 22 19 23 22 9 3
split_gain=325.602 78.767 49.1111 19.59 18.0471 16.8969 13.2019 11.3563 11.1773 10.717 14.6144 12.4191 9.17021 7.47784 8.48074 10.9765 6.03154 5.83314 5.67249 8.51212 13.3255 6.65975 10.5698 6.81229 12.4518 6.6401 5.60922 7.22864 5.5059 5.50562
threshold=0.060743049864530378 0 1 2.5000000000000004 1150.5000000000002 1.0000000180025095e-35 2 0.01679278019124919 0.036828488909259563 1.5000000000000002 2.6753740757250477 1.0000000180025095e-35 1.5000000000000002 -0.8783796973249266 8.5000000000000018 1.461186139773073 0.87837969732492682 403.50000000000006 1.0000000180025095e-35 0.14769057323736021 0.11701815622099478 0.97877549606030567 5.5000000000000009 571.50000000000011 0.26005795408282945 2.9375000000000004 0.031612258494337117 0.048276231184343606 1.0000000180025095e-35 1.0000000180025095e-35
decision_type=2 1 1 2 2 2 1 2 2 2 2 2 2 2 2 2 2 2 2 2 2 2 2 2 2 2 2 2 2 2
left_child=1 7 9 -4 5 6 8 -1 12 10 11 -2 -3 14 15 -13 -10 28 21 20 -20 23 -23 24 -11 -21 -6 -28 -9 -15
right_child=2 4 3 -5 26 -7 -8 17 16 18 -12 13 -14 29 -16 -17 -18 -19 19 25 -22 22 -24 -25 -26 -27 27 -29 -30 -31
leaf_value=-0.012919598776276561 -0.0053550665966553826 -0.01039536659350937 -0.0040518527249006351 -0.00055093532759675637 -0.0035357650610107188 0.0047492182198304363 -0.0076035877633755782 -0.0077360110974280605 0.00067586530599011703 -0.0036938983750659285 0.0072368759469356647 0.002876345151908293 -0.0033797515563029606 0.0004158372796896844 -0.0012920863225415813 0.013702511007846767 0.015423308605891278 -0.0098691527045582546 0.0026108406764405899 0.0015550204141186197 0.01365712174421615 0.001518634507932207 0.0063574835870195056 0.0010487557685117028 0.00056952865003985606 0.0069600374317996599 0.0020710903105019413 -0.0041149255770124909 0.0032970783290255999 -0.0015597113208899742
leaf_weight=1404.9417880661786 391.02520101517439 210.2076676748693 1975.901899009943 5303.4464498385787 623.98031007498503 138.40696294605732 1772.6474160477519 89.88783010840416 188.354471988976 817.56259144842625 247.43180286884308 532.86680880934 852.53896653279662 3594.4726306051016 331.28522481769323 100.01015669107437 27.986557133495808 319.35945843160152 373.04318171739578 18193.648250490427 133.79042476415634 2992.927746117115 470.83615303039551 12350.373899430037 2491.9642988443375 206.65766966342926 574.11339368671179 240.2117173448205 72.037869811058044 1959.6534674167633
leaf_count=32287 1874 2639 14324 23721 5683 898 21926 1247 840 3430 141 777 7948 3898 450 73 127 4852 907 8911 152 1716 240 15560 2711 59 3449 1459 898 3961
internal_value=-6.01195e-07 -0.00632578 0.000784771 -0.00150041 -0.0041851 -0.00545238 -0.00591843 -0.0114874 -0.00348758 0.00115313 8.74527e-05 -0.00016872 -0.00478152 0.000142257 0.00258023 0.00461553 0.00267343 -0.00751417 0.00135381 0.00172274 0.00555973 0.000988675 0.00217977 0.000724716 -0.000482664 0.00161643 -0.00139737 0.000236156 -0.00280065 -0.000280268
internal_weight=58981.6 6514.67 52466.9 7279.35 4628.45 3190.14 3051.74 1886.23 1279.09 45187.5 7156.75 6909.31 1062.75 6518.29 964.162 632.877 216.341 481.285 38030.8 18907.1 506.834 19123.7 3463.76 15659.9 3309.53 18400.3 1438.31 814.325 161.926 5554.13
internal_count=167158 84253 82905 38045 44969 34378 33480 39284 11554 44860 11174 11033 10587 9159 1300 850 967 6997 33686 10029 1059 23657 1956 21701 6141 8970 10591 4908 2145 7859
cat_boundaries=0 1 2 3
cat_threshold=34368 2466 67616
is_linear=0
shrinkage=0.03


Tree=155
num_leaves=31
num_cat=3
split_feature=20 0 0 3 6 22 3 3 19 21 22 12 16 6 6 22 2 20 20 3 20 13 19 6 21 6 21 20 23 0
split_gain=308.269 74.7088 53.2389 25.5887 12.3637 12.1287 11.8302 11.4809 13.7825 9.37166 6.98168 7.04506 6.87227 6.59607 8.11192 18.6054 7.59576 6.97346 7.24843 6.43249 6.19202 5.98725 9.23388 9.04665 18.6433 6.31549 5.51478 6.55766 5.26801 5.20132
threshold=0.026785714285714288 0 1 2.5000000000000004 1180.5000000000002 0.032477342204167071 4.5000000000000009 1.5000000000000002 1.0000000180025095e-35 2.8389108382124317 0.024363793171037675 0.48877522411129354 1.5000000000000002 151.50000000000003 493.50000000000006 0.96594784195729233 4.5000000000000009 0.15178571428571433 1.455357142857143 1.0000000180025095e-35 1.0000000180025095e-35 1.0000000180025095e-35 0.31250000000000006 1051.5000000000002 1.1204995067724572 805.50000000000011 0.90435454488663769 0.41964285714285715 0.07062020460358058 2
decision_type=2 1 1 2 2 2 2 2 2 2 2 2 2 2 2 2 2 2 2 2 2 2 2 2 2 2 2 2 2 1
left_child=2 5 20 -3 6 -2 28 8 -7 19 -5 12 -12 17 15 16 -15 -9 -19 -10 -1 -16 23 24 25 -23 27 -25 -4 -8
right_child=1 3 4 10 -6 7 29 13 9 -11 11 -13 -14 14 21 -17 -18 18 -20 -21 -22 22 -24 26 -26 -27 -28 -29 -30 -31
leaf_value=-0.012863137302277904 -0.0065963844134374261 -0.0044428638867302656 -0.0083571715212176229 -0.0043910435811704753 0.0019297558930812865 -0.0054150185114679649 -0.0056048113540380995 -0.0037816911172040679 0.00084656607561607838 0.006672117220415226 -0.00010436436914616327 -0.0021681692155267733 0.0093057181806834553 -0.0010483445096654521 0.0010148863048065452 0.0012002127913036801 -0.0053028922204211796 0.003087425759833218 -0.0034905076313523466 -0.0011091423930432126 -0.0078907929392928941 0.0012394733042917342 0.0016970573848173898 0.0013384740146271681 0.021790054122339302 0.0088298886861552777 -0.0042337757631472689 0.011573046893737473 -0.0028841462834630583 -0.0012462553960189777
leaf_weight=1395.4156382903457 182.21473823487759 2523.3105571940541 1103.0473465435207 474.98060012608767 209.9009995162487 393.50372119992971 452.78888902440667 149.31642684340477 4286.8786066249013 203.86619597673416 4210.4565986245871 1838.9073107615113 70.01920673251152 1371.7058237493038 13600.234250344336 5717.1141648292542 523.34311947226524 3452.3750253021717 155.99916481971741 2337.2595859318972 284.56648465245962 194.75455155968666 12204.0966065377 258.23189108073711 71.201413869857788 204.20106546580791 105.05031287670135 71.869414746761322 190.52738641574979 579.41050744429231
leaf_count=31644 1506 20825 14672 5522 1820 1896 4823 706 4665 110 19725 9208 243 2887 17198 2947 1126 2024 56 4731 4979 360 5860 453 32 318 55 56 1439 4836
internal_value=1.71728e-06 0.000605364 -0.00781354 -0.00187159 -0.0049945 0.00110223 -0.00564402 0.00113372 3.61586e-05 0.00035194 -0.000889098 -0.000615627 5.03001e-05 0.0013417 0.00121065 0.000345632 -0.00222864 0.00253641 0.00280049 0.000155545 -0.0119585 0.00145693 0.00191496 0.00484064 0.00772525 0.00515191 0.00169965 0.00361308 -0.00755855 -0.00323389
internal_weight=58816.5 54600.9 4215.66 9117.67 2535.68 45483.2 2325.77 45301 7221.51 6828 6594.36 6119.38 4280.48 38079.5 34321.8 7612.16 1895.05 3757.69 3608.37 6624.14 1679.98 26709.6 13109.4 905.309 470.157 398.956 435.152 330.101 1293.57 1032.2
internal_count=166722 102509 64213 55523 27590 46986 25770 45480 11402 9506 34698 29176 19968 34078 31292 6960 4013 2786 2080 9396 36623 24332 7134 1274 710 678 564 509 16111 9659
cat_boundaries=0 1 2 3
cat_threshold=2466 34368 20484
is_linear=0
shrinkage=0.03


Tree=156
num_leaves=31
num_cat=2
split_feature=20 0 0 7 21 6 7 8 6 14 7 16 6 12 22 6 13 22 15 17 6 6 23 23 21 19 12 16 6 15
split_gain=305.928 72.4383 55.9138 16.1216 11.9485 10.6258 10.5869 10.2237 7.30182 7.2886 7.12383 6.95336 6.66348 6.51062 6.14516 6.32472 5.995 7.81247 11.871 9.95149 7.54976 9.77134 7.58749 25.2798 8.3086 16.1917 6.87419 6.19348 7.4158 11.3487
threshold=0.026785714285714288 0 1 -1.0000000180025095e-35 0.35941729821748025 355.50000000000006 -1.0000000180025095e-35 0.35355339059327379 1150.5000000000002 1.0000000180025095e-35 0.3535533905932739 1.5000000000000002 595.50000000000011 -0.48313741114591585 0.08046229023177516 1220.5000000000002 1.0000000180025095e-35 0.88301361223524477 3.5000000000000004 2.5000000000000004 583.50000000000011 607.50000000000011 1.2412778904665316 1.0134693877551022 1.9905621473186046 1.5625000000000002 -0.99983123799342477 1.0000000180025095e-35 1095.5000000000002 1.5000000000000002
decision_type=2 1 1 2 2 2 2 2 2 2 2 2 2 2 2 2 2 2 2 2 2 2 2 2 2 2 2 2 2 2
left_child=2 4 -1 5 12 -3 -4 14 9 -7 -9 -10 -2 -11 15 -5 26 18 19 20 -18 -22 23 24 25 27 -6 28 29 -23
right_child=1 3 6 7 16 8 -8 10 11 13 -12 -13 -14 -15 -16 -17 17 -19 -20 -21 21 22 -24 -25 -26 -27 -28 -29 -30 -31
leaf_value=-0.012126505491810987 -0.0030326340235783795 0.0019331965952837484 -0.0027952154465132311 -0.0045967909843293341 0.0087307896760834367 -0.0030647410168220717 -0.0067166866550431234 -0.0031341041335311666 8.5182996316146038e-05 0.011233729542651638 -0.0071199837395568505 0.017193448707014104 0.00062236345112401815 -0.00088878320570264196 -0.00067178026787897147 -0.00037717984604621844 0.00039032535349921055 0.0012416639307539939 0.0097162649994322354 -0.0031228426648765256 0.011062625886118799 0.0069438268224127405 -0.0017513987341350084 0.019644494162148092 -0.0035657016918604913 0.018622735047198503 0.00076557120293248488 0.00040856979899264197 0.0017751359861871291 -0.0061577424495841268
leaf_weight=1652.5817432515323 956.51953443139791 1143.8622936084867 1126.1285886280239 1101.9175129011273 97.140482202172279 1876.9040931984782 1402.383028075099 880.62003232166171 1220.9991102740169 60.187091574072838 761.56381913274527 20.778610490262508 840.42801008373499 111.85051335021853 1499.8596597984433 454.97277009859681 953.27837485820055 18630.559696465731 204.12446826696396 281.03630858659744 144.95032995939255 778.20410411059856 263.02367424964905 84.371229529380798 159.68835920095444 61.01907205581665 20658.273779593408 587.58105750381947 715.67462730407715 63.177268669009209
leaf_count=36502 5251 5282 10373 9897 81 9339 17268 6983 5477 237 6963 73 3667 482 7737 3258 1076 9081 78 146 109 1222 92 31 89 40 24206 702 1064 68
internal_value=-1.3709e-05 0.000585021 -0.0078339 -0.0018515 0.00107468 -0.000554255 -0.00495475 -0.00307805 -0.00142105 -0.00252116 -0.00498942 0.000389887 -0.00132047 0.003358 -0.00204795 -0.00336857 0.00117362 0.00150832 0.00266275 0.00230714 0.00270985 0.0034811 0.00306986 0.00359047 0.00300723 0.00348723 0.000803558 0.00304532 0.00403558 0.0059468
internal_weight=58793.7 54612.6 4181.09 9133.52 45479.1 4434.58 2528.51 4698.93 3290.72 2048.94 1642.18 1241.78 1796.95 172.038 3056.75 1556.89 43682.1 22926.7 4296.13 4092 3810.97 2857.69 2712.74 2449.72 2365.34 2205.66 20755.4 2144.64 1557.06 841.381
internal_count=166874 102731 64143 55728 47003 20890 27641 34838 15608 10058 13946 5550 8918 719 20892 13155 38085 13798 4717 4639 4493 3417 3308 3216 3185 3096 24287 3056 2354 1290
cat_boundaries=0 1 2
cat_threshold=2466 34368
is_linear=0
shrinkage=0.03


Tree=157
num_leaves=31
num_cat=4
split_feature=23 0 0 22 3 13 22 6 16 13 6 7 22 0 19 6 0 6 3 13 23 3 22 2 13 10 6 14 14 22
split_gain=304.62 70.2744 53.1097 12.2724 11.6322 11.2496 10.7138 13.0889 8.4937 8.44509 7.92834 8.11864 7.55512 7.55337 7.50598 9.39148 8.35672 12.2909 12.9026 7.35944 7.35204 6.57303 5.90261 8.03421 5.4142 5.12861 5.00263 5.00008 5.65234 7.96985
threshold=0.03234524847428074 0 1 0.063958934817495636 2.5000000000000004 1.0000000180025095e-35 0.062277466920423276 1150.5000000000002 5.5000000000000009 1.0000000180025095e-35 1180.5000000000002 -0.85355339059327373 0.019763130945674414 2 0.31250000000000006 1085.5000000000002 3 739.50000000000011 4.5000000000000009 1.0000000180025095e-35 0.052493799944888404 4.5000000000000009 0.97877549606030567 5.5000000000000009 1.0000000180025095e-35 -0.22252093395631442 1335.5000000000002 6.5000000000000009 1.0000000180025095e-35 0.88301361223524477
decision_type=2 1 1 2 2 2 2 2 2 2 2 2 2 1 2 2 1 2 2 2 2 2 2 2 2 2 2 2 2 2
left_child=1 12 5 10 -4 20 7 9 14 -6 19 26 24 -5 15 16 25 -18 -19 -3 -2 -15 -22 -24 -1 -7 -12 28 -16 -30
right_child=2 3 4 13 6 8 -8 -9 -10 -11 11 -13 -14 21 27 -17 17 18 -20 -21 22 -23 23 -25 -26 -27 -28 -29 29 -31
leaf_value=-0.012874876616932514 -0.0024766164431880293 -0.0068692530570302118 -0.0038570541222513435 -0.004168420817684342 -0.0066153763625131879 0.0060442471918045106 -0.00032603626047880783 3.0148634431557667e-05 0.005367029188668021 0.010173631505592732 0.0026148624376002277 -0.003320241130767562 -0.0070691207002188334 -0.00083279057752137895 0.00084409209347469593 0.00029756083742614231 0.0042046137088346692 0.0040091580977478581 0.020182435081569763 0.0023673792362729133 0.00050817936131959326 0.0079596402819503993 0.0012527510250596844 0.0052257990908373695 0.014973912948750679 -0.00063207794717444108 0.02862217029920508 -0.0036726198977483004 0.0039269265782398447 0.00154540305861796
leaf_weight=1403.5202977359295 657.63741474598646 1922.3070459291339 1576.9076755084097 661.92199658602476 718.72543017938733 181.357601583004 4920.9905361756682 572.35645177215338 523.50596880912781 26.876520503312349 18.351838953793052 555.33762124925852 258.42562963068485 518.80219612270594 9206.3503338396549 485.26780312508345 266.4511219933629 72.460534773766994 120.6903725117445 79.446134261786938 17899.401074163616 88.639046691358089 3352.4277120828629 531.65948355197906 5.3236776404082766 235.99849359691143 10.233929187059401 174.58202433586121 1444.9304793179035 10380.882282316685
leaf_count=33108 4118 24126 11374 4890 7484 359 21380 3415 130 168 152 4958 3888 3427 5517 778 397 134 136 629 26662 360 2143 315 100 491 80 83 1270 5046
internal_value=3.61516e-05 -0.00667044 0.000730589 -0.00440106 -0.0015525 0.00112273 -0.000971019 -0.00337263 0.001588 -0.00598933 -0.00559957 -0.00250124 -0.0118111 -0.00198716 0.00149984 0.00366055 0.00551218 0.00825974 0.0141978 -0.00649867 0.000644146 0.000444033 0.000738746 0.00179934 -0.0127548 0.00220941 0.0127812 0.0013606 0.00140284 0.0018372
internal_weight=58871.8 5522.31 53349.5 3855.04 7815.86 45533.6 6238.95 1317.96 23092.5 745.602 2585.68 583.923 1667.27 1269.36 22569 1362.23 876.958 459.602 193.151 2001.75 22441.1 607.441 21783.5 3884.09 1408.84 417.356 28.5858 21206.7 21032.2 11825.8
internal_count=167118 75718 91400 38622 43821 47579 32447 11067 14341 7652 29945 5190 37096 8677 14211 2295 1517 667 270 24755 33238 3787 29120 2458 33208 850 232 11916 11833 6316
cat_boundaries=0 1 2 3 4
cat_threshold=34368 68002 2053 160
is_linear=0
shrinkage=0.03


Tree=158
num_leaves=31
num_cat=3
split_feature=22 22 22 3 20 3 3 13 12 0 6 19 11 3 21 0 6 23 23 6 21 0 6 15 11 6 21 17 12 2
split_gain=303.56 88.7171 34.502 25.9834 11.9602 10.8087 9.32601 9.12828 9.40463 7.60581 7.89505 7.50048 7.49599 6.69601 6.552 6.12611 6.4837 6.64646 6.42162 6.03284 10.7931 6.65192 12.5273 8.84413 7.50949 6.01639 11.7118 8.90619 11.3091 8.14601
threshold=0.025557181266289954 0.12166413815136976 0.0078229775924323116 1.5000000000000002 0.026785714285714288 1.0000000180025095e-35 2.5000000000000004 1.0000000180025095e-35 0.84199059757024453 0 193.50000000000003 0.31250000000000006 0.9962888416657264 1.5000000000000002 0.30435997051820268 1 1250.5000000000002 0.0071175278622087135 0.0050890914741531139 151.50000000000003 1.205506844960557 2 565.50000000000011 4.5000000000000009 -0.082689790342551819 907.50000000000011 1.3872096630829269 1.5000000000000002 0.68274389090025245 4.5000000000000009
decision_type=2 2 2 2 2 2 2 2 2 1 2 2 2 2 2 1 2 2 2 2 2 1 2 2 2 2 2 2 2 2
left_child=2 3 -1 5 9 12 11 8 15 10 -5 -3 14 -4 -2 18 17 -17 -6 20 -8 -21 24 25 -23 27 29 -24 -29 -27
right_child=1 6 13 4 7 -7 19 -9 -10 -11 -12 -13 -14 -15 -16 16 -18 -19 -20 21 -22 22 23 -25 -26 26 -28 28 -30 -31
leaf_value=-0.01282789989559263 -0.005410462467304665 -0.0014110322173800924 -0.0097016783510474082 0.012372180008924507 -0.0049388329877974166 -0.0069134724746636378 0.0046461500279505151 0.0019675431598521992 -0.0034032719706176906 -0.0012917978795883157 -0.0066596002912103743 0.00073954559811825087 0.010594276312148532 -0.0055297669677304455 -0.00089707522381956032 0.0039913062895426711 0.0010577919568261328 -0.0030834047394739301 0.00036835367500858898 0.0017378083780226993 0.001176321824036827 0.00073924024221649551 0.0012341743930137754 0.0053768583546054535 -0.0017061645359758065 0.0020161933366856549 -0.0020535654031404284 0.0058795991371378498 -0.0015289450864725731 -0.00076110010754859548
leaf_weight=1241.1840122528374 573.5590836443007 1753.4099949449301 453.37870188057423 19.128449201583862 214.98119397461414 1023.6504042819142 1384.0440233796835 1031.2438184693456 1264.0543161258101 618.87090659141541 642.4722075983882 8650.1473821252584 35.831304877996445 1583.2471010833979 591.9007615968585 126.53002926707268 557.99099317193031 1783.3763417676091 4089.086092621088 14212.783955603838 1949.9226006269455 2240.4368021935225 3073.6167156845331 478.8607684969902 2274.7940689325333 3477.760715290904 1201.1881901025772 897.52988335490227 231.70157533884048 1303.4919936954975
leaf_count=30583 5433 4899 7047 149 1439 8984 1138 3371 6552 4854 6298 8845 254 21098 3271 937 3026 11374 15845 7681 764 2391 2831 152 2928 2917 616 372 126 1151
internal_value=-8.89495e-06 0.00051316 -0.00887986 -0.00170405 -0.00107066 -0.00464531 0.00115966 -0.000686359 -0.00102788 -0.00378463 -0.00599202 0.000376411 -0.00270343 -0.00646574 -0.00312613 -0.000583163 -0.00177081 -0.00260973 0.000100555 0.00140845 0.00261953 0.00127079 0.000831334 0.00139278 -0.000491542 0.00120437 0.000591672 0.00207472 0.00435416 0.00125778
internal_weight=58980.2 55702.4 3277.81 12572.7 10347.7 2224.94 43129.7 9067.26 8036.02 1280.47 661.601 10403.6 1201.29 2036.63 1165.46 6771.96 2467.9 1909.91 4304.07 32726.1 3333.97 29392.2 15179.4 10664.1 4515.23 10185.3 5982.44 4202.85 1129.23 4781.25
internal_count=167326 108598 58728 71787 53845 17942 36811 42544 39173 11301 6447 13744 8958 28145 8704 32621 15337 12311 17284 23067 1902 21165 13484 8165 5319 8013 4684 3329 498 4068
cat_boundaries=0 1 2 3
cat_threshold=7172 10281 2050
is_linear=0
shrinkage=0.03


Tree=159
num_leaves=31
num_cat=2
split_feature=20 0 0 3 22 3 16 12 13 7 3 21 12 14 21 14 21 16 12 22 13 22 9 20 21 20 12 12 12 13
split_gain=300.79 75.1025 50.3573 26.6738 12.7492 12.4106 9.18987 10.4077 8.3492 8.23505 9.76538 9.17375 10.0336 8.5275 8.81439 7.36479 7.781 9.30627 6.8713 6.45293 5.78847 5.55035 5.4808 10.3974 8.28947 5.39259 4.80658 4.7554 4.55575 4.01017
threshold=0.026785714285714288 0 1 2.5000000000000004 0.032477342204167071 4.5000000000000009 1.5000000000000002 0.2499757677084001 1.0000000180025095e-35 1.0000000180025095e-35 1.5000000000000002 2.4379973539548812 0.91852788691372023 1.0000000180025095e-35 2.6753740757250477 7.5000000000000009 2.8389108382124317 1.5000000000000002 -0.99983123799342477 0.01679278019124919 1.0000000180025095e-35 0.12166413815136976 -0.8783796973249266 0.74107142857142871 0.8089394951509209 1.0000000180025095e-35 0.99024581825578073 -0.97507822412530132 0.91159213926341531 2.5000000000000004
decision_type=2 1 1 2 2 2 2 2 2 2 2 2 2 2 2 2 2 2 2 2 2 2 2 2 2 2 2 2 2 2
left_child=2 4 8 20 -2 -4 19 -8 25 15 13 12 28 -11 22 16 18 -18 -6 -5 21 -3 23 24 -15 -1 -21 -20 -12 -24
right_child=1 3 5 6 9 -7 7 -9 -10 10 11 -13 -14 14 -16 -17 17 -19 27 26 -22 -23 29 -25 -26 -27 -28 -29 -30 -31
leaf_value=-0.012939428986188703 -0.0067564610432783541 -0.0054103870273493606 -0.0069543714604353999 -0.0075252143780546081 0.0081372092732919666 -0.0026965793832146741 0.015066788673937867 -0.0067063719882618222 0.020722806246176773 -0.0032533033407642375 0.001334658179356958 -0.0034522770333482201 -0.0012667822150008374 0.003871274125832584 0.011257420713337272 -0.0050092317845244795 0.0078983487052863895 0.0006121604291973485 -5.7257245159298418e-05 -0.00069080776938276289 0.0002878398232821642 -0.00043248661650787572 -0.0013500541268385534 -0.00012543412427801093 0.025256928030068435 -0.008149125421387687 -0.005378495090396629 0.0014980579435550623 0.009072414734011415 0.0056721915429486037
leaf_weight=1327.2557178251445 182.13224487006664 2066.0962176211178 1391.5011038407683 132.05096128955483 136.13606782257557 1119.4753932617605 64.374276656657457 27.188534125685692 5.9875071085989466 992.7000495865941 11412.037061870098 412.34914314746857 1446.5255283564329 36.237134031951427 62.425687551498413 155.84124481678009 366.56147646903992 280.04296350479126 1886.4883990883827 6149.6600214838982 207.02203262224793 226.50646827369928 1194.1202518120408 150.69771164655685 30.600392758846283 268.82521919906139 202.89584020525217 26763.402710705996 68.207315698266029 76.730527013540268
leaf_count=31603 1525 18321 17451 1874 96 10447 221 116 94 3089 14755 252 2052 118 48 59 118 70 1485 31458 1378 1260 2091 197 46 4908 1084 20904 93 94
internal_value=5.49038e-05 0.000643066 -0.0077681 -0.00184787 0.00113858 -0.00504026 -0.000845786 0.00853407 -0.0119281 0.00117073 0.000618975 0.000944046 0.001085 -0.00108316 0.000303317 0.00146667 0.00150133 0.0047578 0.00142781 -0.00098045 -0.0044878 -0.0049216 -0.00015934 0.00422475 0.0139788 -0.012142 -0.000842296 0.00139544 0.00138194 -0.000917226
internal_weight=58842.1 54729 4113.04 9075.79 45653.2 2510.98 6576.17 91.5628 1602.07 45471.1 15882.6 13339.1 12926.8 2543.51 1550.81 29588.5 29432.6 646.604 28786 6484.61 2499.62 2292.6 1488.39 217.535 66.8375 1596.08 6352.56 28649.9 11480.2 1270.85
internal_count=167307 102804 64503 55712 47092 27898 34753 337 36605 45567 22835 17152 16900 5683 2594 22732 22673 188 22485 34416 20959 19581 2546 361 164 36511 32542 22389 14848 2185
cat_boundaries=0 1 2
cat_threshold=2466 34368
is_linear=0
shrinkage=0.03


Tree=160
num_leaves=31
num_cat=7
split_feature=23 0 0 20 0 3 13 7 21 6 6 16 0 6 6 0 20 12 11 7 20 23 11 6 6 0 22 0 13 6
split_gain=289.316 70.8448 51.2058 12.5902 10.0922 9.45097 8.54208 8.34033 8.86099 7.28006 8.84684 7.12615 6.65226 6.4553 10.9376 8.54496 14.3528 18.9552 22.3654 11.646 9.97781 10.439 8.60168 7.70532 6.40948 7.50717 6.35971 6.08054 11.0953 19.1451
threshold=0.033538300026245742 0 1 0.11607142857142859 2 4.5000000000000009 1.0000000180025095e-35 0.3535533905932739 1.0631824853441516 1220.5000000000002 403.50000000000006 1.0000000180025095e-35 3 757.50000000000011 913.50000000000011 4 1.7232142857142858 0.42763731121559989 0.63920241694561786 -0.85355339059327373 1.3660714285714288 1.0134693877551022 0.89404822654372251 727.50000000000011 1185.5000000000002 5 0.063958934817495636 6 2.5000000000000004 1075.5000000000002
decision_type=2 1 1 2 1 2 2 2 2 2 2 2 1 2 2 1 2 2 2 2 2 2 2 2 2 1 2 1 2 2
left_child=1 -1 7 5 11 26 9 13 24 10 -6 -4 -11 23 15 16 17 19 -19 22 21 -21 -15 -2 -9 -26 -3 -16 -29 -30
right_child=2 3 4 -5 6 -7 -8 8 -10 12 -12 -13 -14 14 27 -17 -18 18 -20 20 -22 -23 -24 -25 25 -27 -28 28 29 -31
leaf_value=-0.011817834386531117 0.0010071215641608594 -0.0069997887332775644 -0.001076783986876152 -0.00058626149321571732 -0.0017640464042996897 -0.0023255710658909149 0.0037121634719057897 -0.0012306244164487395 0.0011248168154646405 0.002555971414335511 -0.006124809916828425 0.0018694473433522839 -0.0046057890917947722 0.0039108231572015121 0.0018830193061392722 0.0015169872272316374 0.00011780590874019038 0.0038601100643413052 0.019782310669707034 0.0023783137034556314 -0.0011947700036473005 0.011269509930871797 0.01275699274197541 -0.0025572199671580051 0.0044271312525433993 -0.00090945439224695407 -0.0035053267506093598 0.00020954612290999188 0.013511306547917448 0.0010823691832928212
leaf_weight=1622.2217303030193 14957.420253127813 1764.1687596552074 6716.4884745031595 671.25892387330532 706.41908629238605 826.30730585753918 157.4600487165153 3569.7273582071066 5770.2350463867188 295.40638330578804 1047.8043550886214 827.94329395890236 177.48780593276024 197.25721791386604 7430.2138778567314 1844.5415749549866 557.02157282829285 153.01154321432114 167.94231906533241 426.70039050281048 407.74142789840698 165.57951104640961 205.43609109520912 564.69738342612982 427.18933144211769 511.57781186699867 653.91093616187572 5637.333501175046 156.65844374895096 386.29194897413254
leaf_count=37328 11286 22395 31200 3400 5088 8006 750 7092 4959 1704 9999 3056 1186 96 4639 1306 162 113 143 511 142 56 84 513 685 1010 5770 4388 68 207
internal_value=-2.59546e-05 -0.00655273 0.000650075 -0.00432623 -0.00129296 -0.00511108 -0.00299234 0.00109341 0.000345925 -0.00348393 -0.00437417 -0.000751462 -0.000166639 0.00132456 0.00171593 0.00307014 0.00429695 0.00566807 0.0122458 0.00415111 0.00240367 0.00488888 0.00845903 0.000876907 -0.000649643 0.00155215 -0.00605912 0.00130484 0.000604536 0.00469779
internal_weight=59003.5 5537.87 53465.6 3915.65 9929.01 3244.39 2384.58 43536.6 10278.7 2227.12 1754.22 7544.43 472.894 33257.8 17735.7 4125.23 2280.69 1723.67 320.954 1402.71 1000.02 592.28 402.693 15522.1 4508.49 938.767 2418.08 13610.5 6180.28 542.95
internal_count=167342 76899 90443 39571 52983 36171 18727 37460 13746 17977 15087 34256 2890 23714 11915 2613 1307 1145 256 889 709 567 180 11799 8787 1695 28165 9302 4663 275
cat_boundaries=0 1 2 3 4 5 6 7
cat_threshold=34368 2434 65593 28672 2304 130 2050
is_linear=0
shrinkage=0.03


Tree=161
num_leaves=31
num_cat=4
split_feature=0 0 23 6 3 3 21 22 14 0 6 3 21 23 11 13 22 0 7 3 22 6 23 23 22 14 19 3 23 19
split_gain=279.756 80.5819 37.773 16.9045 13.0635 12.943 11.882 11.2656 9.27684 8.05643 8.08162 7.22862 6.36001 5.87962 5.5753 5.56583 5.18696 5.16335 5.1586 5.14082 9.47023 6.9035 5.79081 6.11479 5.47107 5.00567 6.36718 4.84634 4.67688 4.58817
threshold=0 1 0.15403750478377345 1195.5000000000002 1.5000000000000002 2.5000000000000004 0.13363062095621173 0.071619098500050923 1.5000000000000002 2 1210.5000000000002 1.0000000180025095e-35 0.9803259463254832 0.03580586080586081 0.70290292807158616 1.0000000180025095e-35 0.025557181266289954 3 0.85355339059327384 5.5000000000000009 0.12410772417628714 787.50000000000011 0.088316542086447861 0.087068004459308818 0.28089233529955454 3.5000000000000004 3.1875000000000004 6.5000000000000009 0.14640305493964031 1.0000000180025095e-35
decision_type=1 1 2 2 2 2 2 2 2 1 2 2 2 2 2 2 2 1 2 2 2 2 2 2 2 2 2 2 2 2
left_child=2 3 4 5 8 29 16 15 11 25 18 -1 -10 -8 -12 -7 -3 -13 -11 21 28 24 23 -23 -6 26 -4 -17 -21 -2
right_child=1 6 9 -5 19 7 13 -9 12 10 14 17 -14 -15 -16 27 -18 -19 -20 20 -22 22 -24 -25 -26 -27 -28 -29 -30 -31
leaf_value=-0.0016395515148196487 -0.0085029703244651703 -0.0130464997473465 0.0013151836884021223 -0.00077954352634441971 -0.0024133903444593951 -0.0050157432804809879 -0.0087036718197645874 0 0.00060920484119319433 -0.00031226832174529711 0.0014042726174223474 -0.0024037091406040613 0.014847434833204902 0.00012121248730536397 0.0075469608523653841 -0.001956149805882346 0.0026240405771897797 -0.0067383461936095252 -0.0060127257784975468 0.0011027390009352264 0.011501210318304202 0.0012906902230548313 -0.0010930730316421004 0.01226706336916651 0.0044076708554328312 -0.00044185871358063289 0.0070050471402317051 0.012791133320306633 -0.0038305931526947589 -0.0040041434656088847
leaf_weight=1027.8799018934369 884.26373614743352 1274.430701687932 34898.023853585124 1260.5723109617829 2158.6069425567985 1989.6156808771193 370.47876066714525 598.46614000201225 117.5868024379015 4708.600817412138 1436.8075979501009 451.61746316403151 36.616331815719604 81.489939264953136 146.42563323676586 65.522705584764481 18.341701965779066 693.70928932353854 146.54329277575016 1548.2772319093347 73.204124242067337 1129.9992299973965 1439.1765802204609 46.815778285264969 109.79368460178375 1465.6115743517876 177.46723574399948 27.491686932742596 193.35295748710632 276.3140821158886
leaf_count=5802 12024 31283 22019 9038 12191 21248 6720 3256 408 10204 1941 2205 52 966 185 419 280 4719 410 5803 134 5512 5175 192 240 876 67 134 535 3011
internal_value=-2.16058e-05 -0.00571704 0.000729179 -0.00379309 -0.00103447 -0.00478978 -0.0112809 -0.00363737 -0.00297058 0.00109991 0.000119065 -0.00347689 0.00410269 -0.00710254 0.00198057 -0.00467938 -0.0128177 -0.00511771 -0.000486764 -0.000360603 0.00100086 -0.000867796 0.000180402 0.00174249 -0.0020788 0.00127218 0.00134434 0.00242849 0.000549722 -0.00744141
internal_weight=58853.1 6846.99 52006.1 5102.25 9026.64 3841.67 1744.74 2681.1 2327.41 42979.5 6438.38 2173.21 154.203 451.969 1583.23 2082.63 1292.77 1145.33 4855.14 6699.23 1814.83 4884.39 2615.99 1176.82 2268.4 36541.1 35075.5 93.0144 1741.63 1160.58
internal_count=167049 88379 78670 49130 42968 40092 39249 25057 13186 35702 12740 12726 460 7686 2126 21801 31563 6924 10614 29782 6472 23310 10879 5704 12431 22962 22086 553 6338 15035
cat_boundaries=0 1 2 3 4
cat_threshold=2491 94212 2338 402
is_linear=0
shrinkage=0.03


Tree=162
num_leaves=31
num_cat=3
split_feature=0 22 22 3 3 22 13 23 0 14 12 12 3 19 23 22 23 23 0 13 22 23 7 13 23 12 17 18 14 22
split_gain=269.352 80.8121 35.9363 18.9703 15.4594 10.117 9.3299 8.69392 7.88605 6.88408 10.0879 6.27589 6.30833 9.04119 6.68445 6.4422 5.71923 5.68315 5.61861 5.68492 5.41175 6.38379 5.27612 5.24642 5.21202 4.97545 5.94696 7.87649 4.92034 4.68096
threshold=0 0.0078229775924323116 0.24817419475914387 2.5000000000000004 5.5000000000000009 0.0751663497585668 1.0000000180025095e-35 0.043583790628957376 1 1.0000000180025095e-35 0.18281312110578132 -0.99983123799342477 2.5000000000000004 0.31250000000000006 0.84596249521622668 0.28931893773602629 0.21595454545454548 1.0000000180025095e-35 2 1.5000000000000002 0.11701815622099478 0.022018422753716876 1.0000000180025095e-35 1.0000000180025095e-35 0.04637468423567967 -0.93543596745397617 2.5000000000000004 1.5000000000000002 2.5000000000000004 0.02016215161419076
decision_type=1 2 2 2 2 2 2 2 1 2 2 2 2 2 2 2 2 2 1 2 2 2 2 2 2 2 2 2 2 2
left_child=2 -2 4 23 7 6 8 20 17 -9 28 -4 13 14 -13 -15 -14 -5 19 -6 -1 -22 -12 -3 -7 26 -18 -28 -11 -10
right_child=1 3 11 5 18 24 -8 9 29 10 22 12 16 15 -16 -17 25 -19 -20 -21 21 -23 -24 -25 -26 -27 27 -29 -30 -31
leaf_value=-0.0036828705591901659 -0.012745466690657558 -0.0071079498146902256 0.0066022521610424843 -0.0065795331373942169 0.0015207613016183666 0.0084781029527085799 0.0029050120971045291 -0.001240690560736085 -0.010665434495716646 0.0032676042311616063 0.0012132269718954424 -0.0032056997097401818 0.0070973870298846296 0.0050876676745760345 0.0077484154156818481 0.00063002588352381811 -0.00029167677362627263 -0.0023076463420228124 -9.8968551126680173e-05 0.0082252041464564874 0.018783299243344341 -0.00023884639178960848 -0.0053806735432856863 0.0011609445299757628 -0.00025715047430740096 0.0015166424036981631 0.0070152717238078028 -0.00031024748411132588 0.015247982103312093 -0.0052559689040716446
leaf_weight=1581.825726673007 1179.6639756262302 1630.7760090120137 193.36903536319733 329.71519336849451 2086.2352775633335 69.966869689524174 188.23657263442874 6188.6251830011606 181.15379456803203 561.00417111068964 217.41873776167631 773.11960269510746 157.62269166111946 302.66918675601482 52.382447779178619 7806.9686930626631 2732.2068470716476 1945.0736557021737 3059.5541146248579 120.04511568695307 18.859872490167618 76.148490376770496 215.55167926102877 70.544496521353722 451.23447830975056 25329.437011614442 251.31325024366379 273.95796728134155 32.135831296443939 785.27045862749219
leaf_count=11848 30518 21079 129 4252 4794 423 1036 25356 3296 1771 642 1394 273 459 46 7113 1532 17730 8661 141 95 406 740 645 2339 13125 108 88 57 7318
internal_value=0 -0.00559561 0.000735707 -0.00411015 -0.000553365 -0.00296561 -0.00355768 -0.00131646 -0.00393563 -0.00086283 0.00140925 0.00121793 0.00118997 0.000492632 -0.00249481 0.000797741 0.0014065 -0.00291926 0.000734012 0.0018833 -0.00326298 0.00363101 -0.00206051 -0.00676108 0.000917983 0.00137466 0.000268692 0.00318988 0.00395136 -0.00622182
internal_weight=58862.1 6831.64 52030.5 5651.97 14157.4 3950.65 3429.45 8891.57 3241.21 7214.74 1026.11 37873 37679.7 8935.14 825.502 8109.64 28744.5 2274.79 5265.83 2206.28 1676.83 95.0084 432.97 1701.32 521.201 28586.9 3257.48 525.271 593.14 966.424
internal_count=167414 88636 78778 58118 54511 36394 33632 40915 32596 28566 3210 24267 24138 9012 1440 7572 15126 21982 13596 4935 12349 501 1382 21724 2762 14853 1728 196 1828 10614
cat_boundaries=0 1 2 3
cat_threshold=2491 94208 2080
is_linear=0
shrinkage=0.03


Tree=163
num_leaves=31
num_cat=2
split_feature=22 0 22 3 3 23 22 14 12 0 15 14 3 21 11 12 19 13 13 19 21 22 22 3 9 20 12 21 12 14
split_gain=277.094 63.9113 49.3364 15.3877 13.3689 9.94014 8.40078 7.3969 6.85848 6.62481 5.74756 5.98416 14.2123 8.69875 7.0945 12.0575 6.72279 5.69065 5.66431 5.53308 5.49392 5.45061 5.07386 10.4955 14.772 11.5112 8.19848 6.5735 5.94672 5.06392
threshold=0.031024547593865439 0 0.0078229775924323116 2.5000000000000004 4.5000000000000009 0.80493902439024401 0.065041333606613391 1.0000000180025095e-35 0.14888728888808328 1 8.5000000000000018 1.0000000180025095e-35 1.5000000000000002 2.2716490544407919 0.3744682635859638 0.90070004940655357 2.1875000000000004 1.0000000180025095e-35 4.5000000000000009 1.0000000180025095e-35 0.53905882386286519 0.065526283215410111 0.86856135311838201 1.5000000000000002 -0.8783796973249266 0.36607142857142866 0.3484035575467645 1.034470816470844 0.36447543099728863 1.5000000000000002
decision_type=2 1 2 2 2 2 2 2 2 1 2 2 2 2 2 2 2 2 2 2 2 2 2 2 2 2 2 2 2 2
left_child=2 5 -1 8 -4 10 9 17 19 -5 11 12 -2 16 18 -16 -14 -6 22 20 -3 -8 23 24 25 -13 27 -25 -26 -28
right_child=1 3 4 6 7 -7 21 -9 -10 -11 -12 14 13 -15 15 -17 -18 -19 -20 -21 -22 -23 -24 26 28 -27 29 -29 -30 -31
leaf_value=-0.012817563542241839 -0.001827422610432123 -0.0045456506672696189 -0.0072915179684187601 -0.0055505074085720864 -0.0039479603338955531 0.001499532347345808 0.008387075477040512 0.010251182328662267 -0.0055254406372403694 -0.0015266420765312702 0.010170313996553331 0.0051011804510901707 0.00073279007156705977 -0.0045617804919684162 0.0020186784598122437 0.013495795034764307 0.011788754851855992 0.0060402620864826815 0.006747133354942798 -0.00036152927467033956 0.013764519719687613 -0.00037178898128518387 -0.00030569321269149593 -0.00024321483397956079 0.0058552719043105765 0.028941441995724793 0.0050539210520642698 -0.0067662372686273864 -0.00079798057230324061 -0.0020351419100964937
leaf_weight=1162.8956269957125 2523.1433086395264 699.44065772742033 1563.6638417318463 498.23791842162609 1135.1966612301767 22920.680868238211 63.802286423742771 35.140876207500696 1073.5593551844358 1466.824823975563 55.602231740951538 36.94726937264204 11427.336974620819 279.66560727357864 3177.5376202613115 83.840189799666405 48.796969652175903 52.43906369805336 128.31103354692459 675.31242338567972 13.963937588036059 4612.2423291802406 3363.9498863816261 624.81425457447767 292.882678180933 37.525000989437103 355.81049744784832 178.66298496723175 202.61584304273129 119.57590267062187
leaf_count=30456 6354 6280 22633 3668 12964 9545 378 303 9162 9846 24 117 20752 191 3567 98 27 342 80 4698 79 19813 2906 1018 600 48 585 147 437 144
internal_value=4.9779e-05 0.00060147 -0.00762453 -0.00169317 -0.0054513 0.00105728 -0.000942516 -0.00308912 -0.00372102 -0.00258824 0.000615503 0.000591579 0.000214469 0.000653348 0.00121674 0.00231961 0.000781346 -0.00349718 0.000541869 -0.00231881 -0.00416009 -0.000249228 0.000386713 0.00164927 0.00503148 0.0174176 0.000134431 -0.00170775 0.00312646 0.00325766
internal_weight=58910.4 54961.1 3949.34 9103.38 2786.44 45857.7 6641.11 1222.78 2462.28 1965.06 22937 22881.4 14278.9 11755.8 8602.47 3261.38 11476.1 1187.64 5341.1 1388.72 713.405 4676.04 5212.78 1848.83 569.971 74.4723 1278.86 803.477 495.499 475.386
internal_count=167262 100564 66698 53924 36242 46640 33705 13609 20219 13514 37095 37071 27324 20970 9747 3665 20779 13306 6082 11057 6359 20191 6002 3096 1202 165 1894 1165 1037 729
cat_boundaries=0 1 2
cat_threshold=2466 8196
is_linear=0
shrinkage=0.03


Tree=164
num_leaves=31
num_cat=4
split_feature=23 0 0 22 6 22 0 22 3 22 6 11 19 6 6 21 2 11 12 6 12 7 0 21 21 2 1 21 23 19
split_gain=261.576 64.6854 46.1877 13.7775 10.4057 13.8801 8.3695 8.13405 7.39786 8.19922 6.94287 6.59933 6.45762 7.01964 14.8828 11.0079 7.56373 6.55814 7.1379 5.97955 5.95282 5.86001 5.61852 7.23659 5.50213 5.97191 7.66446 5.70955 5.49922 5.37357
threshold=0.03234524847428074 0 1 0.11490805722190557 1220.5000000000002 0.0751663497585668 2 0.017903129084484874 1.5000000000000002 0.040002216312056742 967.50000000000011 0.63920241694561786 0.43750000000000006 775.50000000000011 889.50000000000011 1.5364616121837529 5.5000000000000009 -0.98803845231459242 0.097680735332368748 937.50000000000011 -0.99983123799342477 0.3535533905932739 3 0.33945074168055706 0.47038865778069705 4.5000000000000009 3.5000000000000004 0.30435997051820268 0.17973139044943823 0.31250000000000006
decision_type=2 1 1 2 2 2 1 2 2 2 2 2 2 2 2 2 2 2 2 2 2 2 1 2 2 2 2 2 2 2
left_child=1 7 12 8 5 -4 -6 -1 -3 19 21 -8 13 -2 15 24 17 18 -16 -10 -14 -7 23 -11 25 26 -15 -28 -19 -30
right_child=2 3 4 -5 6 10 11 -9 9 22 -12 -13 20 14 16 -17 -18 28 -20 -21 -22 -23 -24 -25 -26 -27 27 -29 29 -31
leaf_value=-0.012644361871199508 -0.00038562183843889307 -0.0063634687665066331 -0.003858811246723012 0.0044678577997865204 -0.0023968411203920924 0.00042758344757132022 0.0016200226019485806 -0.0070054996621744213 -0.0064019559937845919 0.022958118553764825 -0.0036476129730296496 0.01106443079152902 0.0065053611210497157 0.0038827243600078783 0.0030472102236173025 0.016796074775066443 -0.001976066602802396 -0.0006645918503778973 0.014986797881628454 -0.0022086427329908991 0.0012056961717873225 -0.0025370890040282766 -0.0020613336560696932 0.0015905163199320684 0.0022771754174983399 -0.00063432655524012574 0.0043249649471800728 0.021562578999291399 0.0023311819164527339 -0.00030538470825016589
leaf_weight=1246.5149781964719 5344.3164896517992 1309.1452049389482 2343.5501136779785 157.47309581935406 508.95998543873429 2348.6615074723959 956.70058005303144 294.34718622639775 908.98807982355356 17.462159305810928 691.52754305303097 70.985913850367069 191.44558744132519 85.73445013910532 280.35761819034815 60.80728816986084 933.94598411023617 1758.3588948026299 53.506695345044136 471.13626365363598 33138.193784363568 804.05817879736423 822.56849630922079 66.861016497015953 675.51104240119457 57.254505217075348 25.994247049093246 61.77808241546154 2042.0336424410343 1048.9393114298582
leaf_count=32302 12670 14842 18833 499 2723 9527 4585 4823 11872 106 3189 321 126 314 536 25 1729 6424 100 4918 20185 4683 6167 282 1216 246 170 179 2540 962
internal_value=2.65135e-05 -0.00633351 0.000656341 -0.00416614 -0.00148787 -0.0020387 0.000716496 -0.0115017 -0.0045586 -0.0035205 -0.000926833 0.0022663 0.00101856 0.000434378 0.0010538 0.00451086 0.00050563 0.000954252 0.00501766 -0.00497745 0.00123651 -0.000327178 -0.00129363 0.00564176 0.00366236 0.00766401 0.0104247 0.0166314 0.000672282 0.0014347
internal_weight=58777.1 5294.5 53482.6 3753.63 7724.44 6187.8 1536.65 1540.86 3596.16 2287.02 3844.25 1027.69 45758.2 12428.5 7084.22 967.08 6117.14 5183.2 333.864 1380.12 33329.6 3152.72 906.892 84.3232 906.272 230.761 173.507 87.7723 4849.33 3090.97
internal_count=167094 75811 91283 38686 43861 36232 7629 37125 38187 23345 17399 4906 47422 27111 14441 2150 12291 10562 636 16790 20311 14210 6555 388 2125 909 663 349 9926 3502
cat_boundaries=0 1 2 3 4
cat_threshold=34368 68002 1029 32
is_linear=0
shrinkage=0.03


Tree=165
num_leaves=31
num_cat=3
split_feature=22 22 22 3 21 3 18 6 19 20 0 3 13 0 6 22 6 15 7 22 23 22 6 0 19 21 19 23 6 6
split_gain=281.085 68.6988 31.2112 18.9667 10.7843 8.06965 8.03934 9.70135 7.70627 7.4192 6.60872 6.07047 9.16582 6.78446 11.2244 7.51686 6.6302 5.70868 5.65041 7.9639 7.5149 5.52745 5.39987 4.98772 4.70372 6.11545 7.15679 9.39139 10.803 17.2956
threshold=0.024363793171037675 0.10070289018693793 0.0097673595692717597 1.5000000000000002 0.13363062095621173 5.5000000000000009 1.5000000000000002 883.50000000000011 1.0000000180025095e-35 0.080357142857142863 0 5.5000000000000009 1.0000000180025095e-35 1 385.50000000000006 0.093819716018720689 1360.5000000000002 1.0000000180025095e-35 0.3535533905932739 0.93524945171900331 0.066838487972508603 0.083883430965243713 1180.5000000000002 2 2.0625000000000004 1.438681755915882 0.81250000000000011 0.89626135569531806 907.50000000000011 637.50000000000011
decision_type=2 2 2 2 2 2 2 2 2 2 1 2 2 1 2 2 2 2 2 2 2 2 2 1 2 2 2 2 2 2
left_child=2 3 -1 8 10 -4 11 21 -2 -3 22 12 13 14 -6 16 -16 23 20 -20 -11 -8 -5 -13 25 -22 27 28 29 -27
right_child=1 9 5 4 6 -7 7 -9 -10 18 -12 17 -14 -15 15 -17 -18 -19 19 -21 24 -23 -24 -25 -26 26 -28 -29 -30 -31
leaf_value=-0.012715274121064065 -0.006179661958588714 -0.0018317218821600823 -0.0077195859535674188 -0.00092986521336449923 -0.0085279122286846445 -0.0032936385439346701 0.0051702812748211533 -0.0055260224139509649 -0.0022616262998830573 0.0081354970642003085 -0.0064631365426344759 -0.0023154568674513508 0.0031262612532705551 -0.0026049598729869115 0.0051666096403106543 -0.0020183573539498435 -0.0069858762362785091 -0.0030778506875847873 -0.00023758866381402453 0.001415702618599106 0.0011102874470772606 0.022496132998733067 0.019613311418589546 0.0010825431955143996 -0.00058083344703183581 -0.0015303965204014867 0.0027553479441788289 -0.00074606788274660433 -0.0019453708480535309 0.011622812054699679
leaf_weight=1177.0760212615132 1009.6677599139512 792.74152284115553 1276.644449301064 152.99088561162353 110.60706043243408 533.3795268163085 35.321674361824989 33.241722732782364 831.61740156263113 142.65864073485136 485.75874369591475 448.37261061370373 340.70877355337143 3275.5199893526733 427.0714378580451 303.43637955188751 43.351823203265667 444.94141931086779 5971.7881339043379 4666.9136686325073 26058.651198655367 33.735739827156067 11.427897319197653 2518.2624779939651 1211.6304548978806 141.95461350679398 4757.9270913600922 1378.4233596324921 192.85894441604614 240.2823531627655
leaf_count=31236 10263 3716 19598 1363 1062 6609 146 135 6145 438 5044 2695 1532 21761 2130 1326 312 1529 11244 4014 21969 94 69 9816 404 93 1676 549 123 132
internal_value=5.84009e-05 0.000536346 -0.00890683 -0.00165016 -0.00106137 -0.0064212 -0.000758717 0.00755081 -0.00441552 0.00104075 -0.00477605 -0.000867851 -0.00159126 -0.00197973 0.000354681 0.00164595 0.00402153 8.49321e-05 0.0010918 0.000487167 0.0012801 0.0139202 0.000539061 0.000562191 0.00125091 0.00131883 0.00212737 0.000594177 0.00381269 0.00673109
internal_weight=59049 56061.9 2987.1 10506 8664.75 1810.02 8014.57 102.299 1841.29 45555.8 650.178 7912.27 4500.7 4159.99 884.467 773.86 470.423 3411.58 44763.1 10638.7 34124.4 69.0574 164.419 2966.64 33981.7 32770.1 6711.45 1953.52 575.096 382.237
internal_count=167223 109780 57443 65422 49014 26207 42538 375 16408 44358 6476 42163 28123 26591 4830 3768 2442 14040 40642 15258 25384 240 1432 12511 24946 24542 2573 897 348 225
cat_boundaries=0 1 2 3
cat_threshold=9265 8224 9220
is_linear=0
shrinkage=0.03


Tree=166
num_leaves=31
num_cat=3
split_feature=22 22 0 3 13 20 13 6 0 16 0 3 11 7 6 19 6 6 6 3 21 14 22 20 19 12 6 6 3 9
split_gain=257.065 71.881 32.7754 20.1962 10.8587 9.94145 9.09638 8.83987 8.64595 10.2853 7.88294 6.95294 7.15326 6.90801 6.89058 7.88258 6.67982 6.30203 8.38382 6.16149 9.84236 7.79116 8.5903 12.4701 7.94831 7.17799 8.5035 7.37033 6.99942 6.14217
threshold=0.025119845311482949 0.10070289018693793 0 1.5000000000000002 1.0000000180025095e-35 1.0000000180025095e-35 1.5000000000000002 949.50000000000011 1 1.0000000180025095e-35 2 1.0000000180025095e-35 0.99552231814189451 -0.85355339059327373 1155.5000000000002 1.0000000180025095e-35 1300.5000000000002 1230.5000000000002 307.50000000000006 2.5000000000000004 1.8876736180578704 2.5000000000000004 0.94234376052844826 1.3125000000000002 0.81250000000000011 -0.031174269516803289 601.50000000000011 631.50000000000011 1.0000000180025095e-35 0.6078576107927941
decision_type=2 2 1 2 2 2 2 2 1 2 1 2 2 2 2 2 2 2 2 2 2 2 2 2 2 2 2 2 2 2
left_child=2 3 7 6 10 -4 11 -1 9 -3 -5 12 -2 16 -11 -16 -9 18 -12 20 25 22 23 24 -22 26 -10 28 -28 -29
right_child=1 8 5 4 -6 -7 -8 13 19 14 17 -13 -14 -15 15 -17 -18 -19 -20 -21 21 -23 -24 -25 -26 -27 27 29 -30 -31
leaf_value=-0.0067035382481226754 -0.0036723382476192435 -0.0015426185463425165 -0.012957411446538033 -0.00053246740615888735 0.0021394115299403068 -0.00705226910845521 0.010596308622044533 0.0012104000338846932 -0.00055944825722797887 0.0019389639687071619 -0.0002602600081646029 -0.0069305043167954524 0.01007887533966325 -0.0032050335604821519 0.025266254604985328 0.0038802370926994205 0.022541518995822279 -0.00028495660375357231 -0.0039766809110951713 0.0012820647125269533 0.0080966036437260039 -0.0021156783587630416 -5.5338368815657503e-05 0.01215192254059339 -0.0029638576814158351 -0.00068493772473762901 0.014840730584570585 0.00070472216934583886 0.0024829149947512277 0.0038043683089323131
leaf_weight=1055.9777295254171 922.89251643791795 2040.2593680843711 1200.4015851952136 3868.534796461463 809.52540609240532 338.17134807258844 33.47486175596714 47.975637227296829 1983.9823900312185 215.13117751479149 717.77314848452806 837.56553449109197 34.189072348177433 359.99109293520451 26.858349598944187 37.816991820931435 17.667595311999321 936.60830985754728 2335.8905989974737 32800.065293163061 110.28465843200684 171.97122448682785 206.57659006118774 233.34451061487198 121.41780769824982 4597.7925633117557 74.959229499101639 1999.2778446376324 94.4460479170084 811.15679936110973
leaf_count=15165 7792 8693 31283 16933 2902 6450 143 527 2420 754 4308 8068 254 4597 96 126 141 5467 19225 21610 93 110 149 132 93 6134 68 2530 136 1012
internal_value=8.34325e-06 0.000468131 -0.00851566 -0.00176953 -0.00116399 -0.0115935 -0.00463531 -0.00519653 0.000984211 -0.000796768 -0.00150526 -0.00492851 -0.00316484 -0.00155851 0.00457812 0.0131023 0.0072937 -0.00243905 -0.00310546 0.00107994 0.000443175 0.00354785 0.00500792 0.00726522 0.00228704 0.000168288 0.000959785 0.00197315 0.00804127 0.00160252
internal_weight=59042 56021.8 3020.18 10496.5 8668.33 1538.57 1828.12 1481.61 45525.3 2320.07 7858.81 1794.65 957.082 425.634 279.807 64.6753 65.6432 3990.27 3053.66 43205.3 10405.2 843.595 671.624 465.047 231.702 9561.61 4963.82 2979.84 169.405 2810.43
internal_count=167411 109248 58163 65092 48835 37733 16257 20430 44156 9669 45933 16114 8046 5265 976 222 668 29000 23533 34487 12877 577 467 318 186 12300 6166 3746 204 3542
cat_boundaries=0 1 2 3
cat_threshold=90144 13 2089
is_linear=0
shrinkage=0.03


Tree=167
num_leaves=31
num_cat=5
split_feature=20 0 0 3 13 6 21 20 3 0 6 3 12 3 12 23 23 6 13 21 16 6 0 0 9 6 14 12 13 6
split_gain=241.484 55.3986 46.5402 17.8692 12.9145 10.3742 9.84647 9.41499 8.56028 8.88454 7.88849 6.23939 7.31279 6.60426 6.14267 7.91378 5.20709 4.92055 4.75136 4.69685 4.57714 4.30064 6.88887 6.4288 4.49807 5.44296 4.65652 6.51264 4.36842 4.10095
threshold=0.026785714285714288 0 1 2.5000000000000004 1.0000000180025095e-35 1180.5000000000002 0.35941729821748025 1.0000000180025095e-35 1.5000000000000002 2 577.50000000000011 1.5000000000000002 0.79773375822167203 1.0000000180025095e-35 0.56191161272202661 0.058292880258899685 0.12468905472636817 361.50000000000006 1.0000000180025095e-35 2.8389108382124317 6.5000000000000009 1220.5000000000002 3 4 1.0000000180025095e-35 175.50000000000003 1.0000000180025095e-35 -0.44505783185115427 1.0000000180025095e-35 1230.5000000000002
decision_type=2 1 1 2 2 2 2 2 2 1 2 2 2 2 2 2 2 2 2 2 2 2 1 1 2 2 2 2 2 2
left_child=2 4 7 -3 6 8 10 -1 -4 -10 16 12 13 -8 21 -16 -2 -18 -9 -13 -6 23 28 24 25 -5 -27 -28 -23 -24
right_child=1 3 5 14 20 -7 11 18 9 -11 -12 19 -14 -15 15 -17 17 -19 -20 -21 -22 22 29 -25 -26 26 27 -29 -30 -31
leaf_value=-0.012713636002951778 -0.006016027133464265 -0.0038931371057962278 -0.0089884803715647235 0.0048573280867979969 0.0013150596125236919 0.0017459784222064591 0.0015914015147432642 -0.0069331713639040182 -0.0014373004192927957 -0.0059343776880411373 0.00024875106632240993 0.00080245331191456434 -0.003768804841962653 -0.0016340799954161005 -0.0054521889690007574 -0.0010720525463484682 0.0035876929297372268 -0.003808492089345921 0.019030263597334035 -0.0030270062337882488 0.0048484115322804788 -0.0027788847490634611 0.012273034878314635 -0.0031450197284638693 -0.0015389434235240408 -0.00040862022177001051 0.013253131200198701 -0.0011763652290972641 0.0073598322825696588 0.0024723684697758215
leaf_weight=1203.6655591838062 470.8665170148015 2438.101075347513 449.30666841939092 260.65158559381962 23249.956820763648 205.01975696533918 1156.6774303540587 250.23054986819625 650.19629142060876 1119.1649179384112 779.97552642971277 17854.329664587975 580.4574935361743 1126.9768637493253 531.63106454536319 1243.8656021654606 124.44581803679466 225.43001085519791 5.4518599063158026 291.39561188220978 335.21530568599701 389.3807803504169 40.180460155010223 822.85154920816422 1184.0702151209116 1224.134407684207 54.732116788625717 55.182979606091976 41.183630272746086 700.72414326295257
leaf_count=31544 3386 21016 6493 1138 14433 1827 1784 4879 5666 13866 3491 18824 1148 2537 4251 5582 466 863 86 148 78 1985 199 6265 5603 5886 200 226 158 3387
internal_value=-5.37542e-05 0.00045504 -0.00728411 -0.00169863 0.000874341 -0.00466221 0.000361847 -0.0115175 -0.0052786 -0.00432859 -0.0019047 0.000534901 -0.000765162 0 -0.000882801 -0.00238929 -0.0039563 -0.00115795 -0.0062842 0.000740463 0.00136574 -0.000320777 0.00125545 -0.000835333 -0.000136538 0.000900448 0.000119785 0.0060094 -0.00174008 0.00298752
internal_weight=59065.5 55182.4 3883.04 8986.69 46195.7 2423.69 22610.6 1459.35 2218.67 1769.36 1600.72 21009.8 2864.11 2283.65 6548.59 1775.5 820.742 349.876 255.682 18145.7 23585.2 4773.09 1171.47 3601.62 2778.77 1594.7 1334.05 109.915 430.564 740.905
internal_count=167415 103054 64361 55896 47158 27852 32647 36509 26025 19532 8206 24441 5469 4321 34880 9833 4715 1329 4965 18972 14511 25047 5729 19318 13053 7450 6312 426 2143 3586
cat_boundaries=0 1 2 3 4 5
cat_threshold=2466 34368 65721 66565 69645
is_linear=0
shrinkage=0.03


Tree=168
num_leaves=31
num_cat=3
split_feature=22 22 22 3 13 0 6 3 0 6 7 3 14 20 20 19 11 3 6 22 0 22 22 20 7 11 9 6 21 20
split_gain=243.374 69.7236 30.4173 24.5368 11.9354 9.03875 12.6694 9.01957 7.75046 7.5406 7.40062 7.16964 7.11412 6.73867 6.55889 7.44939 6.3613 6.32613 5.79522 8.04234 6.97293 5.65759 5.5029 5.45251 5.35922 7.61809 8.4649 7.80809 6.10625 5.3405
threshold=0.023372770750673795 0.10070289018693793 0.0078229775924323116 1.5000000000000002 1.0000000180025095e-35 0 1130.5000000000002 5.5000000000000009 1 1250.5000000000002 0.3535533905932739 1.0000000180025095e-35 1.0000000180025095e-35 0.25892857142857145 0.16964285714285718 0.18750000000000003 -0.33425342068356556 2.5000000000000004 1220.5000000000002 0.015642654662986453 2 0.018525792183061857 0.099266848025040141 1.9910714285714288 -0.85355339059327373 0.21022171450811275 1.0000000180025095e-35 1205.5000000000002 0.22720778292870306 0.080357142857142863
decision_type=2 2 2 2 2 1 2 2 1 2 2 2 2 2 2 2 2 2 2 2 1 2 2 2 2 2 2 2 2 2
left_child=2 3 -1 11 8 6 10 -4 -5 12 29 13 17 -2 15 -7 -14 -10 20 -20 21 -9 24 -16 -6 -26 27 28 -27 -3
right_child=1 5 7 4 22 14 -8 18 9 -11 -12 -13 16 -15 23 -17 -18 -19 19 -21 -22 -23 -24 -25 25 26 -28 -29 -30 -31
leaf_value=-0.012592119110742485 -0.0036137499329163387 -0.0031602010519159538 -0.0075749213858437199 -0.00035204567162520244 -0.0016618989460114527 0.0083132422172112735 0.0018074888456609966 0.022398724600300429 -0.0062941113488056118 0.00059520391394457018 -0.0026179069515306097 -0.0069661707742680714 0.0095157857232672279 0.011336563124666162 0.0010839030374616618 -0.0019733852182614638 -0.0013601463836229782 -0.0025956432551990723 -0.010797736803251695 0.01177630012383124 -0.007446670971684095 -0.00086719957758694163 -0.0075332069286466836 -0.0042382865126356327 0.001080197219022557 0.023193004823878049 0.0017792107107344518 0.028592523067070073 0.006411506535552643 0.00025000873919672013
leaf_weight=1101.1309878490865 965.9516194164753 465.96177580952644 1177.6596391014755 3240.8531144335866 172.84078504145145 224.27863051742315 2384.4404726028442 8.8910003304481489 479.14443600177765 700.54675137251616 1486.0858984664083 852.68377819657326 75.552294567227364 26.784331828355789 37188.269150123 86.50250256061554 129.07637353241444 3327.0098844431341 18.731966651976109 48.820220932364464 225.19642679020762 188.65284287184477 46.648122861981392 172.64201235771179 313.11779449880123 23.649085156619549 118.26155827194452 22.658211283385754 112.04566808789968 3584.3212952911854
leaf_count=30661 8372 1922 18704 15535 541 756 4479 104 4668 3990 5530 8403 400 62 23830 290 657 22369 359 448 3304 2073 134 59 1245 123 444 85 373 7344
internal_value=-3.59399e-05 0.000391834 -0.00871692 -0.00179865 -0.00113525 0.000901598 -1.95071e-05 -0.00614902 -0.00148898 -0.00226399 -0.000807673 -0.00494267 -0.00277056 -0.00319335 0.00109514 0.00543368 0.002653 -0.00306434 -0.0027034 0.00536288 -0.00401614 0.000244931 0.00233094 0.00105904 0.00295129 0.00431401 0.00793589 0.0124562 0.00952838 -0.000141518
internal_weight=58968.4 56199.3 2769.08 10606.8 8761.4 45592.5 7920.81 1667.95 7952.18 4711.33 5536.37 1845.42 4010.78 992.736 37671.7 310.781 204.629 3806.15 490.292 67.5522 422.74 197.544 809.221 37360.9 762.573 589.732 276.615 158.353 135.695 4050.28
internal_count=167264 111611 55653 67401 50564 44210 19275 24992 47619 32084 14796 16837 28094 8434 24935 1046 1057 27037 6288 807 5481 2177 2945 23889 2811 2270 1025 581 496 9266
cat_boundaries=0 1 2 3
cat_threshold=137 8233 73760
is_linear=0
shrinkage=0.03


Tree=169
num_leaves=31
num_cat=4
split_feature=21 0 22 3 22 3 0 7 3 19 23 12 13 16 12 6 6 0 3 0 6 6 16 21 22 21 22 12 21 22
split_gain=234.856 51.6168 48.6057 15.3571 12.4505 10.2405 11.3439 7.63455 8.84587 8.01506 7.18234 7.06186 6.47627 6.16912 7.84751 5.82349 7.44763 7.75187 6.03653 5.4134 5.38939 13.9811 8.65916 10.4166 9.74576 9.09194 11.5926 8.15719 6.14831 17.5595
threshold=0.16044347806795992 0 0.0097673595692717597 2.5000000000000004 0.032477342204167071 1.5000000000000002 1 0.3535533905932739 1.5000000000000002 1.0000000180025095e-35 0.40389352027283071 0.063390085881955341 9.5000000000000018 1.5000000000000002 0.2499757677084001 355.50000000000006 1150.5000000000002 2 5.5000000000000009 3 493.50000000000006 391.50000000000006 1.0000000180025095e-35 2.6753740757250477 0.32382978617948238 1.572439166518165 0.8636611719603795 0.98174098242282837 1.4978339182032825 0.95417551034446801
decision_type=2 1 2 2 2 2 1 2 2 2 2 2 2 2 2 2 2 1 2 1 2 2 2 2 2 2 2 2 2 2
left_child=2 4 -1 19 -2 -4 -7 12 9 -9 -11 -10 20 15 -15 18 17 -17 -5 -3 21 -6 23 27 -24 26 -26 -22 -28 -30
right_child=1 3 5 13 7 6 -8 8 11 10 -12 -13 -14 14 -16 16 -18 -19 -20 -21 22 -23 24 -25 25 -27 28 -29 29 -31
leaf_value=-0.012603873123529209 -0.007099307741998016 -0.0023604016644173174 -0.0087194303323143204 -0.0011811062244412697 0.0010590882670467488 -0.00097848013853082689 -0.0056387693385090256 -0.0077147271297254103 0.0014694486986263553 -0.00019732154146196007 -0.0047751436159434229 -0.00027688202671525121 -0.0057383699880747896 0.012372734697743427 -0.0065782645876689989 -0.0018140243920767658 7.6718047537747742e-07 -0.0063680948612739362 0.002446935604484808 -0.0053119506033310121 0.0020470085480994737 -0.001887771357840227 -0.0013084669821899267 0.0072257963889649241 0.0075924514505536682 -0.00023352689456334464 0.0012033191834350373 -0.0014278206786236254 0.010432029777671711 0.00076147975813764882
leaf_weight=1080.6207218281925 174.79550683498383 1364.1022295132279 560.80401549488306 860.07521132752299 8572.787108823657 714.61361011490226 1488.1023093275726 164.79777615517378 4596.596481308341 2055.4904087036848 362.63826157152653 3802.5788083747029 122.47136270999908 65.332162640988827 26.754463315010071 2583.8548232913017 1811.8813282959163 385.25855048373342 789.9655352756381 1042.6496610604227 10098.336909115314 1741.6031838655472 1625.3704252168536 332.9862939119339 286.18961840867996 3081.4330481290817 7732.0500286817551 644.21650366485119 255.17855739593506 501.51472437381744
leaf_count=30317 1512 10691 8498 5249 6315 6050 19671 946 5992 4341 438 5405 34 222 113 12482 9113 4200 3463 10191 11983 1765 2525 130 146 1054 3378 815 92 147
internal_value=-3.87504e-05 0.000461547 -0.0072071 -0.00162482 0.000865565 -0.00509083 -0.00416074 0.000896319 0.000205542 -0.00132871 -0.000888012 0.000678175 0.00111292 -0.00086948 0.00679081 -0.000981141 -0.00151174 -0.00243645 0.000552634 -0.0036751 0.00113732 0.000560789 0.00137919 0.00200112 0.000867705 0.00116662 0.00165896 0.00183796 0.00145734 0.00404005
internal_weight=58925 55080.9 3844.14 8929.87 46151 2763.52 2202.72 45976.2 10982.1 2582.93 2418.13 8399.18 34994.1 6523.12 92.0866 6431.04 4780.99 2969.11 1650.04 2406.75 34871.7 10314.4 24557.3 11075.5 13481.7 11856.4 8774.93 10742.6 8488.74 756.693
internal_count=167278 102742 64536 55724 47018 34219 25721 45506 17122 5725 4779 11397 28384 34842 335 34507 25795 16682 8712 20882 28350 8080 20270 12928 7342 4817 3763 12798 3617 239
cat_boundaries=0 1 2 3 4
cat_threshold=2466 65721 65565 12376
is_linear=0
shrinkage=0.03


Tree=170
num_leaves=31
num_cat=3
split_feature=23 0 0 21 3 22 3 19 6 22 13 0 3 6 12 4 22 9 21 9 6 11 23 11 6 12 13 19 6 21
split_gain=228.762 62.3143 41.736 12.1924 7.90288 7.81647 7.61096 7.46101 7.17156 11.0819 11.818 10.1281 7.14741 6.48267 7.53242 7.022 13.3674 30.4013 41.2947 10.2786 8.60442 11.5851 7.75606 7.52734 6.37463 6.19341 5.62777 7.98555 5.94043 9.70365
threshold=0.033538300026245742 0 1 0.36816581414060384 1.5000000000000002 0.017903129084484874 1.5000000000000002 0.18750000000000003 1220.5000000000002 0.062277466920423276 1.0000000180025095e-35 2 2.5000000000000004 601.50000000000011 0.98486764554468398 3.5000000000000004 0.88301361223524477 -0.8783796973249266 0.97084111343332469 0.6078576107927941 841.50000000000011 0.69056404122701587 0.74607286783452598 -0.91597725483594616 271.50000000000006 -0.90892157495189674 1.0000000180025095e-35 0.31250000000000006 1095.5000000000002 1.1204995067724572
decision_type=2 1 1 2 2 2 2 2 2 2 2 1 2 2 2 2 2 2 2 2 2 2 2 2 2 2 2 2 2 2
left_child=1 5 6 4 -3 -1 7 -2 9 10 -4 -10 -11 14 -9 16 17 18 -15 -18 -21 22 25 -19 -14 -22 -8 28 29 -28
right_child=2 3 8 -5 -6 -7 26 13 11 12 -12 -13 24 15 -16 -17 19 23 -20 20 21 -23 -24 -25 -26 -27 27 -29 -30 -31
leaf_value=-0.012523937222895565 -0.0027920681363027815 -0.0068667462849021236 -0.005824677995510499 -0.00022438848158939025 -0.0036823686592441216 -0.006860050105350653 0.00063863315586038742 -0.0014046113129398382 -0.0031907059877244199 -0.0036538331690861999 0.010825813836345528 0.0019801404266080484 0.0012235216931529393 0.005387691994481322 0.0084327493712760583 -0.00084613997876221384 -0.00086347164052822788 0.0094053304614242095 0.040970675326548731 -0.0033154340772164311 0.0060234199142555588 0.012802710153929349 0.009395877777960528 0.0010106161440021002 -0.0015705846310356414 -0.0037485461201787222 0.0037791399061542861 0.0012040748949912825 0.00078098899852837417 0.012862880230005789
leaf_weight=1170.5836063288152 803.667699880898 1084.929625350982 867.62127260491252 636.27859423309565 2044.5201068408787 281.53748283907771 19645.313099421561 2057.178685426712 498.09267365187407 1086.7975498139858 38.998547710478306 1020.4126700647175 957.92438846826553 80.778507299721241 71.390708476305008 1309.2518223524094 1432.7161266505718 116.63611754775047 45.876325815916061 122.5436105132103 89.765233635902405 140.11406379938126 105.56777721643448 540.79045833647251 3120.556029714644 162.32365679740906 653.2321816906333 18135.600135803223 405.21730323135853 126.84010714292526
leaf_count=32561 3050 13694 9561 3294 22497 4792 26759 2325 2566 7557 239 4904 3965 193 81 1579 1250 181 37 104 83 119 70 1088 14300 158 1092 8446 559 57
internal_value=-9.09179e-05 -0.00608702 0.000492398 -0.00400986 -0.0047901 -0.0113573 0.000832226 -7.17376e-05 -0.00156714 -0.00203041 -0.0050907 0.000271126 -0.00149122 0.000276104 -0.00106805 0.000967675 0.00180682 0.00513718 0.0185434 0.000530108 0.00375467 0.00551041 0.00260915 0.00252108 -0.000912715 -0.000235131 0.000996805 0.00136063 0.00374789 0.00527842
internal_weight=58853.1 5217.85 53635.2 3765.73 3129.45 1452.12 46044.8 7078.6 7590.4 6071.9 906.62 1518.51 5165.28 6274.93 2128.57 4146.36 2837.11 784.081 126.655 2053.03 620.314 497.771 357.657 657.427 4078.48 252.089 38966.2 19320.9 1185.29 780.072
internal_count=167161 76838 90323 39485 36191 37353 47231 10318 43092 35622 9800 7470 25822 7268 2406 4862 3283 1499 230 1784 534 430 311 1269 18265 241 36913 10154 1708 1149
cat_boundaries=0 1 2 3
cat_threshold=34368 68002 5
is_linear=0
shrinkage=0.03


Tree=171
num_leaves=31
num_cat=3
split_feature=22 23 22 13 3 0 6 12 3 22 22 3 0 20 20 3 6 18 11 11 9 0 22 6 20 6 12 19 23 23
split_gain=230.502 63.3156 33.7342 17.7186 15.043 10.1541 13.0605 10.5689 10.0541 9.50006 9.26706 7.44005 9.46622 7.53492 7.25476 7.1773 9.18573 6.29185 8.49045 6.2275 5.8723 7.04215 6.91282 6.29366 6.36095 8.06724 6.68313 5.71332 5.21969 5.24111
threshold=0.0239265175543532 0.11325401989032439 0.0078229775924323116 1.0000000180025095e-35 1.5000000000000002 0 1200.5000000000002 -0.99761278905001471 5.5000000000000009 0.098892747284012414 0.10070289018693793 5.5000000000000009 1 1.0000000180025095e-35 1.9732142857142858 1.0000000180025095e-35 301.50000000000006 1.0000000180025095e-35 -0.69057362043749781 -0.98523971305672675 -0.8783796973249266 2 0.15892207415772966 1245.5000000000002 0.25892857142857145 295.50000000000006 -0.45273527932988084 0.18750000000000003 0.092349498327759211 0.068874293012224058
decision_type=2 2 2 2 2 1 2 2 2 2 2 2 1 2 2 2 2 2 2 2 2 1 2 2 2 2 2 2 2 2
left_child=2 3 -1 4 9 14 -7 -8 -4 -2 11 12 -6 -13 -3 16 -11 -9 -19 -15 23 22 -22 24 25 -5 -27 -17 29 -14
right_child=1 5 8 20 10 6 7 17 -10 15 -12 13 28 19 -16 27 -18 18 -20 -21 21 -23 -24 -25 -26 26 -28 -29 -30 -31
leaf_value=-0.012664088310224872 -0.0057397868764649763 0.0010993093075411934 -0.0073315272079600589 -0.0034107678915487297 -0.0046601012597812987 -0.00077111044077121985 0.013588046702157441 0.0027200300360360023 -0.0023145149566968152 0.021042952301773235 0.0009815733166397291 -0.0070038556914499258 -0.0018259612318969798 0.0079497071519510926 -0.0042404541029074155 -0.0064122699895568193 0.00087631064497043355 -0.0059528981928570358 0.001662686445631858 -0.00019398991976720997 0.0046010642494625255 -0.0017476964800243397 -0.010870017120853188 -0.0053921131276256787 -0.00011584927177221497 0.031153252270590362 0.011183987692271035 0.00016217292419868186 -0.0047210389539851134 0.0016651056356578083
leaf_weight=1056.053426656872 1478.7155049592257 37703.810834899545 1226.9749383255839 16.489441260695457 1429.7749821022153 6241.9630836322904 67.767979368567467 1349.8600580692291 515.63949510082603 21.784805424511433 1119.8986155390739 138.46527955308557 1611.7253712378442 88.678018040955067 228.97779905796051 270.16312998533249 197.35954057425261 202.57368147373199 370.90858742594719 1451.0894411727786 425.64025025069714 421.6944934502244 26.534798637032509 26.447166711091995 34.915842592716217 26.554293282330036 40.749730788171291 208.75788470357656 401.97640950232744 506.70197176933289
leaf_count=30508 14457 25112 19732 84 11723 16880 100 2436 6603 108 4418 1373 12115 435 82 1636 945 286 486 7945 1846 1682 77 120 67 125 205 817 1969 2672
internal_value=-2.74836e-05 0.000391586 -0.00842861 -0.00177947 -0.00220769 0.00085939 -9.54258e-05 0.00201862 -0.00585261 -0.00437726 -0.00150643 -0.00200262 -0.00271363 -0.000324893 0.00106653 -0.00147836 0.00299478 0.00160101 -0.00102264 0.000275981 0.00196368 0.00102355 0.00357898 0.0075366 0.0104881 0.0149266 0.0194913 -0.00353965 -0.00158089 -0.000987718
internal_weight=58908.6 56110 2798.67 9944.12 8925.09 46165.9 8233.07 1991.11 1742.61 2176.78 6748.31 5628.41 3950.18 1678.23 37932.8 698.065 219.144 1923.34 573.482 1539.77 1019.03 873.87 452.175 145.156 118.709 83.7935 67.304 478.921 2520.4 2118.43
internal_count=167044 110201 56843 64819 60613 45382 20188 3308 26335 17963 42650 38232 28479 9753 25194 3506 1053 3208 772 8380 4206 3605 1923 601 481 414 330 2453 16756 14787
cat_boundaries=0 1 2 3
cat_threshold=2338 7172 71700
is_linear=0
shrinkage=0.03


Tree=172
num_leaves=31
num_cat=0
split_feature=20 22 22 3 3 13 13 3 3 19 7 11 3 3 15 11 22 12 12 20 22 12 10 9 20 3 12 22 11 17
split_gain=225.166 46.6664 42.2483 20.8683 10.0754 8.98326 7.92513 6.73726 6.67955 12.7275 6.63716 6.5946 6.21461 5.72949 5.11726 5.82049 5.64846 5.00101 5.99104 15.3148 4.9993 5.34396 8.68387 4.93361 5.41411 4.71633 4.66681 4.60434 4.52001 6.00235
threshold=0.026785714285714288 0.011230463732072973 0.10070289018693793 1.5000000000000002 4.5000000000000009 1.5000000000000002 1.0000000180025095e-35 5.5000000000000009 2.5000000000000004 0.31250000000000006 -0.85355339059327373 -0.2102246306142678 1.0000000180025095e-35 2.5000000000000004 1.0000000180025095e-35 -0.93545489084327571 0.016018906395304955 0.93158198870884079 0.87291090774974645 0.99107142857142871 0.023372770750673795 -0.42179730054635828 -0.56174490092936669 1.0000000180025095e-35 0.080357142857142863 1.0000000180025095e-35 0.7074720817434873 0.9927430448035357 0.63920241694561786 1.0000000180025095e-35
decision_type=2 2 2 2 2 2 2 2 2 2 2 2 2 2 2 2 2 2 2 2 2 2 2 2 2 2 2 2 2 2
left_child=1 -1 3 5 -3 25 7 20 9 12 -8 -12 26 -13 16 -16 -9 18 -11 -20 -5 22 -22 24 -15 -2 -4 -19 -24 -30
right_child=2 4 8 6 -6 -7 10 14 -10 17 11 13 -14 23 15 -17 -18 27 19 -21 21 -23 28 -25 -26 -27 -28 -29 29 -31
leaf_value=-0.012325859941286684 -0.003227395187812199 -0.0066484847840791606 0.0013816553623937525 -0.0057521274832296491 -0.0029180545772508576 0.010706534296787203 -0.0028672809140119922 -0.010230332308678421 0.0010346145777503125 0.00074191437858300076 4.7761426206334872e-05 0.020180218005662491 -0.0031886751039931767 0.016160919117281222 0.0065616564471019049 -0.0043930512151793243 0.00072268694359441002 -0.0030398850580849496 0.00049961824409447755 0.013706287922253519 -0.0037345536973044414 -0.0024250354145922536 0.00033231786751630683 0.00082244081459886462 0.0049199074960280314 -0.0065164886133350633 -0.0036291951630221947 0.0016718434455599805 0.0034920298129251692 0.020315214822383937
leaf_weight=1103.6773353479803 854.24913048371673 1463.5155358053744 646.38366671651602 273.5521119646728 1192.7803877666593 33.326446898281574 187.76517346873879 42.044310852885246 34507.090869382024 7622.5876801460981 278.61243915557861 24.055680099874735 1297.2362406328321 55.309827577322721 48.344654031097889 360.83489898592234 2525.1380279064178 570.01397424191236 252.87104959785938 114.68015879392624 425.48886843770742 2393.9361209273338 830.84503665193915 140.78737758100033 135.69242472946644 749.60788090154529 224.48948279768229 274.74304819107056 193.6154196113348 20.551768705248833
leaf_count=31392 7197 20694 1773 3920 12458 148 591 619 27264 7771 1122 129 4812 274 195 1345 11182 725 304 88 2631 15076 5011 527 414 7380 611 229 1189 105
internal_value=-3.65944e-05 -0.00713869 0.0004482 -0.00136292 -0.00497736 -0.00444641 -0.00072561 -0.0010485 0.000829351 0.000185031 0.00205884 0.00352837 -0.00187337 0.00622896 3.81119e-05 -0.00307128 0.000537053 0.000691001 0.000923577 0.00466254 -0.00183135 -0.00155084 -0.00012292 0.00514182 0.00827351 -0.00477149 8.04197e-05 -0.00150022 0.00134403 0.0052212
internal_weight=58843.8 3759.97 55083.9 9573.76 2656.3 1637.18 7936.57 7114.35 45510.1 11003 822.223 634.458 2168.11 355.845 2976.36 409.18 2567.18 8834.9 7990.14 367.551 4137.99 3864.44 1470.5 331.79 191.002 1603.86 870.873 844.757 1045.01 214.167
internal_count=167176 64544 102632 59055 33152 14725 44330 41273 43577 16313 3057 2466 7196 1344 13341 1540 11801 9117 8163 392 27932 24012 8936 1215 688 14577 2384 954 6305 1294
is_linear=0
shrinkage=0.03


Tree=173
num_leaves=31
num_cat=1
split_feature=20 0 22 3 23 20 13 20 22 11 20 7 9 16 21 3 15 21 20 21 23 10 12 12 17 19 14 22 12 14
split_gain=211.982 50.2953 44.3502 17.8225 9.65475 9.36587 5.61622 5.2172 7.84309 16.056 23.538 14.8713 8.67748 9.38004 6.73875 6.53211 8.26136 6.60141 9.13484 7.71636 8.55358 15.7449 5.42128 8.36724 5.30778 6.65837 5.22091 5.89243 10.4472 7.08677
threshold=0.026785714285714288 0 0.0078229775924323116 2.5000000000000004 0.0857864357864358 0.098214285714285726 1.0000000180025095e-35 1.3125000000000002 0.94234376052844826 0.78325454425165997 1.7589285714285716 -0.85355339059327373 -1.0000000180025095e-35 1.0000000180025095e-35 1.5490885464282935 2.5000000000000004 6.5000000000000009 1.7259478856257846 0.90178571428571441 1.438681755915882 0.84596249521622668 1.0000000180025095e-35 -0.11692317777808843 -0.6905596507703472 1.0000000180025095e-35 1.1875000000000002 1.0000000180025095e-35 0.28931893773602629 0.42763731121559989 1.5000000000000002
decision_type=2 1 2 2 2 2 2 2 2 2 2 2 2 2 2 2 2 2 2 2 2 2 2 2 2 2 2 2 2 2
left_child=2 5 -1 -3 -4 -2 -5 15 9 10 -9 -11 -13 -14 -10 26 17 19 -19 -17 21 -21 23 -22 -16 -26 -7 28 29 -28
right_child=1 3 4 6 -6 7 -8 8 14 11 -12 12 13 -15 24 16 -18 18 -20 20 22 -23 -24 -25 25 -27 27 -29 -30 -31
leaf_value=-0.0123917272048314 -0.0016809025717801985 -0.0038771598070759133 -0.0058569516605019968 -0.0011535044979131936 -0.0012631660052169729 -0.00068603037907133467 0.0016768039216229866 0.011813537240593782 0.0023916227092422916 0.0072508242387542545 -0.0001720654426693708 -0.0040262458506034153 0.006688203036365835 -0.0013512881390004743 -0.0023284380725505623 0.00087355341811155872 0.0066548482387092048 0.0048095207641495937 -0.0020637582733082443 0.0025869778626913397 0.00052797715165561298 0.013615234533957382 0.00011260592568259901 0.0064318817259206174 0.0036139836855333812 -0.00041760990400781966 0.0030076801696927082 0.00031765580175054391 -0.0023402402427657801 0.010701115857276454
leaf_weight=1001.0215919241309 1323.9112966358662 2388.2870685495436 2211.3400095663965 5804.4846100360155 511.00647577270865 4433.4910896345973 705.44630661979318 385.68938779830933 1752.0556355118752 287.91036677360535 236.7439843416214 378.98146748542786 217.61158120632172 321.66426628828049 666.58029586076736 25375.072665467858 227.6935977935791 201.9167982339859 1209.1557239294052 390.71168780326843 450.7766820192337 166.60537707805634 968.93587589263916 418.55612468719482 531.04088175296783 1193.817559659481 309.46206421405077 4355.0934169739485 203.73299945890903 168.10631386935711
leaf_count=29803 7203 21016 30943 32200 3572 8115 2695 146 704 55 85 164 107 127 341 21675 71 105 560 249 166 107 371 141 193 403 776 4214 589 309
internal_value=-6.30012e-05 0.000405319 -0.00698994 -0.00165848 -0.00499764 0.000803365 -0.000845667 0.000877044 0.00170336 0.00334079 0.0072522 0.00131303 -0.000548043 0.00188812 0.000978659 0.000749921 0.000970586 0.000925802 -0.00107327 0.00102763 0.00265612 0.00591301 0.00166277 0.00338154 -5.45886e-05 0.000821515 6.39661e-05 0.000725377 0.00331858 0.00574504
internal_weight=58796.9 55073.5 3723.37 8898.22 2722.35 46175.3 6509.93 44851.4 5972.1 1828.6 622.433 1206.17 918.257 539.276 4143.49 38879.3 29409.4 29181.7 1411.07 27770.7 2395.59 557.317 1838.27 869.333 2391.44 1724.86 9469.89 5036.39 681.301 477.568
internal_count=167205 102887 64318 55911 34515 46976 34895 39773 2325 684 231 453 398 234 1641 37448 23445 23374 665 22709 1034 356 678 307 937 596 14003 5888 1674 1085
cat_boundaries=0 1
cat_threshold=2466
is_linear=0
shrinkage=0.03


Tree=174
num_leaves=31
num_cat=4
split_feature=22 23 22 21 3 14 21 0 21 3 6 14 0 11 3 22 3 22 16 6 6 17 0 12 12 0 21 22 6 3
split_gain=218.583 52.7992 31.225 13.7585 12.6543 9.56312 9.42555 6.16135 5.98989 6.73663 5.70031 5.17167 7.61285 9.23413 6.76859 5.70326 5.16369 6.35538 5.1487 9.48184 6.5441 4.99377 4.87376 4.23849 4.77802 4.19913 4.40096 4.33599 8.2207 7.36161
threshold=0.023372770750673795 0.13010914355718903 0.0078229775924323116 0.13363062095621173 1.5000000000000002 1.0000000180025095e-35 3.633515372553564 0 0.20723205905420547 1.0000000180025095e-35 1180.5000000000002 1.0000000180025095e-35 1 0.98522604642031408 4.5000000000000009 0.24817419475914387 5.5000000000000009 0.015756368460855642 1.0000000180025095e-35 1170.5000000000002 319.50000000000006 1.0000000180025095e-35 2 0.73136292505298039 0.71952396275653763 3 0.63232716678948131 0.03525333568479596 1180.5000000000002 5.5000000000000009
decision_type=2 2 2 2 2 2 2 1 2 2 2 2 1 2 2 2 2 2 2 2 2 2 1 2 2 1 2 2 2 2
left_child=2 3 -1 10 5 8 7 18 -5 -10 -2 15 13 14 -13 21 -4 -18 20 -20 -3 23 -11 24 25 27 -27 28 -6 -29
right_child=1 6 16 4 11 -7 -8 -9 9 22 -12 12 -14 -15 -16 -17 17 -19 19 -21 -22 -23 -24 -25 -26 26 -28 29 -30 -31
leaf_value=-0.01252709084115042 -0.0059384792331570934 0.0011968564702327564 -0.0069112857920760086 -0.0074904476197664473 -0.0061372241982395499 0.00064579323067512665 -0.0044817897346306167 0.00098167023796982052 -0.0011688621285465114 -0.0021403094328209271 0.0054185984442894457 -0.0006475472607765186 -0.0017056365743060647 0.01990152932282277 0.007876846364501873 0.0059160141971746532 -0.00838576638859111 -0.0008540424318587604 0.00052672995696298247 0.017652632994348553 -0.0031147646028015729 -0.0034982311690678466 -0.0068380055104597364 -0.0020901672223435849 0.010985453548545236 -0.0012499161581450071 0.0039287715612676393 0.00037990983086224467 0.0029534164301870621 0.0053365493293255212
leaf_weight=1020.2738777697086 721.27256172522902 487.92098649591208 1139.8196535781026 346.0850347019732 203.43254488706589 524.55570913851261 291.91139578819275 43142.093768373132 819.97358280420303 380.92406665533781 40.784356012940407 175.20319092273712 277.04544172435999 32.877254195511341 157.4628654718399 111.85412248969078 145.02699988335371 333.73791891336441 170.7354719042778 34.296183779835701 891.90342472493649 598.23686859756708 512.58646062016487 1403.727655839175 32.956540174782276 2941.6984369680285 154.04336008429527 1220.98890491575 157.47299522906542 346.37866339832544
leaf_count=30579 8432 1986 18777 4243 1996 2560 128 34894 5379 2265 344 730 1230 105 584 249 2188 4068 550 94 3256 2722 4049 8555 196 17803 333 6383 1035 1370
internal_value=2.44837e-05 0.00042102 -0.00841202 -0.00142593 -0.00113972 -0.00295968 0.000879009 0.00091423 -0.00388075 -0.00314423 -0.00531649 -0.000536738 0.00203701 0.00480236 0.00338089 -0.000768465 -0.00580825 -0.00316077 -0.000917681 0.00349232 -0.00158602 -0.000876058 -0.00494698 -0.000631822 -0.000225492 -0.000302399 -0.000985919 0.000792791 -0.00215695 0.00148183
internal_weight=58817.3 56178.4 2638.86 11159.6 10397.5 2584.12 45018.9 44726.9 2059.57 1713.48 762.057 7813.38 642.589 365.543 332.666 7170.79 1618.58 478.765 1584.86 205.032 1379.82 7058.94 893.511 6460.7 5056.97 5024.01 3095.74 1928.27 360.906 1567.37
internal_count=167083 111471 55612 70563 61787 18496 40908 40780 15936 11693 8776 43291 2649 1419 1314 40642 25033 6256 5886 644 5242 40393 6314 37671 29116 28920 18136 10784 3031 7753
cat_boundaries=0 1 2 3 4
cat_threshold=4124 75811 8624 12328
is_linear=0
shrinkage=0.03


Tree=175
num_leaves=31
num_cat=2
split_feature=20 0 0 3 22 6 3 19 20 13 12 16 22 11 12 23 6 11 21 9 22 6 3 6 22 22 21 2 22 6
split_gain=223.291 46.6856 45.248 13.8312 11.276 10.6617 9.56011 7.69289 7.27179 6.61058 6.37384 6.05299 8.3879 5.90115 7.93605 5.67873 5.59451 5.37121 5.74603 5.20651 8.20435 8.91881 5.71959 5.38685 5.66194 6.58458 5.01654 4.90332 4.86502 4.81401
threshold=0.026785714285714288 0 1 2.5000000000000004 0.032477342204167071 1180.5000000000002 4.5000000000000009 0.43750000000000006 1.4375000000000002 1.0000000180025095e-35 0.56191161272202661 1.5000000000000002 0.10891078770778613 -0.98803845231459242 0.11478523713130606 0.06459637297384048 1295.5000000000002 -0.70291267844185523 0.52192202233915885 1.0000000180025095e-35 0.053249200119890101 493.50000000000006 2.5000000000000004 769.50000000000011 0.092346311213887325 0.095268931707681276 0.33945074168055706 4.5000000000000009 0.020651719691103458 181.50000000000003
decision_type=2 1 1 2 2 2 2 2 2 2 2 2 2 2 2 2 2 2 2 2 2 2 2 2 2 2 2 2 2 2
left_child=1 9 4 -4 -2 6 -3 8 13 28 11 16 -13 14 27 -12 29 -18 -19 22 21 -21 -15 -22 -25 -26 -17 -6 -1 -5
right_child=2 5 3 10 7 -7 -8 -9 -10 -11 15 12 -14 19 -16 26 17 18 -20 20 23 -23 -24 24 25 -27 -28 -29 -30 -31
leaf_value=-0.012554644071937212 -0.0068021905863579774 -0.0069821172425403588 -0.0034732667587209095 0.0016551369677752115 0.0033139155381166673 0.0020238286607511019 -0.0029364097219552257 0.0010999460275903511 0.012158501955981752 0.018256694156474563 -0.0048075175786482386 -0.00011676256866174784 0.019788896542152809 -0.0019691151168209787 0.012715008833586339 0.00017818371553462203 0.00058090658310075329 0.0086904462592986877 -0.0080879234705171967 -0.0049639667973391923 -0.00049241068177253305 0.01914584839808664 6.3546707162528711e-06 0.0079664416554328602 -0.0041727549523046942 0.001679447153734471 -0.0040267397702074686 -0.0033191021322768396 -0.0071454726588865121 -0.0012331206620034749
leaf_weight=1160.3302100747824 172.04926459491253 1176.5587118938565 2358.9621501155198 612.12655663490295 444.26309479773045 201.63689992576838 966.37338137626648 33887.965356819332 44.790019512176514 5.6023975126445285 565.9845403470099 45.066364105790854 31.257477417588234 1778.0924879387021 66.682859443128109 807.51057916134596 505.43892736360431 153.26898144185543 19.690909758210182 19.224059164524078 2091.3698011115193 42.441525958478451 5078.1287922039628 117.47872073948383 185.56728280335665 2312.3789614439011 370.71968661248684 127.76478956639767 183.58225053176284 3350.8316718973219
leaf_count=33548 1522 16399 20947 3023 813 1847 9700 20489 15 95 4526 191 73 5208 132 3782 2479 750 60 114 4665 166 8664 369 703 3895 1456 268 3115 18356
internal_value=-1.49283e-05 -0.0071546 0.000462978 -0.00150515 0.000837683 -0.0045222 -0.00516269 0.000866594 0.000223583 -0.0115974 -0.000787646 -0.00021318 0.00810825 0.000178516 0.0029838 -0.00233699 -0.00035303 0.00216002 0.00671028 2.36217e-05 0.000785326 0.0115747 -0.000505301 0.000640267 0.00154812 0.0012408 -0.00114206 0.00181873 -0.0118261 -0.000785176
internal_weight=58883.1 3694.08 55189.1 8820.86 46368.2 2344.57 2142.93 46196.1 12308.2 1349.51 6461.9 4717.68 76.3238 12263.4 638.711 1744.21 4641.36 678.399 172.96 11624.7 4768.46 61.6656 6856.22 4706.79 2615.42 2497.95 1178.23 572.028 1343.91 3962.96
internal_count=167370 64704 102666 55643 47023 27946 26099 45501 25012 36758 34696 24932 264 24997 1213 9764 24668 3289 810 23784 9912 280 13872 9632 4967 4598 5238 1081 36663 21379
cat_boundaries=0 1 2
cat_threshold=34368 2466
is_linear=0
shrinkage=0.03


Tree=176
num_leaves=31
num_cat=3
split_feature=20 22 22 23 23 13 0 1 15 8 13 18 21 11 20 23 23 12 0 3 21 6 0 12 2 11 15 12 22 1
split_gain=194.856 45.6055 39.1517 13.6637 10.8701 7.71681 7.20135 6.73409 6.9145 6.26038 5.68807 6.35218 6.11541 5.78877 14.8462 7.61265 8.28293 5.85066 5.37011 5.33107 8.19413 6.04136 5.98516 8.58986 6.55762 9.73878 9.99174 8.08633 10.4239 6.7036
threshold=0.026785714285714288 0.0078229775924323116 0.12166413815136976 0.03234524847428074 0.020236145236145243 1.0000000180025095e-35 0 8.5000000000000018 1.0000000180025095e-35 0.35355339059327379 3.5000000000000004 5.5000000000000009 2.0765776293919509 -0.55657520495441892 1.0625000000000002 0.87029968900197918 0.78796113306982873 -0.45273527932988084 1 2.5000000000000004 1.8876736180578704 1430.5000000000002 2 0.99024581825578073 1.0000000180025095e-35 -0.2102246306142678 2.5000000000000004 -0.16799793862756093 1.0901868623180102 9.5000000000000018
decision_type=2 2 2 2 2 2 1 2 2 2 2 2 2 2 2 2 2 2 1 2 2 2 1 2 2 2 2 2 2 2
left_child=1 -1 3 9 -3 -5 -6 8 -7 -2 11 12 19 17 -15 16 -16 -14 -11 20 21 -4 -21 24 25 26 -24 28 -27 -26
right_child=2 4 10 5 6 7 -8 -9 -10 18 -12 -13 13 14 15 -17 -18 -19 -20 22 -22 -23 23 -25 29 27 -28 -29 -30 -31
leaf_value=-0.012398905092057372 -0.001847527643700442 -0.0071682084803761526 0.00010525989910106181 -0.0010042482221950717 -0.0053203124112923576 0.0042848835288430975 -0.0012668584032182451 -0.0018001711755909243 -0.004006147226181569 -0.0025768515025580002 0.0021334341678325946 0.0036541665669245957 0.00061921524138978316 0.0075458373455008585 -0.00042751763274542483 -0.0030374708895636489 0.0076211466197991249 -0.0067811127139466576 -0.0069950390148116265 0.0013334109921335692 0.0075646519377769658 -0.0046888887830761226 -0.0010971864361431947 -0.0034451857759088401 -6.4532651937210635e-05 0.0089644650034673007 0.0089487435444872247 0.001453239763278432 -0.0010240896306837229 0.0015992789498461494
leaf_weight=967.88083186373115 1386.8048975132406 1053.5384644940495 8893.9215037226677 7884.154117193073 771.04867934435606 681.3373753502965 851.0153434984386 351.04710753634572 102.83387999981642 536.03620489686728 2539.5974194705486 631.76580387353897 148.44456321001053 198.5641593337059 607.9061741232872 868.37781381607056 140.6110508441925 264.00483691692352 545.76835928857327 14825.936520338058 128.94702768325806 242.01867897808552 833.10048627853394 485.44044305384159 8923.7395283579826 420.54418569803238 98.75959700345993 507.77621513605118 119.4383339881897 2880.0913591980934
leaf_count=29901 12697 17311 12456 38670 9020 2292 8235 1258 249 5215 929 206 85 120 387 294 66 163 5896 7984 99 294 820 496 8473 433 51 495 50 2697
internal_value=-9.77727e-05 -0.00681661 0.000345335 -0.00121307 -0.00479113 -0.000670774 -0.00324004 0.00163878 0.00318626 -0.00319089 0.000754615 0.000669468 0.000622773 -0.000903761 -0.000170613 -0.00112602 0.00108459 -0.00410809 -0.00490416 0.000711611 8.41576e-05 -2.15837e-05 0.000911199 0.000470758 0.00060969 0.00220765 -1.7624e-05 0.00419062 0.0067462 0.000341024
internal_weight=58890.5 3643.48 55247 11488 2675.6 9019.37 1622.06 1135.22 784.171 2468.61 43759 41219.4 40587.6 2227.91 1815.46 1616.9 748.517 412.449 1081.8 38359.7 9264.89 9135.94 29094.8 14268.9 13783.4 1979.62 931.86 1047.76 539.983 11803.8
internal_count=167342 64467 102875 66277 34566 42469 17255 3799 2541 23808 36598 35669 35463 1115 867 747 453 248 11111 34348 12849 12750 21499 13515 13019 1849 871 978 483 11170
cat_boundaries=0 1 2 3
cat_threshold=7300 26736 2050
is_linear=0
shrinkage=0.03


Tree=177
num_leaves=31
num_cat=5
split_feature=0 22 22 3 20 3 6 22 0 3 14 22 0 6 22 6 6 9 23 23 14 17 11 0 23 6 18 0 11 6
split_gain=198.114 61.9697 22.8834 22.7068 9.23342 8.34005 8.72414 10.0082 9.38203 7.25428 10.1392 11.918 9.72552 7.66949 7.6288 7.45204 26.1403 15.9289 9.07452 9.2127 8.59769 7.58726 11.8329 7.1332 6.22071 6.14376 7.82435 7.06158 8.26841 5.71287
threshold=0 0.10070289018693793 0.0078229775924323116 1.5000000000000002 0.098214285714285726 5.5000000000000009 1175.5000000000002 0.030550644371627033 1 2.5000000000000004 1.0000000180025095e-35 0.89210411648079824 2 1420.5000000000002 0.90180379829830981 739.50000000000011 775.50000000000011 0.6078576107927941 0.29595918367346946 0.77363455809334669 1.5000000000000002 1.5000000000000002 0.77244481603295057 3 0.17027121814355858 109.50000000000001 1.0000000180025095e-35 4 0.99983759474438971 865.50000000000011
decision_type=1 2 2 2 2 2 2 2 1 2 2 2 1 2 2 2 2 2 2 2 2 2 2 1 2 2 2 1 2 2
left_child=2 3 -1 4 -2 6 8 -8 -5 10 11 -3 13 15 -13 -12 -17 18 20 -20 -18 22 -19 -7 -9 26 -11 -27 -29 -25
right_child=1 9 -4 5 -6 23 7 24 -10 25 12 14 -14 -15 -16 16 17 21 19 -21 -22 -23 -24 29 -26 27 -28 28 -30 -31
leaf_value=-0.012397445923710617 -0.0062267824644977659 -0.0022996894780769324 -0.0061180900251697739 -0.0057088092752075551 -0.001783648526112683 -0.0028373910030723552 0.012223803676846187 -0.00050501319318534718 -0.00183172822073512 0.0048897207212040463 0.00072393628641253844 0.0081398556330321715 -0.00024013806262073668 -0.0067854464597325165 0.00026068207294266339 0.02060460473993873 0.0015254956503356369 0.0057232053685712225 -0.002841862044746033 0.0045263182887186415 0.012052650933740409 -0.00065935557653718695 0.01692786127682009 0.0015409873795076926 0.016704651693486349 0.001384513312595374 0.0012665946382869006 0.00054215862193425686 -0.0090720661708264833 -0.0010518647647967253
leaf_weight=979.31485065631568 1229.6737918965518 2529.6578354761004 1139.262295704335 676.78378620743752 647.99767880886793 662.28026155382395 61.271854884922504 980.12575989216566 3400.1778671257198 813.60906401276588 1347.7119539231062 115.28464299440384 3056.3795165345073 82.935909897089005 2315.1590560674667 77.837379708886147 205.95891217887402 306.40361353754997 575.56538027524948 206.41984117031097 106.19387874007225 88.962020367383957 118.99519658088684 2014.3179313726723 18.267562195658684 15505.321660935879 1593.8188777714968 16748.587145023048 79.833941251039505 1229.0500879883766
leaf_count=30478 14278 7764 18717 7855 4176 4880 459 5871 22584 835 1457 108 3157 111 2089 71 480 371 545 124 180 72 120 8728 70 8907 734 17132 81 4868
internal_value=-2.1434e-06 0.000334533 -0.00898565 -0.00169624 -0.00469838 -0.00107172 -0.00186608 0.000553969 -0.00249654 0.000818166 0.000151111 -0.000858157 0.000963006 0.00213829 0.000640081 0.0023934 0.00372285 0.0028899 0.000834611 -0.000885931 0.00515303 0.00724013 0.00890386 -2.52457e-05 -0.000167725 0.00103175 0.00249507 0.000922542 0.000495362 0.000554864
internal_weight=58913.2 56794.6 2118.58 10919.9 1877.67 9042.28 5136.63 1059.67 4076.96 45874.6 11133.5 4960.1 6173.36 3116.98 2430.44 3034.05 1686.34 1608.5 1094.14 781.985 312.153 514.361 425.399 3905.65 998.393 34741.2 2407.43 32333.7 16828.4 3243.37
internal_count=167302 118107 49195 73769 18454 55315 36839 6400 30439 44338 16649 9961 6688 3531 2197 3420 1963 1892 1329 669 660 563 491 18476 5941 27689 1569 26120 17213 13596
cat_boundaries=0 1 2 3 4 5
cat_threshold=50752 12288 2432 8196 2082
is_linear=0
shrinkage=0.03


Tree=178
num_leaves=31
num_cat=6
split_feature=0 20 22 3 3 0 6 0 0 6 17 0 22 23 21 0 21 23 22 2 11 6 3 6 19 6 2 15 20 16
split_gain=194.461 57.8104 22.3803 17.994 11.6995 12.8362 8.81768 11.4473 10.0845 7.59175 5.46619 5.28879 5.17291 5.92238 5.48829 5.09185 4.58857 4.38611 4.28891 4.26297 6.69916 4.51911 6.58194 6.95174 4.884 4.18764 5.02406 4.18102 8.29861 8.9347
threshold=0 0.098214285714285726 0.0078229775924323116 1.5000000000000002 5.5000000000000009 1 1165.5000000000002 2 3 373.50000000000006 6.5000000000000009 4 0.046050569121432676 0.060054644808743174 0.9803259463254832 5 0.50420311306137255 0.023575729504400188 0.06986821333074654 4.5000000000000009 0.99761913169647187 1021.5000000000001 3.5000000000000004 757.50000000000011 0.31250000000000006 409.50000000000006 1.5000000000000002 1.0000000180025095e-35 0.77678571428571441 1.5000000000000002
decision_type=1 2 2 2 2 1 2 1 1 2 2 1 2 2 2 1 2 2 2 2 2 2 2 2 2 2 2 2 2 2
left_child=2 3 -1 11 5 18 7 9 -8 -5 12 -2 13 16 -14 -6 -7 -4 -3 20 -20 22 -21 -24 -25 26 -19 -16 29 -29
right_child=1 4 17 6 15 10 8 -9 -10 -11 -12 -13 14 -15 27 -17 -18 25 19 21 -22 -23 23 24 -26 -27 -28 28 -30 -31
leaf_value=-0.012373098194211665 0.00025347565046819826 -0.0072499628240374541 -0.0073362627797177874 -0.00093715250741594294 -0.0016878381457659426 0.0010530948017498703 -0.0029863011997717415 -0.00091676648547919912 0.0027003343741591516 -0.0050869033676130878 -0.0057010537448034119 -0.0057000281272134587 -0.00010611001629786376 0.024187665357097807 0.00035708159186632335 0.001314655418551114 0.014184608618255821 0.01146777974861342 -0.0022310854348645752 -0.00057477911428918389 0.0087335175178803945 -0.0022187768769056891 0.0016259976276345252 0.017560340021742116 0.0030449111541623218 -0.0050855342704428557 -0.0035756197324876746 0.0028987240289460176 0.00099891581374713951 0.011949748007731102
leaf_weight=969.85978785157204 155.84491795301437 111.57099898159504 803.2136288434267 576.41137466952205 512.84703482687473 108.64425473660231 403.72304537147284 3694.0741337649524 858.86963371559978 1303.7953050024807 125.23246768116951 1276.2882062494755 8364.7048504725099 13.811161249876021 8249.5317516773939 19659.839687421918 30.252744600176811 33.473198510706425 2181.9988575354218 327.2112525627017 50.157108925282955 346.10727606713772 135.70770697295666 58.427677258849144 34.608116060495377 248.78509447351098 45.891043961048126 694.02701416611671 7478.5763280391693 114.42675536870956
leaf_count=30551 1090 808 13914 4580 1766 740 2263 22682 4959 12642 69 14618 15808 58 6319 12141 143 421 8730 1555 198 1163 549 176 62 3728 652 563 4664 84
internal_value=-4.1411e-05 0.000290432 -0.00897968 -0.00202805 0.000685145 0.000292723 -0.00138592 -0.00189895 0.000874056 -0.00379889 0.00052184 -0.00508626 0.00055362 0.00604406 0.000519467 0.00123776 0.00403707 -0.00613632 -0.00147947 -0.00127462 -0.00197822 0.000460076 0.00213955 0.00603403 0.0123144 -0.00316763 0.00275827 0.000836253 0.00131243 0.00420038
internal_weight=58967.9 56866.7 2101.22 8269.01 48597.7 28425 6836.87 5574.28 1262.59 1880.21 25179.2 1432.13 25054 152.708 24901.3 20172.7 138.897 1131.36 3245.79 3134.22 2232.16 902.062 555.955 228.744 93.0358 328.149 79.3642 16536.6 8287.03 808.454
internal_count=167696 118430 49266 62834 55596 41689 47126 39904 7222 17222 28448 15708 28379 941 27438 13907 883 18715 13241 12433 8928 3505 2342 787 238 4801 1073 11630 5311 647
cat_boundaries=0 1 2 3 4 5 6
cat_threshold=50752 67597 12420 2053 8 8209
is_linear=0
shrinkage=0.03


Tree=179
num_leaves=31
num_cat=4
split_feature=22 22 22 3 13 3 20 0 0 21 6 0 6 22 6 0 6 22 23 6 3 21 8 23 22 1 1 3 12 16
split_gain=192.266 38.0647 32.8119 15.3166 9.06114 7.98896 6.90884 6.60022 6.44619 8.07998 6.24401 6.21937 6.68053 6.03627 6.99295 8.54255 6.75789 6.34307 6.34008 5.75366 5.283 5.43822 5.24581 5.16126 5.0053 4.55149 4.44284 4.41991 5.40607 8.41307
threshold=0.025119845311482949 0.096567564335821754 0.0078229775924323116 1.5000000000000002 1.0000000180025095e-35 4.5000000000000009 0.098214285714285726 0 1 0.13363062095621173 193.50000000000003 2 1085.5000000000002 0.091528636359034118 493.50000000000006 3 409.50000000000006 0.046050569121432676 0.040100502512562822 589.50000000000011 5.5000000000000009 0.61342825098054854 -0.35355339059327379 0.061826711456040781 0.030190278939582354 5.5000000000000009 1.5000000000000002 4.5000000000000009 0.93158198870884079 1.5000000000000002
decision_type=2 2 2 2 2 2 2 1 1 2 2 1 2 2 2 1 2 2 2 2 2 2 2 2 2 2 2 2 2 2
left_child=2 3 -1 6 8 -4 -2 10 13 -10 -3 19 -13 14 22 17 -15 -16 -18 -7 -11 26 -5 -12 -6 -26 -22 28 -9 -30
right_child=1 7 5 4 24 11 -8 27 9 20 23 12 -14 16 15 -17 18 -19 -20 -21 21 -23 -24 -25 25 -27 -28 -29 29 -31
leaf_value=-0.012283856364100518 -0.0055907254640437309 0.0037140822696010052 -0.007165565791749145 -0.0037925194895828637 0.01413944260641551 -0.0007757721489943508 -0.0013675639106115664 0.00061174578664999744 -0.0057728390148041745 -0.002621121446962344 -0.0042838187855328931 -0.0031507951515495967 0.0045724501895415132 0.008166369916367185 0.016947549589552729 1.8629313496824795e-06 0.01132329903901531 0.0038568530129333991 -0.0035052478509785354 -0.012000877878015386 -0.0069931689835064058 0.016026743644871971 0.00043226227334184708 -0.000556225017646767 0.0046572780244100711 -0.0003266485215615347 0.00022947185017182243 0.0010518281940811232 -0.001775859447539249 0.0042881656921723559
leaf_weight=959.66672684065998 1019.8517676927149 267.0525309368968 991.09831371903419 470.93866331130266 30.301356919109821 64.211121298372746 537.13009144365788 17642.530730605125 474.72939401492476 1694.19026100263 388.20280967652798 463.03397507965565 127.34598686546087 50.114341713488102 35.077677309513092 976.14387068152428 25.654259584844112 527.35020846873522 830.34118627011776 120.13778771832585 81.346334867179394 17.719825640320778 596.4562469124794 2420.7340831309557 287.87469211965799 379.2711928486824 1094.3172241449356 24324.003197684884 1722.1683520078659 232.44948352873325
leaf_count=30574 11529 915 17168 3293 169 1017 3463 20004 5326 12908 2742 5807 1290 222 121 5776 167 1909 3317 2260 462 29 3273 9748 970 1405 5685 13501 2222 186
internal_value=-3.49495e-05 0.000342872 -0.00781487 -0.00142949 -0.000870974 -0.00537716 -0.00413948 0.000687289 -0.00120218 -0.00213859 -0.000653949 -0.00307526 -0.00144538 -0.00029672 0.000434013 0.00172973 -0.00240635 0.00463039 -0.00304114 -0.00773154 -0.00154464 -1.04652e-05 -0.00142792 -0.00107487 0.00238205 0.0018187 -0.000270695 0.000781342 0.000445671 -0.00104981
internal_weight=58851.4 56125.9 2725.49 9128.81 7571.83 1765.83 1556.98 46997.1 6874.38 3362.3 3075.99 774.729 590.38 3512.08 2605.97 1538.57 906.11 562.428 855.995 184.349 2887.57 1193.38 1067.39 2808.94 697.447 667.146 1175.66 43921.2 19597.1 1954.62
internal_count=167458 109342 58116 60024 45032 27542 14992 49318 42488 24410 13405 10374 7097 18078 14372 7806 3706 2030 3484 3277 19084 6176 6566 12490 2544 2375 6147 35913 22412 2408
cat_boundaries=0 1 2 3 4
cat_threshold=9 8249 33792 33
is_linear=0
shrinkage=0.03


Tree=180
num_leaves=31
num_cat=2
split_feature=0 22 22 3 13 22 3 19 23 3 21 14 22 22 7 1 19 9 21 21 12 12 21 20 23 19 0 12 21 3
split_gain=185.772 56.5496 22.9167 19.7926 9.78575 7.46494 7.22932 8.19053 7.6 7.43279 6.78013 15.3 9.30525 15.5453 6.68614 7.39733 7.43851 7.89753 6.52277 6.37356 6.22404 6.16623 8.32437 5.79303 6.50185 5.77624 5.59178 7.24422 5.31559 5.1125
threshold=0 0.10070289018693793 0.0078229775924323116 1.5000000000000002 1.0000000180025095e-35 0.065041333606613391 2.5000000000000004 0.31250000000000006 0.09336996336996338 1.0000000180025095e-35 1.8876736180578704 2.5000000000000004 0.94234376052844826 0.92534429559441145 -0.85355339059327373 5.5000000000000009 0.18750000000000003 1.0000000180025095e-35 0.20723205905420547 2.3334793926020674 -0.97111920233974802 -0.99628250747696534 1.0088890637018249 0.22321428571428573 0.06459637297384048 1.0000000180025095e-35 1 0.99855310097228334 0.34914175446352724 1.5000000000000002
decision_type=1 2 2 2 2 2 2 2 2 2 2 2 2 2 2 2 2 2 2 2 2 2 2 2 2 2 1 2 2 2
left_child=2 3 -1 25 5 18 7 9 23 -3 21 12 13 19 -6 16 17 -16 -5 -12 29 22 -9 -8 -25 -2 -10 28 -28 -11
right_child=1 6 -4 4 14 -7 8 10 26 20 11 -13 -14 -15 15 -17 -18 -19 -20 -21 -22 -23 -24 24 -26 -27 27 -29 -30 -31
leaf_value=-0.012314861801003271 -0.0059632829761557347 0.0005489178623217444 -0.0059483430649920404 -0.0037588498977737836 -0.0028658453712094366 -0.00060710172614133302 0.0075446452168831096 0.011824453926846987 0.0013188897523985588 -0.0032086248521484007 0.0089192034370910549 -0.0048819627790168615 -0.00041227948053150043 0.016329419441275583 0.018727013896787596 0.00070583442736385515 0.0026512056478331125 0.002969864858598961 -0.0011367450930187596 0.00040268948329103465 -0.0035934058401908154 8.4025291564973482e-05 0.00045567529948813823 0.0070728580575082425 -0.0032824517779675988 -0.0025689994134567035 -0.0015429265625426121 -0.004374828261301803 0.00074899185721525674 0.010341400171595166
leaf_weight=947.96821222268045 1035.5582413449883 894.92582203447819 1117.6340225227177 1711.1281445361674 190.23606156557798 4744.8871132060885 276.10725219547749 94.75990991294384 16365.450552791357 44.418816290795803 136.67184275388718 168.82489067316055 184.76773303747177 128.98047715425491 75.102008834481239 364.8753821477294 148.2354358881712 48.189942710101604 1722.800464220345 189.77451878786087 1203.0616582408547 7807.179322950542 150.03641998767853 92.257108137011528 129.94132593274117 818.30881046876311 959.78252539038658 263.27527159452438 16998.842218503356 54.029906332492828
leaf_count=30628 11965 2496 18709 18514 587 22502 1168 123 8602 187 98 113 126 83 319 1451 469 199 11280 116 4562 8359 128 172 329 6500 3653 278 13504 190
internal_value=-2.08771e-05 0.000300056 -0.00883483 -0.00164741 -0.00106516 -0.00138003 0.000758594 8.90961e-05 0.00096941 -0.00154978 0.000496141 0.00311299 0.00523502 0.00753517 0.00204087 0.00351921 0.00726131 0.0126899 -0.0024458 0.00400293 -0.00299677 0.000232115 0.00491111 0.00464738 0.00100263 -0.00447045 0.000916115 0.000552966 0.000626089 0.00419668
internal_weight=59068 57002.4 2065.6 10859.3 9005.45 8178.82 46143.1 11057.4 35085.7 2196.44 8861 809.019 640.195 455.427 826.639 636.403 271.527 123.292 3433.93 326.446 1301.51 8051.98 244.796 498.306 222.198 1853.87 34587.4 18221.9 17958.6 98.4487
internal_count=167410 118073 49337 73786 55321 52296 44287 16581 27706 7435 9146 536 423 297 3025 2438 987 518 29794 214 4939 8610 251 1669 501 18465 26037 17435 17157 377
cat_boundaries=0 1 2
cat_threshold=50752 2082
is_linear=0
shrinkage=0.03


Tree=181
num_leaves=31
num_cat=2
split_feature=22 22 22 3 13 14 3 22 6 23 6 22 3 12 11 12 13 6 21 3 6 0 0 18 21 18 3 7 23 11
split_gain=178.567 45.9054 28.8111 17.9465 8.12277 7.95047 7.05771 6.87699 8.10423 6.17674 6.31598 7.89254 7.43079 5.9089 7.80636 5.84089 5.46641 5.06965 8.81668 10.8907 5.92047 9.22246 8.71446 7.35632 7.09947 8.88015 5.42979 5.41671 6.39188 5.38982
threshold=0.023372770750673795 0.10070289018693793 0.0078229775924323116 1.5000000000000002 1.0000000180025095e-35 1.0000000180025095e-35 5.5000000000000009 0.015756368460855642 1220.5000000000002 0.068874293012224058 1170.5000000000002 0.057231309977589219 5.5000000000000009 0.14888728888808328 -0.47558551945199218 -0.99983123799342477 3.5000000000000004 151.50000000000003 1.205506844960557 2.5000000000000004 1210.5000000000002 0 1 1.0000000180025095e-35 0.50420311306137255 1.0000000180025095e-35 1.5000000000000002 0.3535533905932739 0.40389352027283071 -0.44504625642270151
decision_type=2 2 2 2 2 2 2 2 2 2 2 2 2 2 2 2 2 2 2 2 2 1 1 2 2 2 2 2 2 2
left_child=2 3 -1 4 -2 9 -4 -8 -9 10 11 -5 -13 14 -7 -3 17 18 19 -17 22 -22 24 27 25 29 -23 28 -24 -19
right_child=1 15 6 5 -6 13 7 8 -10 -11 -12 12 -14 -15 -16 16 -18 20 -20 -21 21 26 23 -25 -26 -27 -28 -29 -30 -31
leaf_value=-0.012027990438565646 -0.0049344441712034981 0.0054735528870304808 -0.0066673765695146733 -0.0047878486940807997 0.0015954300181717466 -0.0015631227362165223 -0.0078134551728979533 -0.0017884555148053273 0.011562041867614318 -0.00041424309302562351 0.00011929510779466114 -0.0023629076923932296 0.0032490901591637022 -0.0012255435871891243 0.007923328283098342 -0.00084435465090635753 0.0020895440127640173 0.018151098271430039 0.00040702150145461826 0.00444122361446634 0.0019729463400575404 -0.0025693929078909029 0.00079477873193794005 -0.003204268710639455 0.00050659887204319604 -0.0039780071709758788 0.00054342815217742983 -0.0019303998741885557 -0.0046906097509021279 0.0057493489158158073
leaf_weight=936.73579130880535 1566.8728622980416 233.5918854624033 1091.4299078248441 1084.1841548867524 190.52971850335598 113.05788162350655 137.46459136158228 277.50093070790172 46.956035442650318 4567.7670890539885 868.61605812609196 1290.691088616848 252.4295721873641 233.12038640677929 242.58814194053411 461.59182940423489 2494.9463205635548 37.394829645752907 2383.1814750432968 1434.4004594832659 5539.3893113434315 599.32428558915854 2828.9733235687017 929.5248701274395 24067.105368167162 75.092641815543175 3150.9291237592697 1238.3537598475814 203.85039000213146 211.56924096494913
leaf_count=30575 15698 232 18723 11529 1196 503 2157 3627 423 20867 5643 8868 1204 1017 1006 898 916 93 1159 1453 3948 1216 7137 1992 15499 161 3785 4881 322 552
internal_value=-7.97814e-06 0.000339701 -0.00786814 -0.00145862 -0.00422259 -0.00089611 -0.00534959 -0.00221529 0.000154807 -0.00114242 -0.00209175 -0.0028248 -0.00143948 0.00246338 0.00489489 0.000747799 0.000723369 0.00064421 0.00162488 0.00315149 0.000536088 0.00119701 0.000328371 -0.000785112 0.000566147 0.0049725 4.3703e-05 -0.000258444 0.000422678 0.00770128
internal_weight=58789.2 56299.1 2490.09 10409.9 1757.4 8652.45 1553.35 461.922 324.457 8063.69 3495.92 2627.3 1543.12 588.766 355.646 45889.2 45655.6 43160.7 4279.17 1895.99 38881.5 9289.64 29591.9 5200.7 24391.2 324.057 3750.25 4271.18 3032.82 248.964
internal_count=167280 111775 55505 67531 16894 50637 24930 6207 4050 48111 27244 21601 10072 2526 1509 44244 44012 43096 3510 2351 39586 8949 30637 14332 16305 806 5001 12340 7459 645
cat_boundaries=0 1 2
cat_threshold=162 2306
is_linear=0
shrinkage=0.03


Tree=182
num_leaves=31
num_cat=4
split_feature=22 0 0 3 22 12 12 22 6 23 3 22 6 6 3 22 0 6 6 14 13 6 19 2 0 6 6 18 23 13
split_gain=176.298 52.7206 30.8183 18.7192 9.52304 7.91827 7.44996 6.99356 7.8898 6.82313 6.53469 6.03469 6.453 5.8087 5.31173 5.30441 5.1138 7.20562 12.7658 7.00969 4.73839 4.6221 5.37151 4.55453 4.25181 4.24951 4.37316 4.18525 4.17865 5.18898
threshold=0.023658788073656251 0 1 2.5000000000000004 0.032477342204167071 0.14888728888808328 0.56191161272202661 0.067768326051458591 1180.5000000000002 0.062650966183574894 5.5000000000000009 0.015756368460855642 1220.5000000000002 403.50000000000006 5.5000000000000009 0.027766178885545119 2 781.50000000000011 1009.5000000000001 1.5000000000000002 1.0000000180025095e-35 1375.5000000000002 1.0000000180025095e-35 4.5000000000000009 3 631.50000000000011 481.50000000000006 5.5000000000000009 0.17611849628359064 1.5000000000000002
decision_type=2 1 1 2 2 2 2 2 2 2 2 2 2 2 2 2 1 2 2 2 2 2 2 2 1 2 2 2 2 2
left_child=2 4 -1 5 9 -3 7 8 23 -2 -4 -12 25 20 16 -10 17 -6 19 -19 -8 28 -23 -5 -17 26 -13 -18 29 -9
right_child=1 3 10 6 14 -7 13 21 15 -11 11 12 -14 -15 -16 24 27 18 -20 -21 -22 22 -24 -25 -26 -27 -28 -29 -30 -31
leaf_value=-0.012203982504322973 -0.0074578807373611349 -0.0023821964747326044 -0.0063996246852418394 -0.0019020871156870181 -0.0034813402266554486 -0.0057921000422280992 -0.00093977771377118868 0.00096638241397529567 0.011418039404710926 0.0030215409922801145 -0.0072050356653953823 0.00024402273557339022 0.010179978921877235 -0.003511423128497046 0.001232857715705275 0.0029164695289509972 0.0006676022967347726 0.0030852723045160678 -0.0018547628051652477 0.015507935772216248 0.007354493295992707 0.016409100204636207 0.0016845385324281677 -0.0059556750622904667 -0.0016767632498511863 -0.0053515797175087264 0.018663325522416181 0.0055086070720936405 -0.0014623086523756286 0.013062218513588915
leaf_weight=887.3865833748132 207.46298541873693 1450.8874196186662 1148.7967728301883 893.99616211652756 647.27922732383013 1075.3759940676391 595.86402467265725 2145.9379153475165 39.238399356603622 74.835145600140095 149.91244879737496 134.31595180183649 47.206389598548412 1336.6704425290227 19591.109791100025 297.62604207545519 25003.488367140293 433.24182666838169 833.24576166272163 44.67916277050972 68.157555840909481 34.739922240376472 62.857877358794212 350.25679821148515 428.44957602769136 142.60994428023696 11.779685653746126 161.15184825658798 735.19003817439079 31.507324203848839
leaf_count=29643 2275 13009 20018 7435 3916 10328 3562 9527 253 445 2460 1565 421 7961 11614 1476 27251 1082 2263 76 266 136 230 2992 2601 2045 136 88 2349 93
internal_value=6.34175e-05 0.000409725 -0.00769548 -0.00162144 0.000822655 -0.00383781 -0.000824924 -0.000206495 -0.00157749 -0.00465782 -0.00513233 -0.00222174 0 -0.00237271 0.000856178 0.000812577 0.000583843 -0.000888608 0.000381671 0.00428911 -6.96229e-05 0.000706978 0.00709986 -0.00305186 0.000216271 -0.00167414 0.00188674 0.000698782 0.00048834 0.00115008
internal_weight=59065.3 56543.2 2522.01 9546.76 46996.5 2526.26 7020.49 5019.8 2009.57 282.298 1634.62 485.824 335.912 2000.69 46714.2 765.314 27123.1 1958.45 1311.17 477.921 664.022 3010.23 97.5978 1244.25 726.076 288.706 146.096 25164.6 2912.64 2177.45
internal_count=167516 111228 56288 62218 49010 23337 38881 27092 14757 2720 26645 6627 4167 11789 46290 4330 34676 7337 3421 1158 3828 12335 366 10427 4077 3746 1701 27339 11969 9620
cat_boundaries=0 1 2 3 4
cat_threshold=2466 33344 2048 4112
is_linear=0
shrinkage=0.03


Tree=183
num_leaves=31
num_cat=4
split_feature=21 23 22 0 13 3 3 13 2 21 0 16 0 6 22 6 3 21 6 17 0 12 1 16 15 12 23 12 12 6
split_gain=176.918 49.5058 28.5873 13.8859 12.2136 10.2568 7.16812 6.91328 6.81743 6.80117 6.36769 6.29465 5.88011 6.29522 5.7637 8.00393 5.82994 5.72832 6.21692 5.62494 5.30655 5.29672 5.17624 6.42293 8.4996 5.00081 4.89758 4.86138 5.48767 4.74037
threshold=0.13363062095621173 0.056652402256370367 0.0078229775924323116 0 1.0000000180025095e-35 1.5000000000000002 5.5000000000000009 2.5000000000000004 5.5000000000000009 1.6929475013634481 1 1.5000000000000002 2 1265.5000000000002 0.035683806204683928 1125.5000000000002 5.5000000000000009 1.3410961119706957 175.50000000000003 6.5000000000000009 3 -0.28519997588938989 11.500000000000002 1.5000000000000002 1.0000000180025095e-35 0.50370931781787065 0.11634059308477913 -0.59867820553660911 -0.72694848937061807 1021.5000000000001
decision_type=2 2 2 1 2 2 2 2 2 2 1 2 1 2 2 2 2 2 2 2 1 2 2 2 2 2 2 2 2 2
left_child=2 4 -1 11 5 10 7 19 -8 17 -2 25 13 -6 15 -7 -16 18 -10 26 -4 -13 23 27 -25 29 -5 28 -9 -3
right_child=1 3 20 6 12 14 8 22 9 -11 -12 21 -14 -15 16 -17 -18 -19 -20 -21 -22 -23 -24 24 -26 -27 -28 -29 -30 -31
leaf_value=-0.013013499759811168 -0.0076078829545776156 -0.0013277010860269153 -0.00058645166993223077 -0.0010371588752783897 0.0097469844038849136 -0.0047191489638554454 0.0013536393128217006 0.0012940727360204402 0.0039784863670584139 -0.0046303452446691947 -0.0033786082572165783 0.015095909522556536 -0.00028487040291980684 -0.0067325457050527041 -0.001594944640097526 0.00034826742732053251 0.0030172669614791383 0.003300457917503225 -0.001040818743339593 -0.0071623315943080811 -0.0065117115543265412 -0.0023764766117421211 0.0068537871687456677 0.00030581604221281477 0.0094032140524048791 -0.0028740601762059495 0.00040841554114849421 -0.00048207248084719431 0.0081624991797237811 0.001356005916534771
leaf_weight=790.32210798561573 534.96021461486816 2096.3614842705429 170.66820177808404 2327.2803499959409 130.83029967546463 1082.7544816620648 17512.71744915843 446.07646626234055 252.17260236293077 284.46182131767273 980.39872244000435 38.305142588913441 308.57658443599939 23.604682266712189 1676.1813986301422 375.42416792362928 287.52624823898077 454.48355841636658 1795.3025143817067 90.903897821903229 1204.1274027377367 24.628579944372177 181.46675363183022 177.17738008499146 195.65619432926178 1198.392759129405 22257.556237496436 1043.0783574581146 137.28662171959877 822.75143779814243
leaf_count=26997 7097 10278 1431 9874 651 15428 12471 278 172 78 9806 112 1863 130 11422 4023 1404 129 1587 53 18234 91 108 99 98 6191 22710 669 82 3639
internal_value=-4.7054e-05 0.000274094 -0.00846167 0.000561622 -0.0024577 -0.00289514 0.00070856 0.000386781 0.0011343 -0.000242111 -0.00495209 -0.00109326 0.00219016 0.00672951 -0.0019813 -0.00341103 -0.000915378 0.000256066 -0.000418058 0.000243375 -0.00583306 0.00823417 0.00200586 0.00155963 0.0051084 -0.0012419 0.000271292 0.000739807 0.00293193 -0.000569039
internal_weight=58901.4 56736.3 2165.12 51336.1 5400.26 4937.25 47155.6 26856.5 20299.1 2786.42 1515.36 4180.44 463.012 154.435 3421.89 1458.18 1963.71 2501.96 2047.48 24675.7 1374.8 62.9337 2180.74 1999.28 372.834 4117.51 24584.8 1626.44 583.363 2919.11
internal_count=167205 120543 46662 68719 51824 49180 48408 33971 14437 1966 16903 20311 2644 781 32277 19451 12826 1888 1759 32637 19665 203 1334 1226 197 20108 32584 1029 360 13917
cat_boundaries=0 1 2 3 4
cat_threshold=28700 99397 71682 57
is_linear=0
shrinkage=0.03


Tree=184
num_leaves=31
num_cat=4
split_feature=0 22 23 20 0 3 0 7 3 21 22 12 2 22 22 16 1 21 9 22 21 21 12 20 7 23 12 22 22 0
split_gain=168.654 61.5927 16.2766 11.7532 8.49509 6.81941 11.262 6.35109 10.6214 9.35397 8.09771 7.32747 7.34106 6.08297 6.04934 5.87608 5.59059 5.39341 4.70374 4.68179 4.61539 13.6545 4.57927 4.35741 4.63995 4.29827 3.90146 3.91165 4.76742 3.87825
threshold=0 0.097364410632518147 0.022514150544901582 1.0000000180025095e-35 1 5.5000000000000009 2 0.3535533905932739 1.5000000000000002 2.6753740757250477 0.11490805722190557 0.063390085881955341 5.5000000000000009 0.031024547593865439 0.020651719691103458 10.500000000000002 3.5000000000000004 0.13363062095621228 0.6078576107927941 0.01940976648251376 2.8389108382124317 3.3193146343606732 0.80290535434334509 0.15178571428571433 0.3535533905932739 0.31116780045351483 0.93158198870884079 0.060743049864530378 0.079673112168048024 3
decision_type=1 2 2 2 1 2 1 2 2 2 2 2 2 2 2 2 2 2 2 2 2 2 2 2 2 2 2 2 2 1
left_child=3 2 5 14 16 13 -7 15 9 10 -9 -10 -13 -2 -1 20 -4 -18 -5 -8 -3 -22 25 24 -19 29 27 -21 -29 -6
right_child=1 7 4 18 22 6 19 8 11 -11 -12 12 -14 -15 -16 -17 17 23 -20 26 21 -23 -24 -25 -26 -27 -28 28 -30 -31
leaf_value=-0.012880594052969608 -0.0064213306037982278 0.00080829140067451878 -0.0063355630271664399 -0.0081139597785663525 0.0011383717472354452 -0.0047279835136096954 0.024055660459664965 -0.0083664367039634896 0.0013078263585535569 0.007815906174915406 -0.0015450344657450118 -0.0010306712899709322 0.0025572319724293693 -0.0031433159982021978 -0.0042177927418216923 -0.0057035246925620856 -0.0056133691196810359 0.00026319544982043755 -0.00080388566218171176 -0.0012811531234195133 0.0084121730219090547 0.00011306802063683124 -0.0024251754531786265 -0.0075609458370095072 -0.0041848084642067112 0.0076594874134127697 0.017829942654554762 0.018993697060178994 -0.0016913771876197312 -0.00086244080786943087
leaf_weight=916.66488054953516 988.93291237950325 35162.896240711212 365.84174097329378 267.42645992338657 1123.195033416152 194.50249367952347 11.550889689475296 167.56176921725273 4784.9952304884791 89.206295132637024 2337.2018299475312 3200.2155931219459 609.65740972757339 1080.3880100548267 82.419198650866747 122.00340580940247 330.84344112873077 884.10749972611666 115.42795307934284 77.647593647241592 281.23823118209839 489.24584352970123 1121.5518674887717 91.808157607913017 275.39003752917051 59.24270736426115 16.688412800431252 22.277318343520164 16.484051093459129 3752.4077607207
leaf_count=30034 15544 30267 3261 5441 4507 2194 152 1234 6593 69 4793 4778 800 10191 1575 36 3795 5381 2203 818 82 161 6654 431 2431 179 145 114 75 23285
internal_value=-6.69257e-05 0.00018215 -0.00190613 -0.010382 -0.00125414 -0.00406909 -0.00010736 0.000642613 1.76609e-05 -0.00166392 -0.00200692 0.000526002 -0.000454439 -0.00471513 -0.0121769 0.000836379 -0.00297312 -0.00220709 -0.00593349 0.00596919 0.000858908 0.00315712 -0.000693796 -0.00129793 -0.000790767 -0.000300081 0.00463226 0.00255339 0.0102248 -0.000399578
internal_weight=59039 57657.1 10412.9 1381.94 8004.39 2408.47 339.151 47244.2 11188.8 2593.97 2504.76 8594.87 3809.87 2069.32 999.084 36055.4 1947.99 1582.15 382.854 144.648 35933.4 770.484 6056.4 1251.31 1159.5 4934.85 133.097 116.409 38.7614 4875.6
internal_count=167223 127970 79157 39253 49924 29233 3498 48813 18267 6096 6027 12171 5578 25735 31609 30546 15299 12038 7644 1304 30510 243 34625 8243 7812 27971 1152 1007 189 27792
cat_boundaries=0 1 2 3 4
cat_threshold=34368 4100 18433 40
is_linear=0
shrinkage=0.03


Tree=185
num_leaves=31
num_cat=3
split_feature=20 0 0 3 3 18 0 23 18 21 13 21 19 20 19 21 11 11 20 3 17 1 2 11 6 12 21 6 19 11
split_gain=165.388 42.4554 32.4852 14.9048 10.6922 7.10901 6.65425 6.19051 5.74334 5.69678 5.56516 7.15787 6.05129 5.24566 5.22597 4.79056 5.86185 11.3291 8.23683 4.8327 5.68094 5.66087 8.43371 6.5554 9.80515 7.1653 8.11033 6.76126 6.73686 5.19379
threshold=0.026785714285714288 0 1 2.5000000000000004 4.5000000000000009 5.5000000000000009 2 0.010335986325516801 7.5000000000000009 0.51091339743496189 3.5000000000000004 2.6753740757250477 1.6875000000000002 1.0000000180025095e-35 2.5625000000000004 2.4379973539548812 0.9053161325100999 0.69056404122701587 1.2410714285714288 5.5000000000000009 6.5000000000000009 9.5000000000000018 4.5000000000000009 0.27694220057652758 799.50000000000011 0.39629089145655322 1.327897469050858 397.50000000000006 1.3125000000000002 -0.03977009085991149
decision_type=2 1 1 2 2 2 1 2 2 2 2 2 2 2 2 2 2 2 2 2 2 2 2 2 2 2 2 2 2 2
left_child=1 13 5 -4 -3 7 -6 9 -7 -2 14 12 -12 -1 15 19 17 18 -17 -9 21 22 23 -21 27 26 -26 28 -25 -23
right_child=2 4 3 -5 6 8 -8 10 -10 -11 11 -13 -14 -15 -16 16 -18 -19 -20 20 -22 29 -24 24 25 -27 -28 -29 -30 -31
leaf_value=-0.01322350379731459 -0.0060668252875568426 -0.0061976464774013444 -0.0033595905072892423 -0.00053965190877098927 -0.0045129480315171415 0.0056525616013649626 -5.9928235653708991e-06 0.00037109755588944583 0.00018445408733897608 0.0020787146997233662 0.002630358443820533 0.0071606599346014446 -0.00070288541951392879 -0.0048839540129810193 0.0040725290487480621 0.0012956502591355541 -0.0044034645192366113 0.0050408734358563844 -0.0067831248713791856 0.00023794462041900095 0.0063639247632748495 0.0020905603620864142 -0.00062390259305221407 0.0031181449816057309 0.0030195065842853652 -8.4774077830357527e-06 0.007740406628686327 -0.00091822653292037142 -0.0019624797055659 -0.0035354612103137765
leaf_weight=746.22569043375552 228.98061053082347 1435.8992047421634 2288.9089493863285 6435.9337624534965 600.46951908990741 466.58350899815559 584.63063862547278 24866.210387252271 278.06735533475876 114.39031308889389 1529.638047426939 226.52959048748016 716.93813639879227 78.980941154062748 390.08397877216339 227.42275732755661 375.48770159482956 271.78461027145386 223.40228223800659 4058.9175647199154 177.20475733280182 4255.4391957074404 3420.050338357687 1150.1566508486867 1228.4924801886082 435.62179243564606 451.28876447677612 1266.6497600376606 292.84415984153748 151.33961000293493
leaf_count=26388 1917 22226 20926 34808 8218 138 5122 32341 95 255 613 55 244 2401 174 130 157 111 113 2594 49 2752 2274 654 926 300 113 1001 74 108
internal_value=4.5241e-06 -0.00637155 0.000400452 -0.00127897 -0.00443788 0.00071379 -0.00233463 0.000666724 0.00362169 -0.00333765 0.000697004 0.00208187 0.00156413 -0.0122907 0.000617617 0.000585932 -0.00136746 0.000205746 -0.00270059 0.00063748 0.00102931 0.000972 0.000640723 0.00112826 0.00187575 0.00340656 0.00429524 0.000677631 0.00208228 0.00189523
internal_weight=58974.6 3446.21 55528.4 8724.84 2621 46803.5 1185.1 46058.9 744.651 343.371 45715.5 2473.11 2246.58 825.207 43242.4 42852.3 1098.1 722.61 450.825 41754.2 16888 16710.8 12304 8883.97 4825.05 2115.4 1679.78 2709.65 1443 4406.78
internal_count=167277 64355 102922 55734 35566 47188 13340 46955 233 2172 44783 912 857 28789 43871 43697 511 354 243 43186 10845 10796 7936 5662 3068 1339 1039 1729 728 2860
cat_boundaries=0 1 2 3
cat_threshold=33344 2466 21508
is_linear=0
shrinkage=0.03


Tree=186
num_leaves=31
num_cat=2
split_feature=22 0 3 0 20 14 3 12 11 17 23 19 20 23 3 12 12 2 15 19 11 11 15 21 9 18 12 20 11 21
split_gain=171.561 52.9016 19.654 17.1419 9.77566 7.06855 6.76742 6.03656 12.067 5.80336 6.0945 5.4338 5.25989 4.73258 4.7048 6.13369 4.61824 4.4167 4.92324 7.81937 6.67555 4.76562 9.8043 6.0346 5.6368 8.09737 6.62912 6.02439 4.65695 4.6371
threshold=0.01940976648251376 0 2.5000000000000004 1 0.080357142857142863 1.0000000180025095e-35 5.5000000000000009 -0.87810534180523914 -0.16799356919963607 6.5000000000000009 0.42349939975990403 1.0000000180025095e-35 1.0000000180025095e-35 0.0093898783283371551 5.5000000000000009 1.0000000180025095e-35 0.56191161272202661 5.5000000000000009 3.5000000000000004 1.0625000000000002 0.52766072109828632 0.95998215779580554 4.5000000000000009 3.3193146343606732 1.0000000180025095e-35 1.5000000000000002 -0.18493013702746822 0.9553571428571429 0.80417553764032002 0.93628167589853295
decision_type=2 1 2 1 2 2 2 2 2 2 2 2 2 2 2 2 2 2 2 2 2 2 2 2 2 2 2 2 2 2
left_child=3 4 11 -1 13 12 9 8 -7 10 -6 -3 -4 14 -2 -16 -14 21 19 28 -21 23 24 -8 25 27 -26 29 -19 -23
right_child=1 2 5 -5 6 7 17 -9 -10 -11 -12 -13 16 -15 15 -17 -18 18 -20 20 -22 22 -24 -25 26 -27 -28 -29 -30 -31
leaf_value=-0.0053110266024955039 -0.0079992844131347579 -0.0056860522971991616 -0.0043493378916328292 -0.011777420582518272 -0.00020314037158257264 0.027262227949360354 0.0012193272046660561 0.0012118200983264897 0 -0.0062508384032772431 0.00075036610652676216 -0.0025129175967344153 -0.00048517289915007273 -0.00097822403512762778 -0.011553000975886098 0.012437967499930924 -0.0025251021112934324 9.6003626981219068e-05 -0.0037113174876166606 0.00069564200624887501 0.0065143084647939775 0.0014592440012043209 0.010202032073529736 -0.0040436191512223836 -0.0055596164972580714 0.0075539212216871338 0.0016151962748303878 -0.0035779871712759799 -0.0038806758768011543 0.010138465237872742
leaf_weight=673.28007033839822 167.28810137137771 1313.7574883252382 484.47498618066311 1043.3997175898403 8875.2202753201127 24.827871415764093 15270.491821795702 265.85681134089828 34.068122621625662 115.91109180450439 18778.416016668081 787.95279617607594 3505.7681958153844 1573.8523485139012 14.218021906912325 24.5673713311553 1402.1891602911055 1310.1558522731066 285.14593410491943 453.61464464664459 293.64489901065826 206.79718096554279 147.56407558917999 197.16744589805603 139.38398097455502 324.09649410843849 660.84578469395638 149.26164960861206 330.39114660024643 76.04488205909729
leaf_count=11005 1946 16315 6100 34009 23699 115 9432 1363 168 64 12734 7236 22151 8352 113 180 9459 1135 75 137 76 280 29 48 94 98 376 35 277 27
internal_value=-6.82171e-06 0.00027354 -0.00201745 -0.00934885 0.000636631 -0.00110631 0.000718455 0.00318025 0.011797 0.000415747 0.000444132 -0.00450103 -0.00136612 -0.00154445 -0.00581432 0.00342317 -0.00106959 0.0011417 5.06085e-06 0.000452741 0.00299583 0.00131828 0.0028262 0.0011516 0.00211694 0.00397314 0.00035262 0.00126231 -0.000703084 0.00384137
internal_weight=58929.7 57213 7818.9 1716.68 49394.1 5717.19 47614.2 324.753 58.896 27769.5 27653.6 2101.71 5392.43 1779.93 206.073 38.7854 4907.96 19844.6 2672.95 2387.81 747.26 17171.7 1703.99 15467.7 1556.43 756.2 800.23 432.104 1640.55 282.842
internal_count=167128 122114 62907 45014 59207 39356 48616 1646 283 36497 36433 23551 37710 10591 2239 293 31610 12119 1700 1625 213 10419 939 9480 910 440 470 342 1412 307
cat_boundaries=0 1 2
cat_threshold=18858 90144
is_linear=0
shrinkage=0.03


Tree=187
num_leaves=31
num_cat=4
split_feature=0 21 3 22 13 3 3 0 12 22 12 3 14 21 0 20 22 0 9 23 17 21 23 14 22 20 20 21 23 21
split_gain=166.538 55.1521 13.7369 11.9658 11.8742 13.6902 9.75048 9.25931 7.47009 7.09039 5.50286 6.86102 6.48032 6.26697 5.34278 5.38042 5.30789 5.09733 4.9661 9.93385 11.034 5.57426 5.09861 4.86292 5.18636 9.68897 8.61324 8.32672 13.5831 6.93204
threshold=0 0.24353894017376096 1.5000000000000002 0.02016215161419076 1.0000000180025095e-35 1.5000000000000002 1.0000000180025095e-35 1 0.6174544326165855 0.97877549606030567 0.57605713708605399 2.5000000000000004 1.0000000180025095e-35 0.99021183618429909 2 1.2946428571428574 0.0751663497585668 3 1.0000000180025095e-35 0.74607286783452598 1.0000000180025095e-35 0.45584230583855134 0.63406663478399505 7.5000000000000009 0.88301361223524477 1.3125000000000002 1.0625000000000002 1.2457720706244999 1.2412778904665316 1.572439166518165
decision_type=1 2 2 2 2 2 2 1 2 2 2 2 2 2 1 2 2 1 2 2 2 2 2 2 2 2 2 2 2 2
left_child=3 2 -2 -1 5 6 8 16 18 10 -7 12 -12 -14 -13 -16 -4 -8 21 20 -20 -3 -23 24 25 26 27 -6 29 -29
right_child=1 4 7 -5 23 9 17 -9 -10 -11 11 14 13 -15 15 -17 -18 -19 19 -21 -22 22 -24 -25 -26 -27 -28 28 -30 -31
leaf_value=-0.012014850319214947 -0.0060600473869860012 -0.0041406437292580622 -0.0041078596385042895 -0.0051523527626422165 0.0015090377395265667 0.00044150599470474649 -0.0087318254865944231 -0.00070884735962207883 -0.0031000740960075413 0.0015846403270802771 -0.0050568496647499794 -0.0031092278262555353 -0.0052730270378682749 0.0050547104250862149 0.00024775863769540548 -0.0065632348001332863 0.00091482251575331606 -0.002625132665280899 0.0035840021471524428 0.010134911603940389 -0.006920340146040393 0.0031569118903884185 -0.0025822518451198112 -0.0046079680143556543 0.00078125860351961108 0.0092923111027251575 -0.0024718899287043527 0.01278666607947126 -0.00076158127019869306 0.0045818493456551155
leaf_weight=1046.9370330851525 928.09608819708228 260.31074396520853 1727.5836016684771 299.7527445293963 4159.4543701484799 14536.971894036978 128.45998906344175 2276.0203937888145 550.04096731543541 3541.5428400635719 543.76738606765866 514.9330602362752 85.331217098981142 134.76889276504517 4404.9093832336366 105.8949955701828 210.15715739876032 1777.5520241484046 364.71031318232417 137.17643463611603 118.20163657143712 388.316172555089 215.06424278020859 138.06262618303299 19261.861714094877 151.91101408004761 423.19426101446152 188.96007794141769 210.5805230140686 190.42765891551971
leaf_count=34363 12784 1843 20960 5024 7789 31090 1289 15735 1742 1928 1901 2446 212 126 7699 46 1382 6501 1653 102 240 753 160 53 9095 44 190 118 73 103
internal_value=-3.39215e-05 0.000210423 -0.00275433 -0.0104195 0.000500813 7.52775e-05 -0.00156259 -0.00202354 -0.000114487 0.00034594 0.000129756 -0.000651915 -0.00329961 0.00101784 -0.000247719 8.49274e-05 -0.00354157 -0.00310377 0.000989579 0.00303692 0.000991483 -0.000475187 0.00110047 0.000979153 0.00101096 0.00184048 0.00161872 0.00198492 0.00532163 0.00870703
internal_weight=59021 57674.3 5141.86 1346.69 52532.4 27808 3939.83 4213.76 2033.82 23868.1 20326.6 5789.6 763.867 220.1 5025.74 4510.8 1937.74 1906.01 1483.78 620.088 482.912 863.691 603.38 24724.5 24586.4 5324.53 5172.62 4749.42 589.968 379.388
internal_count=167444 128057 50861 39387 77196 59731 14283 38077 6493 45448 43520 12430 2239 338 10191 7745 22342 7790 4751 1995 1893 2756 913 17465 17412 8317 8273 8083 294 221
cat_boundaries=0 1 2 3 4
cat_threshold=34368 28676 12300 5
is_linear=0
shrinkage=0.03


Tree=188
num_leaves=31
num_cat=0
split_feature=23 20 20 6 13 13 19 20 23 15 3 12 10 3 12 3 11 3 6 6 23 12 3 20 7 11 3 19 11 18
split_gain=146.143 47.7608 24.1145 10.2814 8.82617 7.22312 7.0915 6.81361 6.48164 6.31048 5.60865 6.15469 6.16598 5.23485 6.41477 5.20135 5.03677 4.98387 4.80379 6.32962 4.65886 4.51795 4.44907 4.19515 6.01201 5.19111 5.42906 4.1047 6.14488 5.3454
threshold=0.022514150544901582 1.0000000180025095e-35 0.098214285714285726 1165.5000000000002 1.0000000180025095e-35 1.0000000180025095e-35 0.31250000000000006 0.11607142857142859 0.081438415159345412 5.5000000000000009 3.5000000000000004 -0.25206183926700709 1.0000000180025095e-35 1.5000000000000002 0.53312596302726967 1.0000000180025095e-35 -0.99763297024448894 4.5000000000000009 535.50000000000011 1230.5000000000002 0.010335986325516801 0.94066717844141279 1.5000000000000002 0.062500000000000014 -0.85355339059327373 -0.84315017450793706 3.5000000000000004 1.0625000000000002 0.90162119223771331 2.5000000000000004
decision_type=2 2 2 2 2 2 2 2 2 2 2 2 2 2 2 2 2 2 2 2 2 2 2 2 2 2 2 2 2 2
left_child=1 20 3 5 13 8 10 22 17 27 -6 18 -13 14 15 -4 -15 -2 -12 -20 -1 -9 -3 24 -7 -26 -27 28 -8 -30
right_child=2 7 4 -5 6 23 9 21 -10 -11 11 12 -14 16 -16 -17 -18 -19 19 -21 -22 -23 -24 -25 25 26 -28 -29 29 -31
leaf_value=-0.011492740511000918 -0.004382219522493117 -0.005965323905878046 0.0013019642407420555 0.0010435377719320506 8.7750277847482044e-06 -0.0046694287768334298 0.00070891866809235423 -0.0010910346393886783 -0.0011344984854492644 0.0039297058131357501 0.0014787029990668019 0.0045443729328374363 -0.001005770457901514 0.0034006689744164437 -0.0029374479760865464 -0.0015677224869382297 0.00032335179385406683 -0.0015774625311771172 0.010832397744571688 0.0026196362606508449 -0.0067851229296052714 0.0080904712628773433 -0.0030134870566115622 -0.00041976002017957918 -0.0038283656884259046 0.00091791749338684448 0.017424024780934192 0.0012548268498474922 -0.0019809138411890476 0.0025398184617282491
leaf_weight=991.97434956207871 1450.2985940910876 723.44325791858137 1225.5112444534898 1377.1296050697565 448.39939630776644 33.307106681168079 10187.647287271917 380.76860199868679 2749.1802503690124 598.6036901473999 135.10539047420025 412.9967944175005 315.7984810769558 489.69765193760395 971.47403698414564 1058.345133446157 20456.310312271118 955.51690456643701 258.1880596280098 129.66575516760349 249.34373400732875 54.198185279965401 1313.4398238770664 201.44082318991423 19.859474316239357 26.118851762264967 63.319173529744148 10016.02770704031 1426.6847556382418 279.9423348903656
leaf_count=30697 15484 10558 2577 8686 1214 149 6767 1968 14507 144 239 605 447 631 2307 2928 28497 9024 365 228 5541 204 16806 850 104 201 292 4414 1031 92
internal_value=3.76155e-06 -0.00575664 0.000390849 -0.00127119 0.000627068 -0.00185204 0.00103214 -0.00333968 -0.0021336 0.000890552 0.00290148 0.00393207 0.0021331 0.000221596 -0.000896861 -2.53344e-05 0.000395742 -0.00327187 0.00641879 0.00811597 -0.0105582 5.51798e-05 -0.00406725 0.00234335 0.006264 0.00966236 0.0127335 0.000807071 0.000429443 -0.0012348
internal_weight=58999.7 3713.17 55286.6 6876.17 48410.4 5499.04 24209.1 2471.85 5155 22508.9 1700.15 1251.75 728.795 24201.3 3255.33 2283.86 20946 2405.82 522.959 387.854 1241.32 434.967 2036.88 344.045 142.605 109.297 89.438 21910.3 11894.3 1706.63
internal_count=167557 65774 101783 49297 52486 40611 15546 29536 39015 12448 3098 1884 1052 36940 7812 5505 29128 24508 832 593 36238 2172 27364 1596 746 597 493 12304 7890 1123
is_linear=0
shrinkage=0.03


Tree=189
num_leaves=31
num_cat=4
split_feature=22 22 22 3 19 14 6 0 0 6 0 8 23 0 6 12 11 22 6 12 12 8 11 22 22 20 3 12 9 23
split_gain=157.135 41.2597 26.4188 17.3229 10.2721 7.73684 8.42655 9.77084 9.49066 6.96105 9.66304 6.53751 6.15833 5.92842 7.04168 6.64675 5.8286 5.7045 5.70149 5.36431 5.30902 8.0197 6.50526 5.28681 5.21701 5.7783 5.14379 5.19836 4.8532 5.84037
threshold=0.022374027588934354 0.10462126096357231 0.005904532915520691 1.5000000000000002 1.0000000180025095e-35 1.0000000180025095e-35 1180.5000000000002 0 1 331.50000000000006 2 -0.35355339059327379 0.023575729504400188 3 1155.5000000000002 -0.99761278905001471 0.9893236546938301 0.092346311213887325 739.50000000000011 -0.83375966452616657 -0.98801846520836312 1.0000000180025095e-35 0.27694220057652758 0.040002216312056742 0.027766178885545119 0.11607142857142859 1.0000000180025095e-35 0.73136292505298039 -0.60785761079279388 0.095357741086384312
decision_type=2 2 2 2 2 2 2 1 1 2 1 2 2 1 2 2 2 2 2 2 2 2 2 2 2 2 2 2 2 2
left_child=2 3 -1 4 -2 6 8 24 11 -10 18 23 -4 14 -3 -16 19 -13 -11 20 -7 22 -22 -5 25 -8 27 -6 -25 -30
right_child=1 13 12 5 26 16 7 -9 9 10 -12 17 -14 -15 15 -17 -18 -19 -20 -21 21 -23 -24 28 -26 -27 -28 -29 29 -31
leaf_value=-0.012686129302121513 -0.0061585396961340915 -0.00061928418629531143 -0.0068295040424759179 -0.0080619786097499146 0.0020419605521178026 -0.0047924417106645478 0.023125934248319997 -0.001060644465649377 -0.00055392880643839531 -0.0034294009911688505 -0.0056450150190680681 0.0031255160605968653 -0.0025319388168304853 0.00085752377753230016 0.010979882914326822 0.0010797550953058127 0.012865752558076073 -0.00063721525938641285 -5.1268093816438767e-05 9.1348433484025442e-05 0.010865167988075615 0.021054520678834138 -0.0098073899927872358 0.0021687612865083756 0.0028398794240441557 0.00021076091884810976 -0.0042618979330814599 -0.0061714194327382793 -0.00093802741458956778 -0.00758672840380033
leaf_weight=700.31004655733705 966.03041103109717 5599.8795092999935 1061.3251253273338 111.777189232409 374.97863915935159 24.818360283970833 23.692564427852631 1061.4842607155442 1211.4474203847349 1028.8861790113151 999.51916594430804 708.58465351909399 427.68027976155281 38215.258621200919 61.946621529757977 2228.3419977873564 43.623551145195961 736.77306320518255 804.6488680280745 459.93402994796634 35.444028478115797 37.631911184638739 20.78661584854126 273.74566577374935 672.65406411886215 17.459865666925907 359.19364497438073 83.905535098165274 486.18665515631437 157.79147152602673
leaf_count=25541 11231 14930 21177 1146 2582 115 181 5074 7412 7130 10196 3034 6342 24454 104 4041 153 2634 5251 1970 162 149 85 1272 3674 104 3210 660 2512 703
internal_value=9.34757e-06 0.000313461 -0.00787533 -0.00136449 -0.00406298 -0.000823501 -0.00106611 0.000763671 -0.00156534 -0.0024577 -0.00327785 -9.38725e-05 -0.00560169 0.000703062 -4.53409e-05 0.00135482 0.00239742 0.0012042 -0.00194043 0.00157699 0.00723544 0.010496 0.00308053 -0.00192242 0.00344923 0.0137816 -0.00157661 0.000516969 -0.00116014 -0.00258567
internal_weight=58995.7 56806.4 2189.32 10701 1784.11 8916.89 8294.65 1775.29 6519.36 4044.5 2833.05 2474.86 1489.01 46105.4 7890.17 2290.29 622.238 1445.36 1833.54 578.615 118.681 93.8626 56.2306 1029.5 713.806 41.1524 818.078 458.884 917.724 643.978
internal_count=167229 114169 53060 70640 17683 52957 50323 9033 41290 29989 22577 11301 27519 43529 19075 4145 2634 5668 12381 2481 511 396 247 5633 3959 285 6452 3242 4487 3215
cat_boundaries=0 1 2 3 4
cat_threshold=12304 41 75792 136
is_linear=0
shrinkage=0.03


Tree=190
num_leaves=31
num_cat=4
split_feature=22 0 22 6 22 0 20 14 13 6 0 11 22 7 6 7 0 6 22 22 15 19 16 20 7 20 12 23 7 8
split_gain=153.311 55.4098 14.3987 12.978 15.0632 11.4604 7.99924 7.88092 7.04487 6.0988 6.04598 5.71135 6.47832 7.10747 5.46834 5.38229 5.31452 5.30959 4.77917 4.57024 4.39519 4.37669 4.15263 7.7471 4.95324 4.14829 4.04951 4.02167 3.98781 9.80184
threshold=0.017903129084484874 0 0.005264631772324546 1180.5000000000002 0.0751663497585668 1 0.080357142857142863 1.0000000180025095e-35 1.0000000180025095e-35 943.50000000000011 2 -0.13398594226331254 0.029471593976725035 -1.0000000180025095e-35 1425.5000000000002 -0.85355339059327373 3 1435.5000000000002 0.027766178885545119 0.092346311213887325 12.500000000000002 1.0000000180025095e-35 1.0000000180025095e-35 0.080357142857142863 -1.0000000180025095e-35 0.026785714285714288 -0.8142754349318998 0.023575729504400188 0.3535533905932739 0.35355339059327379
decision_type=2 1 2 2 2 1 2 2 2 2 1 2 2 2 2 2 1 2 2 2 2 2 2 2 2 2 2 2 2 2
left_child=2 6 -1 4 7 18 17 8 10 28 22 12 13 -9 -7 -10 -17 -2 21 -11 -8 -5 -3 24 -24 -20 -18 -4 -6 -30
right_child=1 3 27 5 9 14 20 11 15 19 -12 -13 -14 -15 -16 16 26 -19 25 -21 -22 -23 23 -25 -26 -27 -28 -29 29 -31
leaf_value=-0.012900630243630296 -0.001407115000569135 -0.0034133238185558279 -0.0078776429048764869 0.020844711994783299 0.00074446624854937265 -0.0013807471809894223 0.00074408192209838382 0.042473016866292249 -0.008427887926602283 0.0059632973654546251 -0.0056357997389841754 -0.0023511266668300545 0.003643726966232266 0.0028375210644297692 -0.0085922467010834808 -0.0018357586201361666 -0.004895809051880598 0.01602972373483626 0.012349594695739879 -0.005964006562431139 0.007091100824331481 0.0036013629448815167 0.016895899761788177 -0.0071749899635613155 -0.0022447160561375698 0.0015278652185874346 0.012730485252617387 -0.0025832877382472082 -1.5525075799465457e-05 -0.0094528392852756028
leaf_weight=625.41070540808141 1828.5096393413842 1536.8383584730327 707.11351455189288 22.750521048903465 1382.3820781558752 806.20939368754625 47532.305199287832 8.567579712718727 39.326247461140156 31.064722009003162 1837.447197675705 86.745864577591419 52.874232657253742 7.9595060162246218 106.98791787028313 80.095645695924759 13.087290585041044 14.807969994843004 32.357522837817669 269.98934599757195 97.637097001075745 33.537015490233898 35.136287271976471 36.668495647609234 17.248669933527708 857.96700616925955 66.644945718348026 163.92226760834455 415.67002840340137 129.56641618907452
leaf_count=23140 11116 13612 16532 182 6769 5012 48483 78 184 158 24341 703 385 119 714 426 106 115 265 1450 24 235 223 220 171 5046 492 2866 2723 1342
internal_value=6.18733e-05 0.00030927 -0.00941429 -0.00202078 -0.00269731 0.000165186 0.000682099 -0.00384131 -0.00412344 -0.000733642 -0.00443932 0.00272221 0.00909201 0.0249777 -0.00221642 0.00133442 0.00381125 -0.00125517 0.00246633 -0.00469774 0.000757367 0.0109178 -0.00302758 0.00319056 0.0105571 0.00194131 0.00866488 -0.00689227 -0.000109307 -0.00228233
internal_weight=58876.8 57380.4 1496.45 7907.12 6047.31 1859.81 49473.3 3818.64 3662.49 2228.67 3463.34 156.147 69.4013 16.5271 913.197 199.154 159.828 1843.32 946.612 301.054 47629.9 56.2875 1625.89 89.0535 52.385 890.325 79.7322 871.036 1927.62 545.236
internal_count=167232 124694 42538 64956 53502 11454 59738 41060 39775 12442 38567 1285 582 197 5726 1208 1024 11231 5728 1608 48507 417 14226 614 394 5311 598 19398 10834 4065
cat_boundaries=0 1 2 3 4
cat_threshold=18858 12304 98321 20
is_linear=0
shrinkage=0.03


Tree=191
num_leaves=31
num_cat=2
split_feature=0 0 7 20 21 20 7 8 20 22 21 1 21 19 13 11 21 23 23 8 11 22 20 2 1 21 20 21 1 15
split_gain=151.152 53.0077 17.0199 13.4776 9.43774 8.76467 7.52649 7.55493 7.71934 5.91469 5.58093 5.31341 14.1414 5.26857 4.76126 4.88074 5.96334 4.6546 4.41325 4.16651 3.9748 3.86291 5.33026 4.56634 4.30666 5.64892 3.87211 5.47497 5.0313 4.85688
threshold=0 1 -1.0000000180025095e-35 1.0000000180025095e-35 0.24353894017376096 0.098214285714285726 1.0000000180025095e-35 0.35355339059327379 1.455357142857143 0.020651719691103458 2.6753740757250477 1.5000000000000002 1.0817247472107663 3.3125000000000004 3.5000000000000004 -0.99467753128998015 1.2852813123779774 0.03580586080586081 0.0050890914741531139 0.35355339059327379 0.65233619298682533 1.0024726245914353 0.84821428571428581 3.5000000000000004 5.5000000000000009 1.1638494123147785 1.3839285714285716 2.3334793926020674 9.5000000000000018 1.0000000180025095e-35
decision_type=1 1 2 2 2 2 2 2 2 2 2 2 2 2 2 2 2 2 2 2 2 2 2 2 2 2 2 2 2 2
left_child=3 5 -3 9 18 -2 13 10 11 -1 14 12 -9 -7 15 16 -8 -5 -4 -6 -10 26 23 -23 25 -24 27 28 -17 -28
right_child=1 2 4 17 19 6 7 8 20 -11 -12 -13 -14 -15 -16 21 -18 -19 -20 -21 -22 22 24 -25 -26 -27 29 -29 -30 -31
leaf_value=-0.012790964550723802 -0.0011288476852145905 -0.00057474824757954262 -0.0075331275788608201 -0.0068667599570218594 -0.00094045856556970698 0.00097230726858509443 0.0013757154297679602 -0.0037526313810353328 0 -0.0039662586271991575 -0.0031972432583355428 -0.0021596039155041347 0.013310628504709087 0.0065944370881358128 0.0053355596818171341 0.00033512093165509737 0.0088117401636814766 0.0016164087289302234 -0.0040432893261337218 -0.0038348300236257741 0.0085647546882163233 0.0021526184362115983 0.0076702077516906265 0.0095197133893741015 -0.00034526240639718542 0.0012742354174968015 0.0060555727884313813 0.0062091955340414931 -0.0012181164452314437 0.00066664342753359942
leaf_weight=849.13880338147283 2412.5081717707217 3990.59760915488 413.27468597516418 300.45163931325078 1404.0839183963835 30653.883039444685 351.65782155096531 105.85556561499834 92.805070877075195 77.755274094641209 359.75073575973511 2207.4311931803823 72.69837474822998 150.16778802871704 186.26216205954552 7337.7543902471662 134.76519155502319 70.387904655188322 1686.8977491222322 662.57021667808294 100.3922815322876 191.30870491266251 158.91380906105042 128.37143415212631 1000.27820789814 576.48059624433517 215.62143796682358 125.92133986949921 2520.3671655505896 504.57665967941284
leaf_count=30160 13601 25852 7065 6775 9391 22639 483 313 91 1540 212 5085 100 36 96 10725 80 939 20463 6210 71 148 114 92 629 353 111 87 3746 249
internal_value=3.6049e-05 0.000264587 -0.00197464 -0.0100456 -0.00331817 0.000633428 0.000723833 0.00020357 -0.00128577 -0.0120622 0.000482593 -0.00175508 0.00319671 0.00100012 0.000581826 0.00051413 0.00346205 -0.00524044 -0.00473614 -0.0018727 0.00445851 0.000401016 0.00159227 0.00515014 0.000930927 0.00267305 0.000171592 1.76395e-05 -6.14607e-05 0.00229452
internal_weight=59042.9 57745.2 8157.42 1297.73 4166.83 49587.8 47175.3 16371.2 2579.18 926.894 13792 2385.99 178.554 30804.1 13432.3 13246 486.423 370.84 2100.17 2066.65 193.197 12759.6 2055.35 319.68 1735.67 735.394 10704.2 9984.04 9858.12 720.198
internal_count=167456 128042 68981 39414 43129 59061 45460 22785 5660 31700 17125 5498 413 22675 16913 16817 563 7714 27528 15601 162 16254 1336 240 1096 467 14918 14558 14471 360
cat_boundaries=0 1 2
cat_threshold=34368 2474
is_linear=0
shrinkage=0.03


Tree=192
num_leaves=31
num_cat=4
split_feature=21 23 22 13 23 0 7 20 11 6 20 9 0 11 17 0 0 18 6 23 23 9 7 17 17 14 11 16 19 16
split_gain=149.152 40.1209 29.0165 13.625 9.748 8.25269 7.85066 8.98851 7.45733 7.37166 7.2674 8.25077 6.99447 5.56198 5.16178 6.282 4.97802 11.9143 12.7394 4.68295 4.30917 4.25845 4.28042 4.24676 4.18077 6.31346 5.33061 4.8592 8.22972 4.84938
threshold=0.13363062095621173 0.11325401989032439 0.011230463732072973 1.0000000180025095e-35 0.034118625277161869 0 -1.0000000180025095e-35 0.080357142857142863 0.99274428880883148 1075.5000000000002 0.062500000000000014 0.6078576107927941 1 -0.59869031648930193 1.0000000180025095e-35 2 3 1.0000000180025095e-35 1200.5000000000002 0.10423057259713703 0.051668520578420474 -0.8783796973249266 0.3535533905932739 7.5000000000000009 3.5000000000000004 1.5000000000000002 -0.42957681104363482 1.5000000000000002 0.93750000000000011 1.5000000000000002
decision_type=2 2 2 2 2 1 2 2 2 2 2 2 1 2 2 1 1 2 2 2 2 2 2 2 2 2 2 2 2 2
left_child=2 3 -1 4 5 6 9 -8 -5 13 11 -11 -4 -2 -6 19 23 18 21 20 -16 -18 -23 24 -3 26 29 28 -28 -26
right_child=1 16 12 8 14 -7 7 -9 -10 10 -12 -13 -14 -15 15 -17 17 -19 -20 -21 -22 22 -24 -25 25 -27 27 -29 -30 -31
leaf_value=-0.012637183372664477 -0.0081720901108805373 0.00070841764883126728 -0.0067513569878080082 0.0011373691676356656 -0.00084469815197936514 -0.0048181841636675384 -0.0049079601386743032 0.00018494276670830154 0.012616541368776915 0.045587624598965593 0.0033060329139687284 0.005688273036377367 -0.00181402118578305 0.0027683541636021611 -0.0070264044850082566 -0.005353070432522841 -0.0024938093441922182 -0.0022624633672916382 0.0032195719676437365 -0.0089608433974254689 0.0094031254845745108 0.0006759278362054985 -0.0019233047360973051 -0.002944996257973136 -0.001649251658862822 -0.00060232617876442192 0.002200294271901776 0.0017973444504848746 0.0088571396866889973 0.0033604523096126653
leaf_weight=764.75668950006366 51.174437463283539 36574.019055634737 849.50812569260597 1039.7840456180274 5429.2748583033681 1482.1355617847294 721.84158527478576 544.59234523400664 52.750532861799002 9.5628770068287867 29.153254956007004 9.6334082186222059 412.42317378893495 208.38048857450485 16.900494430214167 453.12891300022602 617.43375772982836 1731.5470286607742 1274.5274260789156 22.733249761164188 68.499999105930328 3066.321898560971 698.91672188788652 274.32986891269684 358.3589291870594 632.14096319675446 318.85872313380241 490.10182368755341 359.30334985256195 334.68264466524124
leaf_count=28154 519 27237 13362 4592 32105 20534 9204 3810 206 96 182 83 5126 1618 126 2200 1724 3169 2012 88 341 7874 2128 95 148 188 131 131 108 95
internal_value=-2.70334e-05 0.000257925 -0.00802229 -0.00145244 -0.00183492 -0.00321442 -0.00165756 -0.00271476 0.00170813 0.00261238 0.0132465 0.0271348 -0.00521303 0.000565198 -0.00112966 -0.00386909 0.000629189 -8.49073e-05 0.000580667 0.00254396 0.00603864 -0.000185945 0.000191474 0.000763282 0.000789745 0.00197949 0.00285941 0.00409635 0.0057439 0.000762738
internal_weight=58896.8 56870.1 2026.69 10139.5 9047.01 3056.47 1574.34 1266.43 1092.53 307.904 48.3495 19.1963 1261.93 259.555 5990.54 561.263 46730.5 7388.75 5657.2 108.134 85.4005 4382.67 3765.24 39341.8 39067.5 2493.45 1861.31 1168.26 678.162 693.042
internal_count=167386 120744 46642 75704 70906 36046 15512 13014 4798 2498 361 179 18488 2137 34860 2755 45040 16907 13738 555 467 11726 10002 28133 28038 801 613 370 239 243
cat_boundaries=0 1 2 3 4
cat_threshold=12734 15364 65672 2339
is_linear=0
shrinkage=0.03


Tree=193
num_leaves=31
num_cat=3
split_feature=22 22 3 22 13 0 6 22 22 15 0 22 20 12 6 23 22 22 22 21 6 14 21 19 11 22 13 11 0 23
split_gain=143.816 49.1416 21.3432 13.3338 13.0163 11.157 8.38963 9.19468 8.816 7.97716 6.95503 6.85046 6.58584 6.18029 5.59063 6.78189 5.34436 5.69018 5.25894 8.39829 9.61902 6.42049 7.70861 6.33383 5.34402 10.1273 5.25446 5.00616 4.76386 5.33068
threshold=0.01679278019124919 0.10070289018693793 5.5000000000000009 0.005264631772324546 1.0000000180025095e-35 0 1135.5000000000002 0.063958934817495636 0.031800632248657368 1.0000000180025095e-35 1 0.021740428913484964 0.47321428571428575 -0.97874870457683594 367.50000000000006 0.13010914355718903 0.091528636359034118 0.07264993450429523 0.8636611719603795 1.572439166518165 1325.5000000000002 1.0000000180025095e-35 1.2852813123779774 0.68750000000000011 -0.95244167294248061 0.85554710052178595 2.5000000000000004 -0.05695216311707673 2 0.044389709906951298
decision_type=2 2 2 2 2 1 2 2 2 2 1 2 2 2 2 2 2 2 2 2 2 2 2 2 2 2 2 2 1 2
left_child=3 2 4 -1 5 14 7 -7 -8 10 -4 -12 26 -9 -2 16 17 -16 19 20 21 22 -14 -21 -23 -26 -3 -6 -29 -30
right_child=1 12 9 -5 27 6 8 13 -10 -11 11 -13 18 -15 15 -17 -18 -19 -20 23 -22 24 -24 -25 25 -27 -28 28 29 -31
leaf_value=-0.012967375664205095 -0.0041593849832332634 -0.00015253995439619278 -0.0019752149132331478 -0.0069765233080562638 -0.0012214848700588818 -0.0065330283813914971 0.0063074843511198853 -0.011423516178055816 -0.0026892496646953789 -0.0034836230824082633 0.010833471844590778 0.0010967682997960774 0.00096553636432601165 -0.0025218481031300472 -0.00093144850471012079 0.0044074057156112218 -0.0029706197548215766 0.004824792110833343 0.00070395612125374689 0.002806787955671962 -0.001441045796760526 0.00081425723901423113 0.0071155564302514563 -0.0036407056998645705 0.0047677399769200188 0.013474401530756807 0.0057663592243323205 0.0085796060556852516 -0.0051031756303621485 0.0053847201338292402
leaf_weight=600.44412508420646 626.75081509724259 9534.484222650528 710.22155168280005 781.8392243757844 261.56786065548658 1446.8872670643032 115.42973340675235 74.099118381738663 612.59007840231061 473.93673906475306 65.802514310926199 2753.0325011201203 935.69596830010414 1227.2847848087549 1040.1558346822858 192.15743799507618 1084.8525545597076 180.46404128521681 33755.906915813684 218.09294694662094 399.61622563004494 169.50209206342697 228.35860908031464 363.30229777097702 522.70917335152626 157.92090022563934 135.90034568309784 126.0639571249485 74.645144492387772 101.4982218593359
leaf_count=23051 5127 23499 6340 18084 1491 21993 1029 591 5216 1747 643 11727 869 8806 7730 784 6448 868 18186 128 418 138 139 187 446 97 154 593 509 413
internal_value=-3.15595e-05 0.000197943 -0.00158855 -0.00959069 -0.00256882 -0.00294288 -0.00411272 -0.00488367 -0.00124786 0.000164628 0.00065712 0.00132525 0.000627866 -0.00304169 -0.00162011 -0.000985576 -0.00143939 -7.22457e-05 0.000811171 0.00201684 0.00279701 0.00364112 0.00218224 -0.00121115 0.00562675 0.00681348 -6.81522e-05 0.0017974 0.00442551 0.000854392
internal_weight=58971.2 57588.9 11167.4 1382.28 7164.45 6600.67 3476.29 2748.27 728.02 4002.99 3529.06 2818.84 46421.5 1301.38 3124.38 2497.63 2305.47 1220.62 36751.1 2995.2 2413.8 2014.19 1164.05 581.395 850.132 680.63 9670.38 563.775 302.207 176.143
internal_count=167451 126316 82055 41135 61598 58592 37635 31390 6245 20457 18710 12370 44261 9397 20957 15830 15046 8598 20608 2422 2107 1689 1008 315 681 543 23653 3006 1515 922
cat_boundaries=0 1 2 3
cat_threshold=16433 9220 6145
is_linear=0
shrinkage=0.03


Tree=194
num_leaves=31
num_cat=7
split_feature=0 20 3 20 0 0 6 7 23 9 6 2 0 12 11 9 6 3 6 0 11 20 12 12 14 6 0 0 2 23
split_gain=143.777 48.3122 19.8145 11.7219 9.43754 9.31012 11.0965 6.66551 6.06171 5.60615 6.83979 5.81735 5.57801 10.361 5.17194 4.87808 4.86258 6.8173 6.04842 6.24897 5.71357 5.45999 8.20053 5.30008 5.17857 5.49204 9.86279 8.08045 9.51073 11.738
threshold=0 0.098214285714285726 1.5000000000000002 1.0000000180025095e-35 1 2 1170.5000000000002 -0.85355339059327373 0.040100502512562822 0.6078576107927941 415.50000000000006 1.5000000000000002 3 -0.57782411410281842 0.73865729060996166 0.6078576107927941 151.50000000000003 1.5000000000000002 553.50000000000011 4 -0.082689790342551819 1.1339285714285716 -0.77243990499604276 -0.99983123799342477 7.5000000000000009 889.50000000000011 5 6 4.5000000000000009 0.66747967479674808
decision_type=1 2 2 2 1 1 2 2 2 2 2 2 1 2 2 2 2 2 2 1 2 2 2 2 2 2 1 1 2 2
left_child=3 2 -2 -1 15 -4 -7 8 -8 -5 11 14 -10 -14 -11 -3 17 -6 19 -18 -21 22 -19 -20 25 26 -25 -27 29 -29
right_child=1 4 5 9 16 6 7 -9 12 10 -12 -13 13 -15 -16 -17 18 21 23 20 -22 -23 -24 24 -26 27 -28 28 -30 -31
leaf_value=-0.011965914914049162 -0.005095291850750301 -0.00034053410662246257 -0.00039207380417487366 -0.0079980285591475762 -0.0012480803647777368 -0.0036663561704147951 0.018281146025144249 -0.00072358442547547862 -0.0027148899457293792 0.008625935100743427 -0.0069955187712478634 -0.0031559457480662416 -0.0049108187386430529 0.02569856117514506 0.038443292974367764 -0.0030077946239748395 0.00066413428377534115 0.0094062985940569638 0.0066303836376311234 0.0001422677527855516 -0.0017921628355230183 0.00066176484217809247 0.0024620665729617589 0.0022704163856470351 -0.0041906038338150658 0.00088476379710588455 0.00043698700011023849 -0.0020145281030874164 -0.0022014686126450673 0.0012145949653003709
leaf_weight=896.41358916275203 1467.1192793063819 2195.2521548867226 4343.8955286629498 254.21990894339979 662.0947430357337 2129.7510583922267 30.914975300431252 495.74828128889203 62.044185973703861 23.60933539271355 58.591894529759884 23.774922588840127 16.112446054816246 22.866752631962299 6.4782748948782674 861.16153285652399 5065.4316695779562 164.77193708717823 135.97999789565802 2822.0975008532405 2667.4349534660578 1563.264465212822 2161.4255194738507 4946.9446998536587 191.48212838172913 13063.619897022843 5707.9741765856743 1411.7806992903352 1883.9028817638755 3576.355163693428
leaf_count=31709 18080 9892 26266 5480 832 23119 259 3995 357 391 1263 480 79 121 114 3929 3192 161 130 3173 2848 620 1690 4133 86 12186 5729 3004 1996 1922
internal_value=-6.30869e-05 0.000157097 -0.00192113 -0.0100314 0.000520095 -0.00126388 -0.00262353 0.000863707 0.00683355 -0.00553901 0 0.00768429 0.00312672 0.0104705 0.0162691 -0.00109118 0.00062735 0.00155889 0.000525087 -9.44681e-05 -0.000795311 0.00203845 0.00296036 0.000736785 0.00071034 0.00074135 0.00129146 0.000446983 -0.000385092 0.00029924
internal_weight=58912.5 57649.4 8568.45 1263.09 49081 7101.33 2757.44 627.687 131.938 366.674 112.454 53.8625 101.023 38.9792 30.0876 3056.41 46024.6 4551.56 41473 10555 5489.53 3889.46 2326.2 30918 30782.1 30590.6 10654.9 19935.7 6872.04 4988.14
internal_count=167236 127799 72276 39437 55523 54196 27930 4811 816 7728 2248 985 557 200 505 13821 41702 3303 38399 9213 6021 2471 1851 29186 29056 28970 9862 19108 6922 4926
cat_boundaries=0 1 2 3 4 5 6 7
cat_threshold=34368 65565 67641 8196 34 288 6274
is_linear=0
shrinkage=0.03


Tree=195
num_leaves=31
num_cat=4
split_feature=0 22 22 3 13 19 0 6 22 6 22 3 23 0 12 23 10 20 22 7 20 11 6 11 23 11 2 0 11 8
split_gain=137.604 39.1079 20.8357 15.423 10.9975 6.48784 6.02101 7.79817 6.11621 5.9752 8.1988 7.48411 5.95237 5.9433 5.9672 5.76764 11.6196 5.73124 6.05536 4.72859 6.43633 7.73924 5.32804 5.67536 4.57935 4.66923 4.45439 5.12322 4.54837 6.36193
threshold=0 0.097364410632518147 0.0078229775924323116 1.5000000000000002 1.0000000180025095e-35 3.9375000000000004 1 1180.5000000000002 0.025119845311482949 877.50000000000011 0.03525333568479596 2.5000000000000004 0.040100502512562822 2 -0.41399101439218416 0.076726844583987458 -0.56174490092936669 0.098214285714285726 0.0751663497585668 -0.85355339059327373 0.062500000000000014 -0.39826117949089107 1210.5000000000002 0.48314048284850658 0.061826711456040781 0.34235194516023087 1.5000000000000002 3 -0.75015329512557194 -0.35355339059327379
decision_type=1 2 2 2 2 2 1 2 2 2 2 2 2 1 2 2 2 2 2 2 2 2 2 2 2 2 2 1 2 2
left_child=2 3 -1 17 6 13 9 26 -9 10 11 15 -11 14 -3 16 -5 -2 -19 -6 21 -21 23 -22 25 -15 27 -8 29 -28
right_child=1 5 -4 4 19 -7 7 8 -10 12 -12 -13 -14 24 -16 -17 -18 18 -20 20 22 -23 -24 -25 -26 -27 28 -29 -30 -31
leaf_value=-0.011813134204013339 -0.0054408439436467422 0.00084698194559736225 -0.005328428802871551 -0.0030502467082551741 -0.0020236811320973819 0.0085871520726556357 -0.0054184500118623028 0.017835741283849058 4.3827021239281159e-05 0.012677425423293611 0.0023730567010203595 -0.0062545453621911141 -0.0023666441365583087 0.0071809214412650729 -0.0018945126532404924 -0.002010280370432192 0.039816226636485735 0.002029882472077455 -0.0044001227464280203 -0.00041050300493398307 -0.0026915640516845998 0.015782268916873635 0.0088507074689469986 0.0047059569118715417 0.00062565317000504638 0.00041659560270962626 -0.0041458365685489093 -4.8115648674290561e-05 -0.0037989904773943306 0.0018847883425725416
leaf_weight=793.60437872819602 1082.9807874560356 1228.5625173971057 1035.7606279812753 10.892786867916586 159.08366417884827 90.076170086860657 180.9877840615809 16.685279257595539 1085.8400959819555 23.257404677569866 1088.6483223065734 199.26550987735391 848.17163410037756 193.70984626561403 1698.670737631619 28.556089043617249 10.128777768462895 229.92075346410275 303.92183551192284 39.787966467440128 207.16799791902304 74.583785984665155 86.538918107748032 167.79102449119091 44078.078795805573 177.84745249152184 291.12970704585314 982.29467675089836 2198.4635835327208 339.1727659329772
leaf_count=30442 13815 5043 18738 107 509 31 1668 132 6548 151 4529 1869 3440 716 7751 190 91 1687 1880 219 739 395 344 523 34465 611 2525 7458 18158 2475
internal_value=-3.1189e-05 0.000228806 -0.0081055 -0.00151135 -0.000972362 0.00058297 -0.00132497 -0.00189023 0.00033444 -9.69589e-06 0.00124666 -0.00364691 -0.00194419 0.000567444 -0.000739434 0.00663166 0.0182017 -0.00418508 -0.00162095 0.00252053 0.00378759 0.0101423 0.00218121 0.000606518 0.000653678 0.00396906 -0.00251081 -0.000939694 -0.00315422 -0.000893341
internal_weight=58951.6 57122.2 1829.37 9655.27 8038.45 47466.9 7303.49 5094.57 1102.53 2208.92 1337.49 248.843 871.429 47376.9 2927.23 49.5777 21.0216 1616.82 533.843 734.953 575.87 114.372 461.498 374.959 44449.6 371.557 3992.05 1163.28 2828.77 630.302
internal_count=167249 118069 49180 69452 52070 48617 49341 38964 6680 10377 6786 2257 3591 48586 12794 388 198 17382 3567 2729 2220 614 1606 1262 35792 1327 32284 9126 23158 5000
cat_boundaries=0 1 2 3 4
cat_threshold=50752 41 9 4096
is_linear=0
shrinkage=0.03


Tree=196
num_leaves=31
num_cat=6
split_feature=21 0 0 6 3 3 23 0 1 21 12 16 6 13 21 0 6 21 6 12 6 0 23 21 21 12 0 12 17 12
split_gain=138.879 37.2728 26.2127 12.0072 11.3128 8.08431 6.84932 6.32243 6.25273 6.14615 5.95173 7.34164 5.53064 5.46758 6.14558 4.91357 4.673 4.43782 5.99733 5.36062 4.34413 4.73668 5.33421 4.09787 3.83192 3.65887 5.66468 4.93636 6.27927 7.06577
threshold=0.16044347806795992 0 1 1180.5000000000002 2.5000000000000004 1.5000000000000002 0.010335986325516801 2 2.5000000000000004 0.13363062095621173 0.56191161272202661 1.5000000000000002 715.50000000000011 3.5000000000000004 2.6753740757250477 3 1295.5000000000002 1.461186139773073 1105.5000000000002 0.097680735332368748 145.50000000000003 4 0.09886915410171225 1.2011898862615944 3.633515372553564 -0.99983123799342477 5 -0.98801846520836312 2.5000000000000004 -0.99628250747696534
decision_type=2 1 1 2 2 2 2 1 2 2 2 2 2 2 2 1 2 2 2 2 2 1 2 2 2 2 1 2 2 2
left_child=1 9 6 5 15 -3 8 -7 -2 -1 11 16 -12 24 17 -4 20 18 23 -19 21 22 -6 -15 25 26 -8 28 29 -27
right_child=2 3 4 -5 10 7 13 -9 -10 -11 12 -13 -14 14 -16 -17 -18 19 -20 -21 -22 -23 -24 -25 -26 27 -28 -29 -30 -31
leaf_value=-0.011729381876290374 0.0012925206851015772 -0.0083577720182253287 -0.0058306902049725497 0.003405206917372386 0.010924203703723545 -0.00045302196320306062 0.0080949926311355974 -0.0046445883594928529 -0.0069396436217802173 -0.0058764696204804366 -0.000234602477536127 0.0093048238515078107 -0.0036593577883177499 -0.00054851256112833273 0.0067244632779823177 -0.0022348162252855829 0.0021943731008949091 0.0020389242856862222 0.0062325219119124453 -0.0023368962971286344 -0.00085191541101548637 -0.0014250727106410266 0.0018007115164626654 0.0033773904208871689 -0.0030186405343192841 0.00048743238794697879 -0.00094010131812145446 0.00068432400956008931 0.0038259862158926644 -0.003287581203271531
leaf_weight=876.75953570753336 138.52355924993753 373.76718165352941 437.87305473163724 194.53861723840237 88.803998582065105 474.2957961410284 134.17193120718002 1126.219001699239 201.42707641422749 207.50004414469004 822.90597373247147 74.980020880699158 884.45286681503057 447.8728606402874 229.73223626613617 1784.0197169613093 680.54363262653351 566.34903812408447 330.22909414768219 452.07303082942963 3481.994341313839 179.74973046779633 168.4126071035862 506.73861449956894 258.35842031240463 869.25706535577774 110.78959557414055 41657.565428294241 228.59848099946976 910.36241769045591
leaf_count=31679 617 6433 5585 1867 461 4939 94 14676 1564 4981 4722 249 5071 204 55 15262 3317 181 137 148 19197 1195 627 199 121 894 130 41669 92 958
internal_value=2.92815e-05 -0.00599461 0.000381651 -0.00365816 -0.00113975 -0.00437709 0.000660155 -0.0034391 -0.00357364 -0.0105243 -0.000497879 5.46667e-05 -0.00201332 0.000691319 0.00204758 -0.00298475 -9.68127e-05 0.00157578 0.00274763 9.02443e-05 -0.000496675 0.00231586 0.00481738 0.00153056 0.00061336 0.000634935 0.00428795 0.000614206 -0.000836916 -0.00144106
internal_weight=58898.9 3253.08 55645.8 2168.82 8603.74 1974.28 47042 1600.51 339.951 1084.26 6381.84 4674.48 1707.36 46702.1 2532.99 2221.89 4599.5 2303.26 1284.84 1018.42 3918.96 436.966 257.217 954.611 44169.1 43910.7 244.962 43665.8 2008.22 1779.62
internal_count=167324 64575 102749 27915 55686 26048 47063 19615 2181 36660 34839 25046 9793 44882 924 20847 24797 869 540 329 21480 2283 1088 403 43958 43837 224 43613 1944 1852
cat_boundaries=0 1 2 3 4 5 6
cat_threshold=34368 2466 65584 99332 4108 130
is_linear=0
shrinkage=0.03


Tree=197
num_leaves=31
num_cat=3
split_feature=0 21 3 22 0 3 6 22 0 9 6 8 21 2 6 6 23 18 3 2 14 12 6 23 21 9 16 22 6 8
split_gain=128.289 39.4196 14.2752 11.9438 9.91889 10.2901 8.54207 9.16568 7.30217 7.29628 6.55414 5.69998 5.36047 5.15525 5.00211 4.98749 4.76335 4.72929 4.69799 4.95539 4.74262 4.63381 4.52187 5.26531 4.49194 5.44495 7.14238 6.96698 4.62654 4.41068
threshold=0 0.27749879654779902 1.5000000000000002 0.020651719691103458 1 2.5000000000000004 1150.5000000000002 0.062277466920423276 2 1.0000000180025095e-35 409.50000000000006 0.35355339059327379 0.13363062095621173 1.5000000000000002 355.50000000000006 1210.5000000000002 0.034118625277161869 5.5000000000000009 6.5000000000000009 1.0000000180025095e-35 1.0000000180025095e-35 0.16587474750015932 589.50000000000011 0.09886915410171225 0.30435997051820268 0.6078576107927941 1.5000000000000002 0.10010412724786256 811.50000000000011 -0.35355339059327379
decision_type=1 2 2 2 1 2 2 2 1 2 2 2 2 2 2 2 2 2 2 2 2 2 2 2 2 2 2 2 2 2
left_child=3 2 15 12 17 21 7 8 -4 -5 11 13 -1 -11 29 -2 -17 -3 -10 -20 -21 -6 -16 -24 28 26 -26 -28 -7 -9
right_child=1 4 6 9 5 24 -8 14 18 10 -12 -13 -14 -15 22 16 -18 -19 19 20 -22 -23 23 -25 25 -27 27 -29 -30 -31
leaf_value=-0.012288777390672851 -0.0060311703355662482 0.00054248825325404375 -0.010190963279858798 -0.0084846125758820199 -0.001791556270022928 0.0050327546669948712 0.0010775525797982162 -0.0012848366241886267 -0.0038208417639567752 0.029564910117731533 -0.0052767102027503395 -0.0032584380260494176 -0.0063122924911084349 0.0060324504923364667 -0.003624325610096684 -0.0036043303657210517 0.0078247474937065773 0.0029983597327716744 0.008266608927765675 -0.0021556916237468163 0.020148272753885338 -0.0057145872379749203 0.0018337049193837167 -0.0024510623433994299 -2.597666221911791e-05 -0.0026711988601388469 0.0007607309819714854 0.022151183424665068 -0.00035189649908071125 0.0034845899959974514
leaf_weight=788.98485600948334 928.45366612449288 45900.989849090576 133.45114319398999 142.59975629672408 694.16981355845928 288.45342338085175 998.61101134866476 313.47769343107939 1341.5365201719105 14.044093888252972 60.418442878872156 21.415572047233582 172.65768730267882 22.358687747269869 650.17941166087985 109.7652728818357 45.60167570412159 716.97920259833336 55.073568239808083 283.17322396486998 7.8141025044023982 452.11012790724635 487.24150643870234 545.41058249026537 1939.0018575489521 783.44421475380659 30.222921140491962 25.151968687772751 280.93267516046762 387.90433993935585
leaf_count=30029 12920 45925 1600 2629 4951 1433 6851 2026 18310 170 1059 334 4702 356 3952 1353 391 225 529 3059 73 3557 3290 2371 7885 3253 126 57 1412 2046
internal_value=-3.09297e-05 0.000174652 -0.00206645 -0.00960369 0.000450537 -0.000893773 -0.00141195 -0.00200466 -0.00360758 -0.00393309 0.00153107 0.00871578 -0.0112296 0.0158193 -0.000776854 -0.00519928 -0.000182828 0.000580327 -0.00299958 8.22258e-05 -0.00146924 -0.00334772 -0.0016653 -0.000423736 -5.35257e-05 -0.000553023 0.000276968 0.0108036 0.00236951 0.00134559
internal_weight=58621.6 57399.1 6287.69 1222.48 51111.5 4493.49 5203.87 4205.26 1821.05 260.837 118.237 57.8184 961.643 36.4028 2384.21 1083.82 155.367 46618 1687.6 346.061 290.987 1146.28 1682.83 1032.65 3347.21 2777.82 1994.38 55.3749 569.386 701.382
internal_count=166874 127595 58771 39279 68824 22674 44107 37256 23571 4548 1919 860 34731 526 13685 14664 1744 46150 21971 3661 3132 8508 9613 5661 14166 11321 8068 183 2845 4072
cat_boundaries=0 1 2 3
cat_threshold=34368 14754 4
is_linear=0
shrinkage=0.03


Tree=198
num_leaves=31
num_cat=5
split_feature=0 23 22 21 6 0 5 7 22 9 6 13 6 22 0 0 21 7 21 13 21 19 8 10 21 19 0 6 22 19
split_gain=132.047 39.7007 13.8696 11.4044 10.4514 7.89725 7.44726 7.31638 11.8871 7.02428 7.20806 6.06943 6.17945 7.62004 6.06892 5.54561 6.10052 5.71122 5.11226 4.45689 5.22048 7.47861 4.18747 5.1081 4.10645 5.28039 6.11481 5.49694 3.95321 8.18876
threshold=0 0.068874293012224058 0.020651719691103458 0.13363062095621173 1255.5000000000002 1 1.0000000180025095e-35 0.3535533905932739 0.12166413815136976 1.0000000180025095e-35 403.50000000000006 1.0000000180025095e-35 1150.5000000000002 0.066334415534789359 2 3 0.49901823709522802 -0.85355339059327373 0.13363062095621173 3.5000000000000004 3.633515372553564 2.5625000000000004 0.35355339059327379 1.0000000180025095e-35 2.4379973539548812 1.6875000000000002 4 625.50000000000011 0.038269862512117218 0.18750000000000003
decision_type=1 2 2 2 2 1 2 2 2 2 2 2 2 2 1 1 2 2 2 2 2 2 2 2 2 2 1 2 2 2
left_child=2 3 18 4 -2 19 -6 8 11 -4 22 12 13 -5 -9 16 17 -15 -1 20 21 28 23 -11 25 26 27 -21 29 -3
right_child=1 5 9 7 6 -7 -8 14 -10 10 -12 -13 -14 15 -16 -17 -18 -19 -20 24 -22 -23 -24 -25 -26 -27 -28 -29 -30 -31
leaf_value=-0.012572941238347082 -0.0060842223608466401 0.0028921790256373537 -0.0082689718767719449 -0.0037422753253291471 0.025508878426621012 -0.00064494822171072704 -0.0056011352920874065 -0.0045255561795356867 0.01074462711482964 0.0051162512819887549 -0.0055110233999244879 0.0029758314087549669 0.00089221641939040309 0.021196040214235524 -0.0015445239117332467 -0.0017672615534698429 -0.0078961806798278703 0.0037542980429543832 -0.0067435617580605296 0.0017429401659786578 -0.0037271212187140294 0.0050027083346887071 -0.0015994575590697576 0.027626171029026658 0.0051785586783979591 -0.00068485216456838627 0.00084814775437099118 0.0076592707591017365 0.00048176637962722165 0.025582151943946613
leaf_weight=782.31032773293555 750.23619437590241 173.1957940235734 137.9281796887517 1200.3049426414073 15.55423241481185 5244.1685964912176 10.929055940359831 1023.5034827515483 80.073335140943527 23.428009908646345 61.951612427830696 326.80000803247094 803.24813816696405 17.532304152846336 1637.3048831783235 554.85718035697937 36.263742074370384 234.30619639903307 174.48418106883764 271.76210254430771 258.69416689872742 334.11597669124603 20.875119298696518 15.435471594333647 287.84556317329407 749.79980248212814 942.14064154028893 302.62855058908463 42375.949341930449 14.783155255019663
leaf_count=30112 12061 1187 2563 13445 162 24995 117 12559 159 370 1074 1771 5758 78 11528 3372 131 1615 4783 106 122 147 327 179 71 247 361 131 37647 71
internal_value=-3.61895e-05 0.000171 -0.00977306 -0.00200126 -0.00541998 0.000456425 0.0127155 -0.00155042 -0.000593509 -0.00365162 0.00155769 -0.000884793 -0.00133102 -0.00220796 -0.00271753 -1.42635e-05 0.00328309 0.0050713 -0.0115243 0.000582936 0.000510776 0.000536559 0.00895708 0.0146758 0.00180144 0.00136777 0.00238637 0.00479506 0.000501243 0.00483426
internal_weight=58862.4 57646 1216.41 6690.91 776.719 50955.1 26.4833 5914.19 3253.39 259.618 121.69 3173.31 2846.51 2043.26 2660.81 842.959 288.102 251.839 956.795 45710.9 43156.7 42898 59.7386 38.8635 2554.18 2266.33 1516.53 574.391 42563.9 187.979
internal_count=167249 127841 39408 62756 12340 65085 279 50416 26329 4513 1950 26170 24399 18641 24087 5196 1824 1693 34895 40090 39174 39052 876 549 916 845 598 237 38905 1258
cat_boundaries=0 1 2 3 4 5
cat_threshold=34368 68002 90117 4140 256
is_linear=0
shrinkage=0.03


Tree=199
num_leaves=31
num_cat=5
split_feature=0 20 22 3 13 6 12 3 6 11 0 12 6 0 0 22 22 11 12 8 12 0 6 14 22 9 11 21 21 11
split_gain=137.383 36.5009 20.486 13.8094 8.53193 6.42959 6.28109 5.93559 7.4174 6.57735 6.34937 6.87245 5.51929 7.37288 5.882 7.11203 5.5415 5.42803 5.23105 4.85053 4.85016 4.71462 6.77377 4.68162 4.67012 5.51004 4.93038 6.20679 4.64413 4.48572
threshold=0 0.080357142857142863 0.0078229775924323116 1.5000000000000002 1.0000000180025095e-35 1210.5000000000002 -0.99983123799342477 5.5000000000000009 1375.5000000000002 -0.99763297024448894 1 -0.44505783185115427 1165.5000000000002 2 3 0.062277466920423276 0.030550644371627033 -0.54220184589352438 -0.94137724084408114 1.0000000180025095e-35 0.029024409397335523 4 451.50000000000006 7.5000000000000009 0.092346311213887325 1.0000000180025095e-35 0.3744682635859638 0.41677487772333133 0.13363062095621228 -0.93545489084327571
decision_type=1 2 2 2 2 2 2 2 2 2 1 2 2 1 1 2 2 2 2 2 2 1 2 2 2 2 2 2 2 2
left_child=2 3 -1 5 6 21 19 9 -9 20 24 18 14 29 15 -5 -15 -10 -12 -3 -8 22 -2 -6 25 -11 -27 -28 -7 -14
right_child=1 4 -4 12 23 28 7 8 17 10 11 -13 13 16 -16 -17 -18 -19 -20 -21 -22 -23 -24 -25 -26 26 27 -29 -30 -31
leaf_value=-0.01195157422173598 0.015382166397847634 0.001755176300677783 -0.0054090620496928575 -0.004985013098197124 0.00098060795258952038 0.013885189218573334 0.0016559448416884122 0.00053550568197972175 0.0062033809023429249 0.00010584188528550343 -0.0026711577669137755 -0.0024584843271178037 0.023293533097171842 0.009675497588901719 -0.00089337555876779014 -0.00065715709018595626 -0.00096519359386225542 0.00033714992285886064 0.0012862544150600273 0.013836947435906849 0.0092481598568606212 -0.0065477393078382275 -0.0035560406586875922 -0.0045945532554992922 -7.5929225469102831e-05 0.0022917693644497195 0.022835395925843001 0.0060348603485296647 -0.0012782784639990274 0.0053786026760006839
leaf_weight=759.66161845996976 21.090608507394791 73.396039314568043 1012.9537898898125 863.65147592872381 24516.244085446 20.154948510229588 305.81706923246384 8078.3347982764244 374.76039509475231 261.53364561498165 415.38560846447945 2173.6711892783642 13.372397564351557 45.754360996186733 2948.8207547701895 571.37833199650049 749.83427403867245 231.94816640019417 1078.4055109620094 51.511691831052303 101.24990887194872 835.70966639369726 72.26157969981432 134.96979278326035 12654.888658449054 107.72429142892361 30.243181545287371 61.051955595612526 126.09170197695494 135.5592557489872
leaf_count=30491 153 122 18698 11104 16528 229 576 9967 477 1360 2069 11036 69 361 19353 4256 4440 287 5417 107 190 11295 536 56 14900 563 200 243 1291 794
internal_value=2.34389e-05 0.000279791 -0.00817533 -0.00185383 0.000549744 -0.00495534 0.000170326 0.000137558 0.000776885 -0.000185133 -0.00027695 -0.00137836 -0.00122598 0.000849218 -0.00167455 -0.00324505 -0.000330192 0.00397481 0.000180733 0.00685565 0.0035771 -0.00587569 0.00070224 0.000949654 3.16865e-05 0.00299615 0.00674483 0.0118525 0.00085083 0.00672338
internal_weight=58827.4 57054.8 1772.62 6403.68 50651.1 1075.31 25999.9 25875 8685.04 17190 16782.9 3667.46 5328.37 944.52 4383.85 1435.03 795.589 606.709 1493.79 124.908 407.067 929.062 93.3522 24651.2 13115.4 460.553 199.019 91.2951 146.247 148.932
internal_count=167168 117979 49189 53881 64098 13504 47514 47285 10731 36554 35788 18522 40377 5664 34713 15360 4801 764 7486 229 766 11984 689 16584 17266 2366 1006 443 1520 863
cat_boundaries=0 1 2 3 4 5
cat_threshold=50752 8610 4128 12292 8
is_linear=0
shrinkage=0.03


Tree=200
num_leaves=31
num_cat=0
split_feature=21 23 23 19 3 12 20 3 21 15 7 14 19 23 11 23 11 11 19 23 19 21 12 11 11 15 20 11 20 3
split_gain=123.367 30.0272 25.4912 9.44705 8.84194 5.37938 5.32962 5.30282 4.84892 4.7633 4.38552 4.68954 3.8424 5.015 4.6688 3.7279 3.71558 3.70502 5.12556 5.18822 5.25654 5.72691 4.20171 4.06853 4.94009 4.02164 3.92474 5.29249 3.65612 3.58787
threshold=0.13363062095621173 0.075652963888258026 0.024565020617519865 1.0000000180025095e-35 1.5000000000000002 0.97832380634958016 0.33035714285714296 5.5000000000000009 3.633515372553564 10.500000000000002 0.3535533905932739 1.0000000180025095e-35 0.31250000000000006 0.036477341849148422 0.66527693225344786 0.0075472772841193901 0.90162119223771331 -0.54939360607974019 0.56250000000000011 0.1630032206119163 1.0000000180025095e-35 0.54026074470518948 0.79773375822167203 -0.61237985104942771 -0.98214942551678475 1.0000000180025095e-35 0.044642857142857144 0.92602006027323147 0.044642857142857144 5.5000000000000009
decision_type=2 2 2 2 2 2 2 2 2 2 2 2 2 2 2 2 2 2 2 2 2 2 2 2 2 2 2 2 2 2
left_child=2 3 15 4 28 10 7 -3 9 -8 11 -5 13 16 -15 -1 -13 18 19 20 23 -22 -21 24 -9 26 27 -19 -2 -6
right_child=1 6 -4 5 29 -7 8 17 -10 -11 -12 12 -14 14 -16 -17 -18 25 -20 22 21 -23 -24 -25 -26 -27 -28 -29 -30 -31
leaf_value=-0.011483695502739453 -0.0074935333524143444 -0.00077360316561848094 -0.0032071149609978634 4.4466567577974729e-05 -0.0025026159734465297 -0.0064480057709934389 0.00063528420371152731 0.012746657122906284 -0.0030206294748415033 0.0061232563538786118 -0.0014434204197329604 0.0037207807833187635 -0.00071224206634298056 0.0066020100920515844 0.020027585796550115 -0.007672331645029366 -0.011869962763071248 -0.004345379254537032 0.011796264984184904 -0.00030615782036197365 -0.00025342636907755656 0.013446351736484232 0.00967977048173084 0.018638275000996032 0.0032299730639168945 -0.002089340680206532 0.00090501810832311919 0.0052768639765646561 -0.003634673593074286 -2.1197033959302459e-05
leaf_weight=804.80183848366141 382.69633716344833 5548.5002885684371 747.55133409425616 1346.802366392687 1932.1187974084169 129.2906212694943 38990.502401888371 62.264501512050629 324.07539182901382 142.13895511627197 1425.3936188910156 73.598356623202562 99.871736023575068 95.694846872240305 31.896000094711781 354.82236897014081 15.81121023185551 273.90979005023837 43.163681447505951 989.37078520655632 322.05754390358925 28.94990947842598 38.422409936785698 21.629452206194401 239.45730642229319 672.85621216893196 2478.9054611697793 61.896349351853132 554.88752376660705 726.38869220390916
leaf_count=28587 6639 21660 9491 8836 19925 1028 23527 266 136 34 10350 665 342 533 164 8480 149 1493 54 2056 1109 55 77 90 1032 1416 6422 356 5506 6761
internal_value=-4.08747e-05 0.000209983 -0.00754452 -0.00165839 -0.00271524 -0.000475154 0.000463562 -0.000127087 0.000625105 0.000655527 -0.000221217 0.00082257 0.00410032 0.00633588 0.0101345 -0.0103303 0.000796549 0.000557294 0.0016853 0.0014186 0.00346142 0.000894429 7.03641e-05 0.00621812 0.00524931 -5.80401e-06 0.000490699 -0.00254358 -0.00522245 -0.00182713
internal_weight=58959.7 57052.6 1907.18 6814.45 3596.09 3218.36 50238.1 10781.4 39456.7 39132.6 3089.07 1663.67 316.872 217 127.591 1159.62 89.4096 5232.88 1745.32 1702.15 674.359 351.007 1027.79 323.351 301.722 3487.57 2814.71 335.806 937.584 2658.51
internal_count=167239 120681 46558 60898 38831 22067 59783 36086 23697 23561 21039 10689 1853 1511 697 37067 814 14426 4739 4685 2552 1164 2133 1388 1298 9687 8271 1849 12145 26686
is_linear=0
shrinkage=0.03


Tree=201
num_leaves=31
num_cat=0
split_feature=21 22 22 23 3 22 6 22 3 22 2 12 23 11 21 12 6 23 20 23 12 18 6 6 6 16 16 6 11 13
split_gain=127.853 28.4611 24.8264 10.6106 8.16868 10.8766 7.75786 7.3025 6.99469 8.30251 6.12765 6.76845 6.21368 5.44857 6.12953 6.5452 5.53061 6.23938 5.35623 12.5306 5.77748 6.38801 5.25153 5.20759 6.19616 5.19616 5.38378 5.84118 5.15568 5.10151
threshold=0.13363062095621173 0.065041333606613391 0.011230463732072973 0.024565020617519865 5.5000000000000009 0.26005795408282945 589.50000000000011 0.08237160704296638 4.5000000000000009 0.043286566895132515 4.5000000000000009 0.59003219687534991 0.1630032206119163 -0.99763297024448894 0.41677487772333133 -0.85225707553516283 655.50000000000011 0.12128567225654606 0.52678571428571441 1.4604218880534672 0.11478523713130606 1.5000000000000002 649.50000000000011 313.50000000000006 271.50000000000006 7.5000000000000009 5.5000000000000009 1350.5000000000002 -0.83377653105606597 1.0000000180025095e-35
decision_type=2 2 2 2 2 2 2 2 2 2 2 2 2 2 2 2 2 2 2 2 2 2 2 2 2 2 2 2 2 2
left_child=2 3 -1 8 5 6 -3 -8 28 -10 11 12 13 -6 16 -16 17 -15 -14 20 21 -20 -9 24 -4 26 27 -12 -2 -5
right_child=1 4 23 29 10 -7 7 22 9 -11 25 -13 18 14 15 -17 -18 -19 19 -21 -22 -23 -24 -25 -26 -27 -28 -29 -30 -31
leaf_value=-0.012256829087333956 -0.0010721670240448576 -0.0021964910002349757 -0.0018341150590068939 -0.0013612845082173052 0.015807043126917358 0.00043903581139062548 0.0034630241239024299 0.0032346829300031027 -0.0017785515849710438 0.015772332959083774 -0.00030578840757570027 0.00013692854192652373 1.2975523687550407e-05 0.0059963980820177207 -0.0085456620631802638 0.002201477297534601 0.0087532776110479157 -0.0018130334786084694 0.0048689189113433383 0.001220532121188932 0.007868418081741076 -0.0012874586762982188 -0.00075250849240709821 -0.0058390516183108344 0.018772124003873285 -0.0070822579966615682 0.0057849622114135709 0.0029928988691305123 -0.0061103309683171077 0.003207982148655723
leaf_weight=688.54323054291308 228.35317398048937 2575.2319544628263 136.0922979041934 2473.8978988304734 32.509554818272591 22207.247603982687 445.54886296391487 313.84785691648722 416.78294195793569 24.722214996814728 5251.3370272889733 4275.7601509094238 2218.8330487012863 227.72151570022106 63.68895061314106 239.8847768008709 235.30866086483002 151.92090860009193 544.31199598312378 7265.9211206436157 347.27837526798248 207.73450517654419 5213.6082418188453 1057.7723847925663 13.52040860801935 89.962274074554443 147.38121116161346 531.06561540067196 991.4514783360064 239.74936556071043
leaf_count=28127 3327 16144 2129 19688 99 17698 2620 1171 6049 140 4869 3942 3819 1003 170 504 710 585 246 2123 105 81 18674 16197 176 18 34 412 15270 1139
internal_value=-4.45051e-05 0.000210548 -0.00770651 -0.00211386 0.00040408 8.88382e-05 -0.000820174 -0.000225509 -0.00400254 -0.000748803 0.000847901 0.00115803 0.00153596 0.00386111 0.00341505 -5.41988e-05 0.00513471 0.00285899 0.00132612 0.00167366 0.0046593 0.00316095 -0.000524487 -0.00509862 0.000100495 3.2301e-05 0.000142425 -1.32884e-06 -0.00517373 -0.000954349
internal_weight=58857 56961.1 1895.93 4374.96 52586.1 30755.5 8548.24 5973 1661.31 441.505 21830.6 15810.9 11535.1 951.034 918.525 303.574 614.951 379.642 10584.1 8365.25 1099.32 752.047 5527.46 1207.39 149.613 6019.75 5929.78 5782.4 1219.8 2713.65
internal_count=167269 120640 46629 45613 75027 56307 38609 22465 24786 6189 18720 13387 9445 3071 2972 674 2298 1588 6374 2555 432 327 19845 18502 2305 5333 5315 5281 18597 20827
is_linear=0
shrinkage=0.03


Tree=202
num_leaves=31
num_cat=5
split_feature=0 22 6 0 20 0 3 22 6 12 2 13 7 3 0 21 22 6 22 12 6 0 14 13 16 14 19 3 1 10
split_gain=121.336 36.9146 11.6647 12.5617 11.0888 7.65434 6.44299 5.47181 5.39043 5.03757 4.94563 6.12585 4.49669 4.43648 4.28621 5.70113 5.42852 4.20097 15.3043 6.54498 6.86032 13.3212 11.2381 10.7461 14.9056 13.2072 24.3379 17.8893 15.9293 26.4774
threshold=0 0.065041333606613391 1180.5000000000002 1 1.0000000180025095e-35 2 2.5000000000000004 0.025557181266289954 193.50000000000003 0.44312301391210612 2.5000000000000004 1.5000000000000002 1.0000000180025095e-35 1.5000000000000002 3 0.13363062095621173 0.027766178885545119 595.50000000000011 0.26005795408282945 0.98174098242282837 877.50000000000011 4 2.5000000000000004 1.0000000180025095e-35 5.5000000000000009 1.0000000180025095e-35 2.0625000000000004 6.5000000000000009 8.5000000000000018 -0.22252093395631442
decision_type=1 2 2 1 2 1 2 2 2 2 2 2 2 2 1 2 2 2 2 2 2 1 2 2 2 2 2 2 2 2
left_child=4 2 3 10 7 17 -7 -1 9 -8 -2 13 -5 -12 15 -4 -17 18 -3 20 21 -19 23 -23 25 -25 27 28 29 -27
right_child=1 5 14 12 -6 6 8 -9 -10 -11 11 -13 -14 -15 -16 16 -18 19 -20 -21 -22 22 -24 24 -26 26 -28 -29 -30 -31
leaf_value=-0.011822019011411918 0.00023241038982220859 -0.0031887662019757742 0.021148170437308867 -0.0037129384269205421 -0.0050540986562527092 -0.0022471057052386809 0.0035644229782244522 0.0056031037911035792 -0.00046390480531211388 -0.0020562511356697157 -0.0073182408198326143 0.018473448573095349 -0.0069165396155946371 -0.0021839948609499336 -0.0015472593141940252 0.01011289588550055 0.00055584961168718709 1.4524903893943206e-05 0.00044154295149833824 -0.0010105420591912406 0.00058668161750092586 0.0016354066834259587 -0.0018427189781872789 0.0017577822467523946 0.014180157127179486 0.024758229858587513 -0.0034660496009462625 0.00025267660406967337 0.0051701059197178751 0.0081617060075134026
leaf_weight=805.6542034689337 832.37230546027422 1120.4561279267073 12.563258767127989 912.83497162163258 351.60948919318616 1513.6411731280386 612.09221934527159 15.53105368837714 3758.3319360911846 185.18800850957632 183.83160437643528 10.953416638076304 719.57179860770702 894.96413335949183 671.37217678874731 58.131173677742481 583.91286477446556 3131.9458876848221 15317.29545506835 1711.4554141908884 19810.039041668177 2871.9810557812452 496.96838276088238 1254.9873162657022 131.36588299274445 151.28287430107594 179.2821900844574 173.84200185537338 240.12907743453979 207.54513771831989
leaf_count=31404 7156 5155 103 12164 7719 12054 2601 297 16501 959 2406 43 12231 7214 5717 425 3733 1778 10399 1909 18788 4729 260 1026 28 103 57 68 176 133
internal_value=2.4659e-05 0.000219614 -0.00227627 -0.0031719 -0.00948288 0.000450216 -0.000551138 -0.0114787 1.02046e-05 0.00225043 -0.00149443 -0.00283163 -0.00510091 -0.00307042 0.000120682 0.00183584 0.00144486 0.000580211 0.000193544 0.000789538 0.000897313 0.00159265 0.00245313 0.002869 0.00438013 0.00378796 0.00645308 0.00876349 0.0112191 0.0152249
internal_weight=58921.1 57748.3 4880.51 3554.53 1172.79 52867.8 6069.25 821.185 4555.61 797.28 1922.12 1089.75 1632.41 1078.8 1325.98 654.607 642.044 46798.6 16437.8 30360.8 28649.4 8839.33 5707.38 5210.42 2338.43 2207.07 952.081 772.799 598.957 358.828
internal_count=167336 127916 51192 41214 39420 76724 32115 31701 20061 3560 16819 9663 24395 9620 9978 4261 4158 44609 15554 29055 27146 8358 6580 6320 1591 1563 537 480 412 236
cat_boundaries=0 1 2 3 4 5
cat_threshold=34368 67633 2466 12304 2
is_linear=0
shrinkage=0.03


Tree=203
num_leaves=31
num_cat=5
split_feature=0 20 3 22 0 0 5 6 9 0 6 20 6 11 12 11 23 7 0 6 3 10 7 12 23 11 20 6 10 8
split_gain=122.932 36.005 13.6485 12.7796 9.8763 8.71494 6.77955 6.87275 6.03784 5.87177 5.76701 5.73162 5.33644 6.2228 5.1904 5.13485 5.12626 12.7787 4.95862 5.2151 5.77772 4.95128 4.81334 4.66269 4.63126 4.8892 4.55905 4.38739 4.15442 4.08852
threshold=0 0.098214285714285726 4.5000000000000009 0.02016215161419076 1 2 1.0000000180025095e-35 1160.5000000000002 1.0000000180025095e-35 3 403.50000000000006 1.9732142857142858 1215.5000000000002 0.65233619298682533 0.99681593486783593 0.91939013254733981 0.017595459236326112 0.85355339059327384 4 1125.5000000000002 5.5000000000000009 1.0000000180025095e-35 0.3535533905932739 -0.99983123799342477 0.027855369335816265 0.80417553764032002 0.062500000000000014 139.50000000000003 1.0000000180025095e-35 0.35355339059327379
decision_type=1 2 2 2 1 1 2 2 2 1 2 2 2 2 2 2 2 2 1 2 2 2 2 2 2 2 2 2 2 2
left_child=3 2 4 -1 16 11 7 14 -5 15 28 23 -6 -14 18 -9 17 -2 19 20 21 -4 -7 -3 -15 -26 -22 -8 -10 -30
right_child=1 5 6 8 12 22 27 9 10 -11 -12 -13 13 24 -16 -17 -18 -19 -20 -21 26 -23 -24 -25 25 -27 -28 -29 29 -31
leaf_value=-0.011448533179723639 -0.0071971663302233709 0.0048362842799635018 -0.0047019030275540644 -0.0081111008162463652 -0.0042938744978130144 -0.00027786193120434184 0.0034874132399864014 -0.0026645118877277989 0.0010237894376686986 0.0054818727342497578 -0.0049532754348306628 -0.0041660409253301608 -0.0019031559978251414 -0.0012673648708870248 -0.0090443194916230655 0.0099719728986581227 0.00020115409947125062 0.024086153428415927 -0.001948268906470402 -0.0082923334854114687 0.0042185514371898035 0.0021565295652753364 -0.0029183034413514746 0.00063207293627102535 0.029973706234010869 0.0027221801364244219 0.00027648228334425121 -0.0028774322231196465 0.025693495264320961 -0.00087388198265308105
leaf_weight=883.567986311391 177.02956327050924 238.12714146077633 227.61673002690077 147.9580444060266 2507.6466178074479 2257.6581078246236 105.54884414374828 187.08866823464632 35.359831970185041 373.59723591804504 70.488061342388391 221.7921097278595 425.40646919608116 18.141147576272488 58.949289441108704 33.134038351476192 1106.3061209954321 11.54107231646776 831.50742534548044 52.124235294759274 575.41943047940731 159.60064121708274 859.72940207272768 45767.560040690005 13.238456562161447 11.423427894711493 493.8515268266201 1071.4427176937461 15.478940255939962 6.9078801460564128
leaf_count=34354 2176 186 1543 2867 31357 9016 719 834 573 2139 1294 77 4156 210 407 156 7201 120 7969 256 3224 994 5327 40787 96 84 1845 6984 180 102
internal_value=2.21182e-05 0.000217165 -0.00159312 -0.00960197 -0.00278517 0.000527013 -0.000370436 0.000386539 -0.00399938 0.00327415 0.000724386 0.000630587 -0.00373202 -0.00078681 -0.000326772 -0.000669401 -0.000570117 -0.00513393 -0.000100839 0.000920863 0.00126648 -0.00186131 -0.00100546 0.000654069 0.0099614 0.0181825 0.00240544 -0.00229908 0.00772326 0.0175522
internal_weight=58945.2 57785.5 8440.61 1159.76 4270.73 49344.9 4169.88 2992.89 276.193 593.82 128.235 46227.5 2975.86 468.21 2399.07 220.223 1294.88 188.571 2340.12 1508.61 1456.49 387.217 3117.39 46005.7 42.803 24.6619 1069.27 1176.99 57.7467 22.3868
internal_count=167233 127863 72470 39370 45400 55393 27070 19367 5016 3129 2149 41050 35903 4546 16238 990 9497 2296 15831 7862 7606 2537 14343 40973 390 180 5069 7703 855 282
cat_boundaries=0 1 2 3 4 5
cat_threshold=34368 41 6562 13 67641
is_linear=0
shrinkage=0.03


Tree=204
num_leaves=31
num_cat=0
split_feature=22 20 3 22 6 11 16 23 22 22 6 22 3 12 14 23 18 22 23 15 22 6 6 12 6 21 3 13 6 3
split_gain=116.156 33.6884 12.5127 12.2255 8.13536 8.46535 7.82401 7.03294 6.79962 6.26375 6.69596 5.3038 4.84814 5.74154 8.40275 7.36023 5.58014 6.10731 7.33682 6.29879 6.24678 7.5728 6.30415 6.1395 5.0486 7.24532 4.54961 4.38359 4.318 8.07034
threshold=0.01679278019124919 0.080357142857142863 2.5000000000000004 0.005264631772324546 1215.5000000000002 -0.99985146406598202 1.5000000000000002 0.0097800095648015329 0.26005795408282945 0.062277466920423276 1130.5000000000002 0.048276231184343606 5.5000000000000009 0.063390085881955341 1.0000000180025095e-35 0.23896588189458454 1.0000000180025095e-35 0.10070289018693793 0.14169947506561684 1.0000000180025095e-35 0.08167882834272891 853.50000000000011 1300.5000000000002 0.99349222267034787 781.50000000000011 0.4441173564920004 6.5000000000000009 1.0000000180025095e-35 151.50000000000003 1.5000000000000002
decision_type=2 2 2 2 2 2 2 2 2 2 2 2 2 2 2 2 2 2 2 2 2 2 2 2 2 2 2 2 2 2
left_child=3 2 4 -1 5 -2 9 -6 12 10 26 -12 13 14 -3 -16 17 18 20 -20 22 24 -14 -19 25 -22 -4 -28 29 -10
right_child=1 8 6 -5 7 -7 -8 -9 28 -11 11 -13 16 -15 15 -17 -18 23 19 -21 21 -23 -24 -25 -26 -27 27 -29 -30 -31
leaf_value=-0.012434694814715923 0.02324496402810693 -0.00047958806326473913 -0.0041975619214413727 -0.0064128878112086948 0.019987167046187342 -0.0048448897200519198 0.020200920307310313 -0.00019287435720649732 -0.0015271938554190863 -8.5160538254748435e-05 0.001994789950865257 -0.0044636012762319785 -0.0019791966173850397 -0.0015374454046846655 0.0019301830179473606 0.011175303422203591 -0.0013110193384380576 0.0020483205728338075 -0.0011519086096477447 -0.0086271274623735735 0.0089417577915191452 -0.00054696554834612302 0.0054815458329290833 0.012305381585117049 0.018893252924970065 -0.0072118727849806198 -0.0012658130999642359 0.011689724465789949 0.00057434871368999515 0.0020891998273685573
leaf_weight=531.2653454169631 8.6715563386678678 3423.2611131705344 1184.1309257782996 733.37110940739512 15.594585254788397 1570.8111212141812 14.638784505426882 237.08042258769274 646.76820829510689 2760.9360475465655 464.82612817361951 150.51465836539865 469.71736595034599 3285.7158558219671 635.97776501998305 87.939124017953873 1016.2492625117302 1881.3984450399876 509.04479895532131 126.72606585919857 142.83371648192406 144.70112007856369 128.9810556024313 53.365356236696243 33.888109534978867 29.042542591691017 350.45149922370911 24.158552154898643 34558.338352844119 3831.9205591827631
leaf_count=23147 103 14673 15645 18167 207 20478 78 2406 707 14442 3411 1056 1936 13627 2206 121 1781 3080 1391 324 508 356 534 80 64 84 3770 124 20914 2124
internal_value=3.51983e-05 0.000232201 -0.00175391 -0.00895518 -0.00387238 -0.00467227 -0.000967912 0.00110282 0.000496424 -0.001036 -0.00224015 0.000400629 -0.000128701 -0.000600759 0.000140103 0.00307539 0.000643483 0.00120973 -0.00016751 -0.00266255 0.00149845 0.00467448 -0.00035542 0.00234054 0.0083603 0.00615159 -0.00328608 -0.000385441 0.000688241 0.00156539
internal_weight=59052.3 57787.7 6781.81 1264.64 1832.16 1579.48 4949.66 252.675 51005.9 4935.02 2174.08 615.341 11968.8 7432.89 4147.18 723.917 4535.95 3519.7 1584.93 635.771 949.164 350.465 598.698 1934.76 205.764 171.876 1558.74 374.61 39037 4478.69
internal_count=167544 126230 61720 41314 23194 20581 38526 2613 64510 38448 24006 4467 40765 30627 17000 2327 10138 8357 5197 1715 3482 1012 2470 3160 656 592 19539 3894 23745 2831
is_linear=0
shrinkage=0.03


Tree=205
num_leaves=31
num_cat=3
split_feature=22 23 22 7 20 22 14 22 6 0 15 18 8 0 21 6 6 7 0 12 19 11 22 22 20 23 23 22 6 20
split_gain=118.41 31.4043 12.2575 11.182 12.2958 7.90141 7.37573 6.35352 5.76255 4.94487 6.71179 5.38439 4.68342 8.46692 6.50895 4.37622 5.97918 5.68781 4.34967 4.32069 4.50784 4.74669 4.28271 6.3335 5.39154 4.89121 4.80879 4.51762 7.93967 4.26267
threshold=0.017903129084484874 0.13010914355718903 0.005264631772324546 -1.0000000180025095e-35 0.062500000000000014 0.063680990723152336 1.0000000180025095e-35 0.28089233529955454 1165.5000000000002 0 4.5000000000000009 1.0000000180025095e-35 -0.35355339059327379 1 0.63998263828472468 955.50000000000011 391.50000000000006 -1.0000000180025095e-35 2 0.063390085881955341 1.0000000180025095e-35 -0.85227431625818906 0.021009036347885274 0.043286566895132515 0.22321428571428573 0.019448997604337413 0.069709591576998742 0.029804924006643262 301.50000000000006 0.90178571428571441
decision_type=2 2 2 2 2 2 2 2 2 1 2 2 2 1 2 2 2 2 1 2 2 2 2 2 2 2 2 2 2 2
left_child=2 3 -1 6 5 8 7 12 -5 15 -11 -12 -2 22 -15 16 17 29 -8 20 21 -6 25 27 26 -14 -25 28 -24 -3
right_child=1 9 -4 4 19 -7 18 -9 -10 10 11 -13 13 14 -16 -17 -18 -19 -20 -21 -22 -23 23 24 -26 -27 -28 -29 -30 -31
leaf_value=-0.012458363902304578 -0.0017100599327565219 0.0041339017973085418 -0.0065041405430427447 -0.0059808016164390482 -0.0063910228538920791 -0.0014945586525488422 2.2209002748042418e-05 0.016346244313300229 -0.0011931074464065815 0.0001717811368117977 -0.00011296508682085651 0.0049443013468111188 0.030429698453306182 -0.0012090387008472688 0.013413102446784241 0.0013782361495104558 -3.8411780094967907e-05 0.0001173176544135654 0.0071673318779601376 -0.0020533706506932988 0.00056695553030165075 -0.0009184558483939253 -0.0017829404164422915 0.0091730793200160698 -0.0060414287623309932 0.0030094445657943194 0.0029726348495598782 -0.0053065283877925832 0.028502373406835934 0.0014926252946513895
leaf_weight=524.13133874535561 1524.7553612552583 735.61699515581131 794.96858698874712 1172.1728245690465 177.79163955897093 927.21734853461385 138.32357734069228 19.44877678155899 285.10393550992012 23721.929576061666 306.81349396705627 484.78597736358643 9.7859505787491816 1477.6768008880317 26.865740656852722 9293.1017714142799 7242.4100822806358 2137.4722680300474 186.50259117037058 2163.4728763513267 1889.0623919516802 728.00939286127687 28.043738409876823 151.4221118465066 45.39696392416954 14.5747754573822 459.48171448707581 132.55160666257143 9.5736929550766927 2238.0777716636658
leaf_count=23111 9882 684 19436 19125 1220 8240 618 24 2972 26491 112 136 84 10501 34 6031 5168 1861 695 12174 9192 4838 246 780 92 117 1934 905 83 736
internal_value=1.60304e-06 0.000204856 -0.00888218 -0.00119271 -0.00190013 -0.003671 3.56654e-05 -0.000325127 -0.0050497 0.000555219 0.000262686 0.00297893 -0.000414427 0.000422128 -0.000929048 0.000885659 0.000515263 0.00130084 0.00437314 -0.00104673 -0.000264907 -0.0020051 0.00279487 0.00244313 0.00378323 0.0150266 0.0045318 -0.00268216 0.00630783 0.0021492
internal_weight=59046.5 57727.4 1319.1 11567.2 7342.83 2384.49 4224.4 3899.58 1457.28 46160.2 24513.5 791.599 3880.13 2355.37 1504.54 21646.7 12353.6 5111.17 324.826 4958.34 2794.86 905.801 850.831 826.47 656.301 24.3607 610.904 170.169 37.6174 2973.69
internal_count=167522 124975 42547 83756 57761 30337 25995 24682 22097 41219 26739 248 24658 14776 10535 14480 8449 3281 1313 27424 15250 6058 4241 4040 2806 201 2714 1234 329 1420
cat_boundaries=0 1 2 3
cat_threshold=2082 20521 5532
is_linear=0
shrinkage=0.03


Tree=206
num_leaves=31
num_cat=8
split_feature=0 20 20 23 7 6 0 7 8 6 0 0 6 0 19 15 6 0 8 23 6 13 6 0 6 0 23 19 2 6
split_gain=110.635 32.4279 13.1199 11.8332 7.3445 7.17985 14.8947 6.77179 12.3627 6.60548 7.65344 6.0256 8.44412 5.80709 5.41897 6.18308 5.304 5.23062 5.18829 5.14849 5.10031 5.00741 4.93538 4.76326 4.59547 6.32473 8.46434 6.01024 4.98162 7.17351
threshold=0 0.098214285714285726 1.0000000180025095e-35 0.03234524847428074 -1.0000000180025095e-35 1160.5000000000002 1 1.0000000180025095e-35 0.35355339059327379 415.50000000000006 2 3 919.50000000000011 4 3.3125000000000004 9.5000000000000018 559.50000000000011 5 0.35355339059327379 0.03580586080586081 265.50000000000006 1.0000000180025095e-35 1063.5000000000002 6 553.50000000000011 7 0.080379576453697074 2.4375000000000004 5.5000000000000009 835.50000000000011
decision_type=1 2 2 2 2 2 1 2 2 2 1 1 2 1 2 2 2 1 2 2 2 2 2 1 2 1 2 2 2 2
left_child=2 3 -1 4 22 9 -7 14 -9 10 18 12 -11 -10 15 24 -13 -6 -5 -4 -20 -19 23 -2 25 -3 -27 28 -26 -30
right_child=1 7 19 5 17 6 -8 8 13 11 -12 16 -14 -15 -16 -17 -18 21 20 -21 -22 -23 -24 -25 27 26 -28 -29 29 -31
leaf_value=-0.011438148939689766 0.0077854554583690313 -0.0017413871812683383 -0.0061948105316419217 0.00097769729256664542 -0.0013894219763841138 -0.0022042624748086583 0.0044449739632155955 0.00038575369728905296 -0.0013098437945493185 0.0031362914116436279 -0.0014397493127571031 -0.0051048958325007462 -0.002960047967290466 -0.0057302214850537877 0.0063353177898106284 -0.0060950315066467088 -0.0019398995163313927 -0.0056054007035461423 0.0029605567309677673 0.0029080442201806691 0.012735520130732252 0.003892636027952904 0.0047607164428943713 -0.0025474686038300461 0.00126702671926565 0.0073545361140426027 0.00040970655255889786 -0.0035831503592599029 0.0022298717239931133 -0.0010084697718547768
leaf_weight=785.52061634510756 32.992087110877037 1240.1141732633114 273.72901759296656 390.73525062948465 470.18205317482352 567.24798068776727 628.41331302374601 14444.748793944716 2414.7111980989575 427.02270908653736 833.11009884998202 647.53629409894347 390.27901085466146 295.50918161123991 156.25130176544189 117.24985074996948 1855.1143204085529 1276.5177787784487 123.81146355345845 68.57908339612186 80.746139589697123 50.563996464014053 126.11682458221912 510.44339706003666 18174.46707187593 159.83418335020542 9246.1706313341856 250.08669948577881 870.05285330116749 2097.8343321457505
leaf_count=31613 173 2661 6737 2162 5383 3096 3669 20895 4760 2101 5803 4366 1945 2192 37 29 14305 20344 708 947 451 543 1206 6193 15927 786 5652 77 728 1892
internal_value=4.34395e-05 0.000225693 -0.00921639 -0.00149609 -0.00324317 -0.000769609 0.00130493 0.000518638 3.65373e-05 -0.00129342 0.00040876 -0.00202749 0.000215138 -0.00182194 0.000774398 0.000746993 -0.00275193 -0.00424234 0.00297808 -0.00435048 0.00689146 -0.0051972 -0.000549838 -0.00179978 0.000772409 0.000262307 0.000528564 0.00102596 0.00108093 -5.66794e-05
internal_weight=59005.7 57877.9 1127.83 8410.83 2466.82 5944.02 1195.66 49467 17155 4748.36 1428.4 3319.95 817.302 2710.22 32312.1 32155.8 2502.65 1797.26 595.293 342.308 204.558 1327.08 669.552 543.435 32038.6 10646.1 9406 21392.4 21142.4 2967.89
internal_count=167381 128084 39297 72448 33842 38606 6765 55636 27847 31841 9124 22717 4046 6952 27789 27752 18671 26270 3321 7684 1159 20887 7572 6366 27723 9099 6438 18624 18547 2620
cat_boundaries=0 1 2 3 4 5 6 7 8
cat_threshold=34368 2061 84105 33 10642 29 24 2224
is_linear=0
shrinkage=0.03


Tree=207
num_leaves=31
num_cat=3
split_feature=22 0 0 3 0 18 22 7 3 22 23 14 4 22 9 12 23 22 21 11 22 12 20 21 9 21 22 23 12 21
split_gain=117.531 30.5037 15.1911 14.486 6.15452 7.0574 8.0364 6.47711 5.411 13.101 14.2119 5.15781 5.16732 5.32953 7.38027 5.05799 5.81307 4.61734 5.58957 4.94141 4.71501 4.54077 5.40694 4.28059 8.02744 5.44628 4.19532 9.43825 4.63959 4.60046
threshold=0.01940976648251376 0 1 2.5000000000000004 2 1.0000000180025095e-35 0.032477342204167071 0.85355339059327384 2.5000000000000004 0.048970936300711129 0.026385407964355335 1.0000000180025095e-35 1.5000000000000002 0.038269862512117218 0.6078576107927941 0.39629089145655322 0.36676528599605523 0.078547089983945675 0.48332584029894871 -0.89406062840022227 0.048276231184343606 0.011826144619637555 0.062500000000000014 0.82414851769614594 -0.8783796973249266 0.84668950441298585 0.091528636359034118 0.061826711456040781 -0.97507822412530132 0.41325367938291907
decision_type=2 1 1 2 1 2 2 2 2 2 2 2 2 2 2 2 2 2 2 2 2 2 2 2 2 2 2 2 2 2
left_child=2 3 -1 -2 26 6 7 -6 9 10 -8 17 -13 14 -14 -7 -17 20 -19 -20 -5 22 -11 -10 -25 -26 28 -28 -3 -29
right_child=1 4 -4 11 5 15 8 -9 23 21 -12 12 13 -15 -16 16 -18 18 19 -21 -22 -23 -24 24 25 -27 27 29 -30 -31
leaf_value=-0.0044770708844673254 -0.0041816906390745685 -0.0091430641107748782 -0.011006626106498225 -0.00094081457463356599 -0.0067827288029640919 -0.00063740709968051427 -0.0023060527471141026 0.0057272272318660547 0.00062274197623923193 -0.0051559989729914628 0.034560198935051516 -0.0053244366276597541 0.0053224303836704873 0.0028887885758978557 0.032142111208709682 -0.0022696028359642079 -0.0090006381071434001 0.00058317811423424539 0.0053529642574141586 -0.010584370014180179 -0.0036454020345867365 -0.0022644393414335269 0.0008732131806110339 -0.0048415210119070263 0.011329878717817847 0.003204254762208788 0.0073357100061166719 0.0057164210598986392 -0.00062074700765025548 0.00071076737700854651
leaf_weight=607.00109765119851 1585.5160718262196 59.977994009852409 834.52299353480339 1677.1060575433075 230.78520001098514 1431.0252382084727 17.337564565241337 43.068217031657696 5931.8035580962896 148.96546147018671 18.590405896306038 48.189547225832939 27.629963379353285 158.04881674796343 13.857620157301424 513.80203257501125 150.07842880487442 1553.764298081398 21.661022007465363 73.399139776825905 894.01928335800767 1259.2506614029408 1239.833182618022 96.543142020702362 87.414947956800461 508.28032091259956 195.05293111503124 165.33845283091068 1067.9289349615574 38071.556844368577
leaf_count=10872 19978 352 33956 17487 2539 3008 102 347 18599 1345 78 265 210 705 101 1335 211 7042 80 277 7090 6090 4895 107 98 508 500 450 5289 23200
internal_value=8.36038e-05 0.000296652 -0.00837365 -0.00171528 0.000534722 -7.01156e-05 0.000274186 -0.00477981 0.000424022 -0.000710885 0.0170267 -0.00084174 0.00335103 0.00549224 0.0149676 -0.00164749 -0.00381151 -0.00109003 0.000145797 -0.00687241 -0.00188463 -0.000960145 0.000218945 0.000884816 0.00311774 0.00442369 0.000713371 0.000766576 -0.00108695 0.000732718
internal_weight=58731.3 57289.8 1441.52 6053.19 51236.6 11676.8 9581.87 273.853 9308.02 2683.98 35.928 4467.68 247.726 199.536 41.4876 2094.91 663.88 4219.95 1648.82 95.0602 2571.13 2648.05 1388.8 6624.04 692.238 595.695 39559.9 38431.9 1127.91 38236.9
internal_count=167116 122288 44828 53235 69053 39262 34708 2886 31822 12510 180 33257 1281 1016 311 4554 1546 31976 7399 357 24577 12330 6240 19312 713 606 29791 24150 5641 23650
cat_boundaries=0 1 2 3
cat_threshold=78853 90144 18690
is_linear=0
shrinkage=0.03


Tree=208
num_leaves=31
num_cat=0
split_feature=22 22 3 22 21 6 20 6 8 15 13 12 23 6 19 23 23 14 23 12 8 6 6 6 20 22 6 10 21 21
split_gain=110.986 32.924 14.2674 14.1457 7.43225 7.69206 6.43825 6.17941 5.02405 5.24265 5.1983 4.86859 5.93412 4.7786 5.09102 4.61545 7.94151 4.48291 5.30855 4.56127 6.57732 5.07859 7.9628 4.53743 6.83229 5.03829 4.77998 4.51098 4.33295 4.24846
threshold=0.01679278019124919 0.097364410632518147 1.5000000000000002 0.0055112929391341126 0.13363062095621173 1400.5000000000002 0.25892857142857145 409.50000000000006 -0.35355339059327379 1.0000000180025095e-35 1.0000000180025095e-35 -0.75013812021657655 0.083538587848932686 1210.5000000000002 1.0000000180025095e-35 0.068874293012224058 0.14169947506561684 1.0000000180025095e-35 0.13231403672580147 0.48877522411129354 1.0000000180025095e-35 1260.5000000000002 295.50000000000006 373.50000000000006 0.16964285714285718 0.083060887201289055 295.50000000000006 1.0000000180025095e-35 0.13363062095621228 0.46813878298751171
decision_type=2 2 2 2 2 2 2 2 2 2 2 2 2 2 2 2 2 2 2 2 2 2 2 2 2 2 2 2 2 2
left_child=3 2 6 -1 5 7 13 15 10 17 -6 12 -12 14 -2 -4 -17 23 19 20 27 22 -22 24 25 -10 -27 -19 -15 -25
right_child=1 -3 4 -5 8 -7 -8 -9 9 -11 11 -13 -14 28 -16 16 -18 18 -20 -21 21 -23 -24 29 -26 26 -28 -29 -30 -31
leaf_value=-0.012772030787966486 -0.0065399218790759325 0.00048957964742202937 -0.0025810580756354677 -0.0061788999298304009 -0.0018383582143760508 0.022648455132274831 0.0076568301876129875 -0.0053817868220771828 0.0011060953378741983 -0.0028959932729075424 0.0033854310086376643 0.00021759260168797265 0.023357908382775388 0.010985399147403051 -0.0027059599722675473 0.015301421470576296 -0.0077807466406122272 0.009369901988951811 -0.0013987984035902434 -0.00056394563367362241 0.00043617782040411096 0.0001192326100592323 0.024366485939764981 -0.00096130477952608275 -0.01005663431706957 0.0030224047892932265 0.012064740611452681 -0.008036002574180412 -0.0018819737307094043 0.0032967018489061164
leaf_weight=516.94067233614624 794.78681993484497 47883.724334321916 105.43425068259239 696.45787967182696 3049.0256412215531 8.8252122029662114 40.628152221441269 615.96490570530295 732.51355950534344 470.67991517484188 45.431002706289291 215.92786413803697 18.837623439729214 24.843165341764688 527.30621331930161 40.024482868611813 18.797846466302872 27.799780920147896 102.77971632033587 50.689517162740231 17.188492499291897 17.572379685938358 51.18253892287612 2185.4481524862349 40.499830082058907 158.537014991045 80.554525449872017 23.906529378145933 258.75762638449669 231.97992543131113
leaf_count=23573 11568 48743 1654 17419 22396 71 113 8579 4983 1969 227 989 70 305 4821 372 144 107 293 268 91 92 251 13608 137 783 321 102 2544 667
internal_value=-2.52351e-05 0.000163111 -0.00140635 -0.0090009 -0.000899666 -0.00366924 -0.00395805 -0.00400321 -0.00060784 8.1908e-05 -0.00147776 0.00241737 0.00959963 -0.00426025 -0.00501851 0.00113144 0.007818 0.000460916 0.00402931 0.00701495 0.00983309 0.0148793 0.0185299 0.000155174 0.00184197 0.00235394 0.00613149 0.00120863 -0.000699083 -0.000549025
internal_weight=59053 57839.6 9955.92 1213.4 8309.6 789.047 1646.32 780.221 7520.55 4191.33 3329.22 280.196 64.2686 1605.69 1322.09 164.257 58.8223 3720.65 291.119 188.339 137.65 85.9434 68.371 3429.53 1012.1 971.605 239.092 51.7063 283.601 2417.43
internal_count=167260 126268 77525 40992 58174 10820 19351 10749 47354 23672 23682 1286 297 19238 16389 2170 516 21703 1204 911 643 434 342 20499 6224 6087 1104 209 2849 14275
is_linear=0
shrinkage=0.03


Tree=209
num_leaves=31
num_cat=2
split_feature=0 0 21 13 3 3 22 11 21 17 9 3 22 7 7 12 12 22 3 3 14 5 12 19 11 11 12 12 8 21
split_gain=107.147 34.5454 12.1449 11.1399 8.85486 7.56143 8.38245 7.1593 6.92664 6.06742 5.76096 4.96773 4.76147 4.55693 6.28244 4.5913 6.72454 4.54853 4.45013 7.51555 5.17348 4.01606 5.45731 4.77683 5.56241 4.20963 3.95563 5.40434 4.38559 6.02545
threshold=0 1 0.13363062095621173 1.0000000180025095e-35 5.5000000000000009 5.5000000000000009 0.16710449616982651 -0.75015329512557194 3.3193146343606732 6.5000000000000009 1.0000000180025095e-35 1.5000000000000002 0.020651719691103458 -0.85355339059327373 0.3535533905932739 -0.6905596507703472 -0.86974577485258975 0.060743049864530378 1.5000000000000002 1.0000000180025095e-35 1.5000000000000002 1.0000000180025095e-35 -0.46800559042974538 0.18750000000000003 0.99274428880883148 -0.9905448150984083 -0.94703994556331683 -0.92272482904738262 -0.85355339059327373 0.34914175446352724
decision_type=1 1 2 2 2 2 2 2 2 2 2 2 2 2 2 2 2 2 2 2 2 2 2 2 2 2 2 2 2 2
left_child=2 5 12 4 17 6 18 -6 -7 -8 -4 -12 -1 -5 15 16 -15 -3 19 -2 -21 23 26 25 -25 -20 -23 -28 29 -29
right_child=1 3 10 13 7 8 9 -9 -10 -11 11 -13 -14 14 -16 -17 -18 -19 21 20 -22 22 -24 24 -26 -27 27 28 -30 -31
leaf_value=-0.012181523789529716 -0.00051394150353490829 -0.0041004021733611912 -0.0081305563066370896 -0.0035195000865608657 0.0025820370769338847 0.00091442041692111438 0.00038826360852903512 -0.0017226764524897109 -0.0036821178766720153 -0.0065492287740520029 -0.010636539184640737 0.0024328770562525967 -0.0038543612917684394 0.005359295124753272 -0.0034859222893429457 0.003723269261892214 0.023762563629370542 -0.0019687503486297718 0.0061421279866377462 -0.0053878308881685523 0.0066070632651142802 -0.00074099536018140027 -0.00049044264291295172 -0.0032753271135015798 0.0077733119543611593 -0.00048125319064825148 0.017685649108180559 -0.00028666802754867733 0.0019237543482147441 0.016750720443311471
leaf_weight=691.51571125723422 903.56364409998059 2129.2735240440816 183.85252567566931 85.209568426012993 461.19017206504941 21112.668713819236 24406.511731497943 1396.4240245372057 297.77536487579346 112.90272426605225 32.066627610474825 124.14962344616652 71.524061549454927 49.792563635855913 74.440322201699018 196.03191999718547 28.717897191643715 1592.4103403873742 89.253127656877041 613.20236484706402 32.894924849271774 129.74483282864094 775.06768628582358 899.07646933943033 41.737553365528584 1975.2966806180775 28.736100666224957 29.175952896475792 218.89350362867117 47.624998889863491
leaf_count=30061 4865 29558 4395 365 3213 17117 22430 10756 66 59 827 2517 1586 254 570 1058 143 13169 436 4748 148 590 3578 3204 125 10195 111 162 939 156
internal_value=-9.82816e-06 0.000167884 -0.00922498 -0.00198196 -0.0023461 0.00041836 0.000113286 -0.000649902 0.000850043 0.000355809 -0.00454511 -0.000262319 -0.0114149 0.00263239 0.00415738 0.00625671 0.0123806 -0.00319071 -0.000913609 -0.00228945 -0.00475859 -0.000408278 0.00103336 -0.00100007 -0.00277107 -0.000189176 0.00364232 0.00541061 0.00414189 0.0102808
internal_weight=58830.7 57727.6 1103.11 6013.49 5579.3 51714.1 30303.7 1857.61 21410.4 24519.4 340.069 156.216 763.04 434.192 348.983 274.542 78.5105 3721.68 5784.27 1549.66 646.097 4234.61 1229.24 3005.36 940.814 2064.55 454.175 324.431 295.694 76.801
internal_count=167401 128015 39386 59086 56696 68929 51746 13969 17183 22489 7739 3344 31647 2390 2025 1455 397 42727 29257 9761 4896 19496 5536 13960 3329 10631 1958 1368 1257 318
cat_boundaries=0 1 2
cat_threshold=34368 2475
is_linear=0
shrinkage=0.03


Tree=210
num_leaves=31
num_cat=0
split_feature=22 22 22 3 6 7 3 17 6 6 19 19 21 11 6 23 6 19 16 21 2 8 17 6 6 9 20 23 10 6
split_gain=104.749 32.0694 12.486 11.3972 6.09903 5.81798 8.34486 6.19067 6.09311 9.52103 5.19973 5.06437 5.01733 4.8676 4.84457 4.98702 4.50501 4.48048 4.34472 4.32212 6.87647 4.29162 5.23886 4.78914 5.91417 4.41861 4.26545 4.75316 4.26542 4.51329
threshold=0.01679278019124919 0.097364410632518147 0.005666286625885448 1.5000000000000002 397.50000000000006 0.3535533905932739 1.5000000000000002 2.5000000000000004 1205.5000000000002 247.50000000000003 0.18750000000000003 1.0000000180025095e-35 0.13363062095621173 -0.99866806308218525 1210.5000000000002 0.0097800095648015329 1360.5000000000002 1.0000000180025095e-35 8.5000000000000018 1.8876736180578704 2.5000000000000004 -0.35355339059327379 1.0000000180025095e-35 1165.5000000000002 1325.5000000000002 -0.8783796973249266 1.3125000000000002 1.4087273881307525 1.0000000180025095e-35 1090.5000000000002
decision_type=2 2 2 2 2 2 2 2 2 2 2 2 2 2 2 2 2 2 2 2 2 2 2 2 2 2 2 2 2 2
left_child=2 3 -1 4 -2 18 7 10 9 26 -7 14 -5 -11 -6 -16 -13 -4 -3 -12 -21 23 -23 28 25 -25 27 -8 -14 -30
right_child=1 5 17 12 11 6 8 -9 -10 13 19 16 21 -15 15 -17 -18 -19 -20 20 -22 22 -24 24 -26 -27 -28 -29 29 -31
leaf_value=-0.01232986179807471 -0.0066309584492032772 0.00066978564919901204 -0.0069614125019178789 -0.0032465387000788063 -0.0056273958763306681 -0.0049851820322559526 0.0021184644220847973 0.010820237596669155 0.0017740292261133118 0.0055158153495845448 -0.0016241255120669458 0.00073046949681504025 -0.0032662607596417683 -0.00083695240535997309 0.019377799148001796 -0.0010579081386572291 -0.0084235933342661287 0.00076998852278095653 -0.0035229325201269223 0.0096154299860084572 -0.0021742112278003056 0.00030167173417064452 -0.003016884404536159 0.010339826640683022 -0.0022601140925143154 0.0016342016008837352 -0.0030779785824006723 0.0098508306694683623 -0.00032116631321769674 -0.0088942840729672526
leaf_weight=521.21790708974004 462.41872757673264 36487.489609904587 598.90039361082017 783.55768021568656 515.80832879990339 391.52921161800623 1216.0233262702823 34.341190606355667 1977.1497010886669 109.65772391110659 1987.2494877874851 446.84263725206256 1406.4866871647537 5202.2532458603382 10.63802734017372 137.07411515712738 53.201329961419106 74.244549404829741 222.38294148445129 81.360317289829254 94.957255840301514 3698.4567767605186 483.05479465797544 61.16561333835125 368.60774464160204 360.66126885265112 130.21426290273666 75.728125929832458 1060.3666740395129 57.451021745800972
leaf_count=24334 5686 30358 15455 10832 7658 2199 1459 41 2601 152 3652 3771 10653 7874 135 1479 499 1402 65 80 94 21677 1932 356 2344 2183 73 35 7605 449
internal_value=-4.12108e-05 0.000140115 -0.0088317 -0.00141379 -0.00371066 0.000460874 -0.000133906 -0.00162918 0.000310028 -0.00011913 -0.00180302 -0.00254024 -0.000961613 -0.000703665 -0.00425696 0.000493905 -0.000246355 -0.0060999 0.000644128 -0.00122235 0.00325573 -0.000721576 -8.08882e-05 -0.00152772 0.000503457 0.00293219 0.00205921 0.00258368 -0.00216607 -0.000774706
internal_weight=59110.5 57916.1 1194.36 9905.79 1625.98 48010.3 11300.5 2589.44 8711.03 6733.88 2555.1 1163.56 8279.81 5311.91 663.52 147.712 500.044 673.145 36709.9 2163.57 176.318 7496.25 4181.51 3314.74 790.435 421.827 1421.97 1291.75 2524.3 1117.82
internal_count=167133 125942 41191 77259 19228 48683 18260 6066 12194 9593 6025 13542 58031 8026 9272 1614 4270 16857 30423 3826 174 47199 23609 23590 4883 2539 1567 1494 18707 8054
is_linear=0
shrinkage=0.03


Tree=211
num_leaves=31
num_cat=0
split_feature=22 22 3 22 19 8 15 14 22 9 6 23 19 6 22 23 11 14 14 19 3 22 21 12 11 21 21 11 11 18
split_gain=99.3595 32.8805 13.9702 11.4925 6.04124 5.78401 6.66596 6.39078 5.70947 18.7406 9.99097 5.10439 5.73912 5.16229 4.65224 5.06514 5.34734 4.18121 4.44162 6.23969 5.33103 8.39422 7.48211 5.54372 6.39687 5.28653 6.64844 10.1894 14.5895 6.72767
threshold=0.01679278019124919 0.098892747284012414 1.5000000000000002 0.005264631772324546 1.0000000180025095e-35 -0.35355339059327379 1.5000000000000002 1.0000000180025095e-35 0.053249200119890101 1.0000000180025095e-35 1100.5000000000002 0.31116780045351483 1.0000000180025095e-35 1350.5000000000002 0.095268931707681276 0.14321074964639322 -0.86976336936302323 7.5000000000000009 1.0000000180025095e-35 2.9375000000000004 2.5000000000000004 0.89210411648079824 3.3193146343606732 0.78724360164103002 0.97875492728876534 2.8389108382124317 1.7557882012908672 -0.51297808981038739 0.12545942051955489 1.0000000180025095e-35
decision_type=2 2 2 2 2 2 2 2 2 2 2 2 2 2 2 2 2 2 2 2 2 2 2 2 2 2 2 2 2 2
left_child=3 2 4 -1 -2 -4 7 11 9 -9 -11 13 -13 -7 15 16 -10 18 19 20 21 -3 25 24 -23 26 -22 -28 -29 -30
right_child=1 17 5 -5 -6 6 -8 8 14 10 -12 12 -14 -15 -16 -17 -18 -19 -20 -21 22 23 -24 -25 -26 -27 27 28 29 -31
leaf_value=-0.012138992335206034 -0.005398680237625404 -0.0017935824478969413 -0.0017170066350839345 -0.0060836955695698315 -0.0017671152437941677 -0.00074945447350938858 -0.0088552763984482228 -0.0016990982108543566 0.016933010103885732 0.043798593570766847 0.0098173949027654372 -0.000865730311277266 0.016035118720599997 0.0031448935542803041 0.011575078198101987 -0.0055754089105671959 0.0010689875832724318 -0.0037761903173082366 0.00087509407433788392 0.0073456257169691782 0.00063267582294974933 0.0018895447949072738 -0.0049622292933541147 -0.0024440232668600783 -0.0036657619635148044 0.006750545287504477 -0.0058251247528670986 0.0068409893155151344 -0.0054228909468348931 0.00044783609150299194
leaf_weight=485.0847564637661 958.1550405472517 2621.9364128038287 3822.1248342767358 699.13535965234041 736.2863895483315 3995.3584490083158 76.93371794000268 43.770187042653561 21.8992939889431 16.529216408729553 16.353767290711403 34.697240255773067 35.172023877501488 330.37942247092724 36.733209371566772 84.913393266499043 123.56654549390078 200.49475926160812 21068.308591395617 111.34441339969635 19233.667012996972 1800.9128093421459 224.54837989807129 427.06297191977501 206.52667999267578 121.36164093017578 365.04261058568954 218.83517324924469 298.84137511253357 419.90134871006012
leaf_count=22965 13403 8541 29681 18127 6447 26173 249 265 90 111 90 123 93 1838 103 234 504 92 14330 41 20901 1553 83 425 184 44 170 99 140 137
internal_value=2.0787e-05 0.00019765 -0.00133528 -0.0085773 -0.00382617 -0.000845604 -0.000152619 -8.24528e-06 0.00392363 0.0111013 0.0278642 -0.000317931 0.00766367 -0.000449978 0.00180774 0.000181139 0.00359752 0.000532539 0.00055108 0.000288775 0.000257969 -0.000615449 0.000469767 0.000651141 0.00131348 0.00052934 0.000491956 -0.00158011 7.07217e-05 -0.00198892
internal_weight=58835.9 57651.7 10332.9 1184.22 1694.44 8638.43 4816.31 4739.37 343.766 76.6532 32.883 4395.61 69.8693 4325.74 267.112 230.379 145.466 47318.8 47118.3 26050 25938.6 5056.44 20882.2 2434.5 2007.44 20657.6 20536.3 1302.62 937.578 718.743
internal_count=167236 126144 79404 41092 19850 59554 29873 29624 1397 466 201 28227 216 28011 931 828 594 46740 46648 32318 32277 10703 21574 2162 1737 21491 21447 546 376 277
is_linear=0
shrinkage=0.03


Tree=212
num_leaves=31
num_cat=4
split_feature=0 21 22 6 3 0 13 13 22 3 12 6 19 11 6 11 0 21 21 0 20 6 9 21 22 9 6 11 6 8
split_gain=100.48 29.2708 12.0917 10.7977 11.1102 8.28865 7.71511 6.34483 5.46713 7.27105 8.23395 6.04227 5.39064 5.91514 5.33653 5.58669 8.51179 5.31995 10.4647 5.15699 5.0255 4.63331 6.48106 4.6239 4.4494 4.99648 5.06212 5.15451 4.75854 4.40119
threshold=0 0.24353894017376096 0.01940976648251376 1165.5000000000002 1.5000000000000002 1 1.0000000180025095e-35 1.0000000180025095e-35 0.90180379829830981 2.5000000000000004 0.11478523713130606 133.50000000000003 0.18750000000000003 -0.94705910369513524 1205.5000000000002 -0.98803845231459242 2 2.8389108382124317 3.3193146343606732 3 1.0000000180025095e-35 403.50000000000006 1.0000000180025095e-35 1.4978339182032825 0.062277466920423276 0.6078576107927941 559.50000000000011 -0.23537230790205757 193.50000000000003 1.0000000180025095e-35
decision_type=1 2 2 2 2 1 2 2 2 2 2 2 2 2 2 2 1 2 2 1 2 2 2 2 2 2 2 2 2 2
left_child=2 3 20 4 -2 7 8 -6 9 10 -3 -11 -13 -14 15 16 -10 -8 -19 -12 -1 22 -4 -21 -7 -26 28 -28 -27 -24
right_child=1 6 21 -5 5 24 17 -9 14 11 19 12 13 -15 -16 -17 -18 18 -20 23 -22 -23 29 -25 25 26 27 -29 -30 -31
leaf_value=-0.01209571047501405 -0.0060636759791683221 -0.00013029059600860586 -0.0059578490207008615 0.0011754657511150971 -0.00092190524366669846 -0.0046601055268959395 0.00075248825701513112 0.0073225455248464612 0.0082520264432167124 0.0026122514983307251 0.0015122395420005688 0.00056207810652592006 -0.0031619262737377441 -0.00033474771759153712 0.0020709888227413362 0.00016650602686086116 -0.00010952850964575865 0.0079671369892712653 0.00059589007279396754 -0.0038813642926211517 -0.0057065291708647175 -0.0069918532865257815 0.015112152917956657 0.0014935093165149311 -0.0031368653644119945 0.012340568969520878 0.025796908747160611 0.00026461374514463428 -0.002522307887220558 -0.0010411257010737535
leaf_weight=648.89158751256764 697.54869701527059 2330.568460918963 61.742253728210926 807.73996486142278 1745.6730239316821 1035.4782096985728 24359.878200352192 87.158790420740843 186.31986707448959 816.76427428796887 218.00178320333362 5828.949061833322 788.12638853117824 4320.3426189124584 1850.5961207747459 9660.329538166523 252.0419996380806 274.92308664321899 472.03201913833618 1515.0314283594489 141.62792815454304 161.02191038429737 32.285809516906738 156.94562578201294 340.04259809106588 23.557398319244385 15.437063552439215 13.437083657830952 90.383805878460407 26.488860115408897
leaf_count=29468 11074 10963 1161 6570 13261 15987 17214 410 116 2437 1333 21171 1187 7553 999 6365 160 73 149 7167 4406 3297 438 131 2556 154 114 132 661 434
internal_value=7.40051e-05 0.000243434 -0.00897925 -0.00198527 -0.00261747 -0.00189675 0.000447727 -0.000519961 0.000104362 -0.000258422 -0.00132649 0.000124658 -6.07796e-05 -0.000772628 0.000589842 0.000317648 0.0036268 0.000829361 0.00332399 -0.00279753 -0.0109673 -0.00367469 0.000729051 -0.00335262 -0.0035267 -0.001152 0.00352118 0.0145224 0.000579028 0.00783611
internal_weight=58959.4 57887.3 1072.06 4856.46 4048.72 3351.17 53030.9 1832.83 27924 15974.7 4220.55 11754.2 10937.4 5108.47 11949.3 10098.7 438.362 25106.8 746.955 1889.98 790.52 281.539 120.517 1671.98 1518.34 482.858 142.815 28.8741 113.941 58.7747
internal_count=167141 127937 39204 50919 44349 33275 77018 13671 59582 51942 19594 32348 29911 8740 7640 6641 276 17436 222 8631 33874 5330 2033 7298 19604 3617 1061 246 815 872
cat_boundaries=0 1 2 3 4
cat_threshold=34368 67641 256 4128
is_linear=0
shrinkage=0.03


Tree=213
num_leaves=31
num_cat=4
split_feature=0 0 0 3 12 21 3 20 15 20 16 12 6 9 21 12 7 15 1 3 21 21 20 20 23 20 0 6 11 6
split_gain=96.6073 22.5199 15.9724 8.32158 6.8558 5.36754 8.31535 5.24856 5.19397 5.10304 4.95888 5.81142 4.50404 4.50185 7.06471 6.79741 3.98947 4.49424 4.4798 5.34036 12.3515 5.36034 3.85771 3.71423 6.25465 4.55941 4.22905 6.80927 4.9674 6.09422
threshold=0 1 2 2.5000000000000004 0.11478523713130606 0.27749879654779902 1.5000000000000002 1.8125000000000002 10.500000000000002 1.0000000180025095e-35 1.5000000000000002 0.2499757677084001 1165.5000000000002 0.6078576107927941 0.49526850463058431 -0.77243990499604276 0.3535533905932739 4.5000000000000009 11.500000000000002 1.5000000000000002 2.6753740757250477 2.0765776293919509 0.026785714285714288 0.7053571428571429 0.50135135135135145 1.0982142857142858 3 1200.5000000000002 0.98213580174693105 817.50000000000011
decision_type=1 1 1 2 2 2 2 2 2 2 2 2 2 2 2 2 2 2 2 2 2 2 2 2 2 2 1 2 2 2
left_child=2 5 22 4 13 6 -2 8 16 -4 -5 -12 -8 14 -3 -16 -7 18 19 20 -18 23 -1 26 25 -25 28 -28 -21 -30
right_child=1 3 9 10 -6 7 12 -9 -10 -11 11 -13 -14 -15 15 -17 17 -19 -20 21 -22 -23 -24 24 -26 -27 27 -29 29 -31
leaf_value=-0.0061245118466596157 -0.0083100716601138096 -0.0030802626539254739 -0.012395390927352277 -0.00073798067674274296 -0.0044765273035427527 0.00064768863430305008 -0.0010800628560569893 -0.0022782366466223597 0.0062347320901208238 -0.0043551829015896588 0.010934771504312308 -0.0049906991017250003 0.0096123427449063322 0.0013876112640625003 -0.0026909326142718964 0.015448268914674386 -0.0014705290990812536 0.0074061715970718889 -0.0020838524009797604 0.00071300646022483336 0.014553647337445696 -0.0033219827758126982 -0.0020610300239471543 0.0026563584114680993 0.00084662797289024392 0.0098011043926136097 -0.0022302972652111118 0.0022752238843961165 0 0.017016421795791676
leaf_weight=657.9383809119463 147.90313876792789 917.22165916115046 534.89414514042437 7096.0260904356837 1069.0377619713545 35059.161540299654 777.787801861763 614.00112545490265 141.38387703895569 86.351991530507803 66.701887838542461 28.363245122134686 36.082872107625008 402.98088560253382 35.119525246322155 36.860148191452026 2216.9810096696019 72.032515227794647 902.00939532369375 918.17858299612999 43.103374361991882 314.39661055803299 318.47090554982424 272.95010447502136 4258.2797694802284 115.96574431657791 1265.3271465599537 394.32890939712524 36.416216932237148 37.819900453090668
leaf_count=14734 1637 9628 26319 42850 11814 26423 4809 231 34 3157 211 116 137 3980 192 187 4799 36 1403 3059 34 216 4882 284 2996 96 2278 489 103 114
internal_value=-4.42298e-05 0.000159287 -0.00729502 -0.00116108 -0.00266839 0.000427227 -0.00178867 0.000473157 0.000510023 -0.0111176 -0.000645668 0.00611837 -0.000587439 -0.00127343 -0.00236385 0.00660017 0.000492126 -1.01009e-05 -6.09157e-05 0.000123473 -0.00115597 0.00050416 -0.00476005 0.000670215 0.00118156 0.00482182 -0.000223658 -0.00114855 0.00131495 0.00874664
internal_weight=58874.1 57276.4 1597.66 9652.31 2461.22 47624.1 961.774 46662.3 46048.3 621.246 7191.09 95.0651 813.871 1392.18 989.201 71.9797 45907 10847.8 10775.8 9873.75 2260.08 7613.66 976.409 7299.27 4647.2 388.916 2652.07 1659.66 992.415 74.2361
internal_count=167248 118156 49092 68978 25801 49178 6583 42595 42364 29476 43177 327 4946 13987 10007 379 42330 15907 15871 14468 4833 9635 19616 9419 3376 380 6043 2767 3276 217
cat_boundaries=0 1 2 3 4
cat_threshold=50752 2466 17408 2082
is_linear=0
shrinkage=0.03


Tree=214
num_leaves=31
num_cat=3
split_feature=0 20 22 3 6 9 0 3 21 13 22 23 14 21 22 22 22 6 6 14 18 6 21 20 23 22 6 11 20 0
split_gain=99.4259 30.6997 10.2293 10.1798 8.24963 7.52284 6.81337 7.94963 7.18441 6.80106 6.43235 7.42366 9.15343 8.30563 7.0311 6.80064 15.5747 8.05419 11.3573 11.9909 13.0084 8.49515 7.6501 7.44217 7.48142 6.35028 7.49047 5.91665 5.61356 5.28344
threshold=0 0.080357142857142863 0.005264631772324546 5.5000000000000009 415.50000000000006 1.0000000180025095e-35 1 2.5000000000000004 1.4978339182032825 3.5000000000000004 0.85554710052178595 1.4604218880534672 2.5000000000000004 1.5245821228620813 0.91195849145308228 0.94234376052844826 0.93213278419381618 817.50000000000011 637.50000000000011 1.0000000180025095e-35 1.0000000180025095e-35 793.50000000000011 2.1731461800422895 1.0089285714285716 0.80493902439024401 0.063958934817495636 1165.5000000000002 0.29342972903661901 1.2589285714285716 2
decision_type=1 2 2 2 2 2 1 2 2 2 2 2 2 2 2 2 2 2 2 2 2 2 2 2 2 2 2 2 2 1
left_child=2 3 -1 25 5 -4 7 -3 9 -8 -10 12 13 -12 -13 16 17 18 -15 21 -21 28 23 -17 -25 26 -2 -16 -20 -27
right_child=1 6 4 -5 -6 -7 8 -9 10 -11 11 14 -14 15 27 22 -18 -19 19 20 -22 -23 -24 24 -26 29 -28 -29 -30 -31
leaf_value=-0.012559628297336844 -0.0046856676019422982 -0.00023267922832564053 -0.0071186142122831907 -0.00016173173781528614 -0.0090720824435786551 0.0043583000647943069 -0.00021376877976348396 0.0011116385395828253 -0.0043120810497146748 0.0032416464902125549 0.0089229730062185611 -0.0039907143594134298 -0.0016961208310932051 -0.0020465761527590446 -0.0029782804906440057 0.0078388246271484507 0.011204643691778123 -0.00073221331195615969 0.0020330523268950883 0.0030686506238450486 0.011580540956266825 0.0074716427932986322 -0.0034015398232569525 0.004201862325605943 -0.0024559078717834343 -0.0041247658890107911 -0.00066951358758826282 0.0021325285179833345 -0.004524562720718643 -0.00055757778110969555
leaf_weight=457.05341992713511 1702.0045363474637 5098.3187993355095 105.81365826353431 2419.0132537856698 393.97155011445284 97.614013550803065 21947.072685781866 17603.186261095107 193.69102099537849 523.76926317811012 166.87608087062836 405.24925065040588 566.43041086196899 287.76371306180954 282.64951300621033 149.81103444099426 190.12936860322952 589.23603850603104 353.9132034778595 320.09708344936371 332.44150573015213 175.08574223518372 366.16166388988495 264.91892147064209 352.72294974327087 480.96833531931043 559.22434952110052 720.01200318336487 174.54210120439529 1624.2791978977621
leaf_count=22652 26485 7580 2736 15856 11820 2106 41118 12631 117 253 93 117 306 167 99 98 97 326 202 155 122 65 214 174 157 3679 5523 176 78 11999
internal_value=2.51024e-06 0.000169833 -0.00907856 -0.00172567 -0.00654043 -0.00158773 0.00042189 0.000809113 0.000111402 -0.000132819 0.00104393 0.00122777 0.00184836 0.00238945 -0.000658973 0.0020788 0.00297586 0.00226785 0.00334667 0.00449622 0.00742537 0.00176421 0.000155039 0.00186196 0.00039222 -0.00259048 -0.00369582 0.000684285 -0.000125967 -0.00139919
internal_weight=58904 57849.6 1054.45 6785.49 597.399 203.428 51064.1 22701.5 28362.6 22470.8 5891.73 5698.04 4290.13 3723.7 1407.91 3556.82 2423.21 2233.08 1643.84 1356.08 652.539 703.541 1133.61 767.453 617.642 4366.48 2261.23 1002.66 528.455 2105.25
internal_count=167201 127887 39314 63542 16662 4842 64345 20211 44134 41371 2763 2646 2254 1948 392 1855 1212 1115 789 622 277 345 643 429 331 47686 32008 275 280 15678
cat_boundaries=0 1 2 3
cat_threshold=34368 30722 6272
is_linear=0
shrinkage=0.03


Tree=215
num_leaves=31
num_cat=2
split_feature=22 22 22 6 13 0 7 21 3 0 23 3 12 22 9 6 20 12 6 11 19 11 17 12 23 9 8 20 20 12
split_gain=92.9419 28.583 13.4313 11.3326 8.93909 6.69616 6.45116 10.1492 10.6691 6.44017 6.31257 5.95469 6.71429 5.93298 5.87247 5.44708 8.16103 6.52296 6.24089 6.26099 6.28386 6.03515 5.29428 5.02584 4.81551 4.62065 8.06816 5.30868 4.38628 4.26458
threshold=0.01679278019124919 0.067768326051458591 0.005264631772324546 1180.5000000000002 1.0000000180025095e-35 0 0.3535533905932739 0.79752050822467102 1.5000000000000002 1 0.0063492703378214962 5.5000000000000009 0.59003219687534991 0.11490805722190557 -1.0000000180025095e-35 1205.5000000000002 0.54464285714285732 0.99855310097228334 469.50000000000006 -0.99866806308218525 0.31250000000000006 -0.63921128368950708 2.5000000000000004 0.04621408538533487 0.041775741710296695 -0.8783796973249266 1.0000000180025095e-35 0.098214285714285726 1.9196428571428574 0.97062204580664158
decision_type=2 2 2 2 2 1 2 2 2 1 2 2 2 2 2 2 2 2 2 2 2 2 2 2 2 2 2 2 2 2
left_child=2 3 -1 4 5 10 28 8 13 -5 11 -2 -13 -8 -12 17 21 18 -9 -20 -21 -17 -22 -18 -15 26 -6 -27 -3 -16
right_child=1 6 -4 9 25 -7 7 15 -10 -11 14 12 -14 24 29 16 23 -19 19 20 22 -23 -24 -25 -26 27 -28 -29 -30 -31
leaf_value=-0.012406824363758021 -0.0073443547606066003 0.00057151774894953673 -0.0057581297122982012 -0.0022476339873794015 -0.0033316990070878304 -0.0046001506355438987 -0.0066034169030808861 0.00097942970766776855 -0.00056762284072117426 0.0020027210180260562 -0.0032714352914496171 -0.0035223370363886234 0.022929625242727344 0.0059344176443123248 0.00088282759038644924 0.002640392091328487 0.0023420924793396188 0.0077752746690271405 0.0071247639147753719 -0.0050411718211733963 -0.00096229718581227093 0.016179240541809536 0.0051168420752696021 -0.0010460041532548519 -0.0029766153741249361 0.0045988801803068489 0.026494095758849236 -0.0054435070251112015 -0.0032941544669498096 -0.0071137571047449584
leaf_weight=465.08634535595775 279.79441071674228 39754.371503580362 684.04249341227114 505.19856245070696 13.776035614311697 1634.061783997342 468.11391787976027 2559.8695760667324 3017.219811566174 836.19738667830825 712.98668079078197 24.572912804782391 11.924503058195112 59.911049373447895 877.86931016296148 62.798647344112396 1217.6381748616695 93.33746063709259 83.863779038190842 332.88476654887199 3352.4280038177967 58.172680735588074 132.84849882125854 578.78310793638229 501.55228682607412 136.40445247292519 17.334554832428694 71.021768674254417 264.51668906211853 63.351271845400333
leaf_count=23083 4031 45508 18176 3779 82 24570 4296 2250 12999 5863 5763 266 104 352 6754 94 977 83 83 455 3224 87 97 467 1874 909 110 281 78 603
internal_value=-1.82103e-05 0.00014994 -0.00846272 -0.0019748 -0.00280346 -0.00317653 0.000359758 -0.000234243 -0.00147028 0.00039517 -0.00195793 -0.00584943 0.0053411 -0.00410662 -0.00121897 0.000355524 0.00176165 -5.50556e-05 -0.000170273 -0.000926115 -0.00110634 0.00927941 -0.000727456 0.00124718 -0.00200623 0.00279867 0.0134077 0.00112201 0.000545735 0.00033125
internal_weight=58871.9 57722.8 1149.13 5184.49 3843.1 3604.56 52538.3 12519.4 4046.8 1341.4 1970.5 316.292 36.4974 1029.58 1654.21 8472.62 1917.39 6555.23 6461.89 3902.03 3818.16 120.971 3485.28 1796.42 561.463 238.537 31.1106 207.426 40018.9 941.221
internal_count=167298 126039 41259 53115 43473 42091 72924 27338 19521 9642 17521 4401 370 6522 13120 7817 1625 6192 6109 3859 3776 181 3321 1444 2226 1382 192 1190 45586 7357
cat_boundaries=0 1 2
cat_threshold=67633 65540
is_linear=0
shrinkage=0.03


Tree=216
num_leaves=31
num_cat=0
split_feature=22 21 3 22 6 3 22 3 22 21 2 6 19 20 9 21 6 23 21 6 21 19 21 11 6 6 21 23 1 11
split_gain=87.4151 24.7829 13.2943 12.7995 8.63661 8.47211 7.89436 7.08034 8.49634 6.82415 6.45874 5.96791 5.92201 5.95739 6.50691 6.16583 8.11976 6.60716 5.81011 5.71218 5.70589 5.42699 5.34887 5.21472 5.21268 10.267 6.10848 7.29609 6.90704 5.3691
threshold=0.01679278019124919 0.27749879654779902 5.5000000000000009 0.005666286625885448 1165.5000000000002 1.5000000000000002 0.063958934817495636 1.0000000180025095e-35 0.11490805722190557 2.6753740757250477 4.5000000000000009 1390.5000000000002 0.81250000000000011 1.2232142857142858 0.6078576107927941 0.70226904971087656 973.50000000000011 0.04637468423567967 2.0765776293919509 121.50000000000001 1.314133955100484 1.0000000180025095e-35 0.40129659983478666 -0.97113884758256674 1205.5000000000002 1039.5000000000002 1.2992255435400799 0.80493902439024401 1.5000000000000002 -0.48314718476766422
decision_type=2 2 2 2 2 2 2 2 2 2 2 2 2 2 2 2 2 2 2 2 2 2 2 2 2 2 2 2 2 2
left_child=3 2 4 -1 6 7 -2 12 -9 -10 -4 -6 13 14 20 17 -17 22 23 -7 -3 -5 -16 -14 25 -21 27 -27 -29 -28
right_child=1 5 10 21 11 19 -8 8 9 -11 -12 -13 18 -15 15 16 -18 -19 -20 24 -22 -23 -24 -25 -26 26 29 28 -30 -31
leaf_value=-0.011947186757963722 -0.0049158515933218766 0.00041167699544939661 0.0012469581880847488 -0.0064432500572360113 0.0021119796072112088 0.0017256861440705339 -0.0019031878364046465 -0.0054277751623422153 -0.0013108828271567927 0.0070044798869354306 -0.0024222437592722251 -0.004163409841681856 -0.0052212310000929038 0.0081117970651145913 0.004061444026520377 0.0022372824066230939 0.010589606474858387 -0.0012797437131518595 -0.0060591881844615052 0.00048142300091255294 -0.0047080025323038453 0.0021271182869579673 0.028584482362548361 -4.7365963793865779e-05 0.0010510845701266146 -0.001581869004038422 -0.00021755853265794146 0.0061093167470935832 0.00032361557824399649 -0.0044740456923047988
leaf_weight=483.98886112123728 1545.9194527566433 1788.6972359903157 1549.303246319294 576.32660421170294 486.30877996981144 3385.155749514699 1607.4577792324126 463.73051434382796 2325.6100444570184 91.178521335124969 597.05282183364034 188.19967517629266 193.38133186101913 102.38827061653137 27.951815579086542 284.9027059674263 167.66911083459854 326.57806038856506 188.05039799213409 25868.000594228506 218.92101001739502 73.532840501517057 10.933606222271917 1814.5250399112701 9607.8984511047602 2010.2286598496139 421.40444988012314 219.35154414176941 1199.8861268758774 740.67867600917816
leaf_count=24243 24430 4902 10262 15419 4151 3467 12426 4005 4547 65 4061 1615 125 51 293 245 147 1262 88 31088 148 1411 80 1184 11435 4477 205 94 530 397
internal_value=1.11485e-06 0.000164139 -0.00166447 -0.0082439 -0.00272407 0.000376587 -0.00338312 -0.000519863 -0.00170976 -0.000991919 0.000222848 0.000348582 0.000148084 0.00103219 0.000770756 0.00302462 0.00536141 0.000107749 -0.00102797 0.000541871 -0.000145678 -0.0054625 0.0116509 -0.000550998 0.000441665 0.000249209 -0.00105756 -0.000418216 0.00122573 -0.0029372
internal_weight=58565.2 57431.4 5974.24 1133.85 3827.89 51457.1 3153.38 8004.52 2880.52 2416.79 2146.36 674.508 5124 2928.04 2825.65 818.035 452.572 365.463 2195.96 43452.6 2007.62 649.859 38.8854 2007.91 40067.4 30459.6 4591.55 3429.47 1419.24 1162.08
internal_count=166853 125780 56945 41073 42622 68835 36856 17142 8617 4612 14323 5766 8525 7128 7077 2027 392 1635 1397 51693 5050 16830 373 1309 48226 36791 5703 5101 624 602
is_linear=0
shrinkage=0.03


Tree=217
num_leaves=31
num_cat=1
split_feature=21 22 0 3 3 17 22 6 20 23 21 17 21 20 11 20 20 6 6 2 6 3 11 2 11 12 23 6 21 21
split_gain=89.8887 23.4056 18.915 10.2995 6.48491 6.26679 5.92012 7.79457 9.66117 10.6464 8.29293 7.20466 8.73667 7.45875 7.92033 7.17633 6.62526 5.38755 8.08289 7.1216 5.32485 8.7267 5.29677 5.15726 5.04394 9.27703 4.99004 8.05872 6.58991 6.15055
threshold=0.13363062095621173 0.0078229775924323116 0 2.5000000000000004 5.5000000000000009 6.5000000000000009 0.93213278419381618 859.50000000000011 0.59821428571428581 0.78796113306982873 2.6753740757250477 2.5000000000000004 2.0765776293919509 0.90178571428571441 -0.67803021058859225 1.4017857142857146 1.4375000000000002 613.50000000000011 649.50000000000011 5.5000000000000009 163.50000000000003 2.5000000000000004 -0.93545489084327571 3.5000000000000004 0.3744682635859638 0.91511078773075516 0.99110953058321483 193.50000000000003 1.1638494123147785 1.4978339182032825
decision_type=2 2 1 2 2 2 2 2 2 2 2 2 2 2 2 2 2 2 2 2 2 2 2 2 2 2 2 2 2 2
left_child=1 -1 4 -4 5 6 17 15 9 -9 11 12 13 14 22 23 -13 20 19 -19 21 -2 -10 26 -20 -26 27 28 -8 -30
right_child=2 -3 3 -5 -6 -7 7 8 10 -11 -12 16 -14 -15 -16 -17 -18 18 24 -21 -22 -23 -24 -25 25 -27 -28 -29 29 -31
leaf_value=-0.012054486881307608 -0.002590132738610106 -0.0044741833790194379 -0.0034408199996875098 -0.00069965526773227969 0.00071768682392682156 -0.0071029685947118894 0.006342159570761792 0.00096930801721201111 -0.0025425396034624288 0.01556018412142317 0.0073689926511313897 0.0086931928322248296 -0.0044006524720183104 0.0017323972367083785 -0.0049829627569675655 -0.0053783795015384835 0.00093857055854162138 0.002057715252359807 -0.00063307967376851596 0.011463586466943917 -0.0018798072872401007 0.0024598058233327347 0.0055949593279437338 0.0010187710079711412 0.00045424439575937029 0.011955878413025013 -0.0036425410721747948 -0.00095788010421545011 -0.00074609111163776917 0.0067524011665655373
leaf_weight=533.94858603738248 515.02157722786069 1186.8011392746121 1666.2193851973861 4780.050659917295 21146.210789017379 109.44808065891266 256.48446327447891 90.315918684005737 134.24038231372833 90.894449710845947 192.06525635719299 197.75998771190643 292.50528287887573 2541.3336452245712 343.0278782248497 215.49949193000793 202.2628955245018 406.47777926921844 7466.5629111900926 88.104532778263092 3107.1325044520199 761.72508091852069 151.68487107753754 3469.5800375342369 4826.3740320987999 63.010336682200432 419.33673703670502 2946.7649770975113 524.09729486703873 119.96546739339828
leaf_count=27065 1997 19681 21184 35389 16035 60 191 99 106 62 99 101 204 1416 278 119 88 824 15322 165 10958 1983 117 2443 8409 112 240 2347 382 79
internal_value=-8.17299e-05 -0.00683547 0.000121724 -0.00140736 0.000316582 2.92596e-05 5.62352e-05 0.000562421 0.00160171 0.0083662 0.00129594 0.000990598 0.000547623 0.00100731 -0.00191104 7.87844e-06 0.00479932 -0.000301393 7.97383e-06 0.00376513 -0.00120941 0.000417603 0.00175799 0.000159369 -0.000142224 0.000606109 -0.000538155 -0.000197375 0.00228279 0.000649606
internal_weight=58844.9 1720.75 57124.2 6446.27 50677.9 29531.7 29422.2 12187.8 4236.09 181.21 4054.88 3862.81 3462.79 3170.29 628.953 7951.73 400.023 17234.4 12850.5 494.582 4383.88 1276.75 285.925 7736.23 12355.9 4889.38 4266.65 3847.31 900.547 644.063
internal_count=167555 46746 120809 56573 64236 48201 48141 8371 2570 161 2409 2310 2121 1917 501 5801 189 39770 24832 989 14938 3980 223 5682 23843 8521 3239 2999 652 461
cat_boundaries=0 1
cat_threshold=6570
is_linear=0
shrinkage=0.03


Tree=218
num_leaves=31
num_cat=2
split_feature=0 0 3 20 6 19 13 3 3 14 21 9 20 21 23 20 12 23 23 20 12 7 11 9 6 9 12 12 21 14
split_gain=90.9398 28.8014 12.9328 9.40646 7.10899 6.73971 5.93562 5.05594 8.74644 7.45224 6.00904 5.65782 11.0208 7.52145 6.98218 5.82842 5.33905 4.6461 4.51858 4.2448 4.00272 4.00941 4.30217 5.18154 3.82464 3.80618 12.2349 24.1323 4.03287 5.20984
threshold=0 1 2.5000000000000004 1.0000000180025095e-35 1210.5000000000002 1.0000000180025095e-35 1.0000000180025095e-35 1.5000000000000002 1.0000000180025095e-35 1.0000000180025095e-35 2.8389108382124317 -0.8783796973249266 1.1160714285714288 2.6753740757250477 0.40389352027283071 0.72321428571428581 0.9980355542543059 0.37758669901527048 0.082499249324391968 1.0446428571428574 0.69521084835931835 -0.85355339059327373 -0.76141707087277943 1.0000000180025095e-35 655.50000000000011 -0.8783796973249266 -0.46800559042974538 -0.6652727025667432 1.0463293911599714 1.0000000180025095e-35
decision_type=1 1 2 2 2 2 2 2 2 2 2 2 2 2 2 2 2 2 2 2 2 2 2 2 2 2 2 2 2 2
left_child=3 7 4 -1 5 -3 -4 8 10 16 25 12 14 17 15 -11 -10 19 -5 -13 21 -8 -23 -24 -21 26 27 -2 29 -27
right_child=1 2 6 18 -6 -7 20 -9 9 11 -12 13 -14 -15 -16 -17 -18 -19 -20 24 -22 22 23 -25 -26 28 -28 -29 -30 -31
leaf_value=-0.010867417666653384 0.0022685679453926725 -0.0059841810751327584 -0.0010991784901384987 -0.0055831720356116733 -0.00025318751795522872 -0.0018421412009838034 -0.0016601119880439623 0.0005676774461993529 -0.0038013935029611408 0.020203704428962022 0.0064267378732853278 -0.0019396210189408533 -0.0065843532884982724 0.0090718296993658569 -1.4412915696794561e-05 0.0058990990924846611 0.010947498981009877 -0.0051965178111689223 0.0083378384985709018 0.0068624412965886178 -0.0028202701666521762 0 0.011472424138825687 0.0018835249365689087 -7.870367225901515e-06 -0.00044242922934491642 -0.0006645194559525443 0.022975280459809962 -0.00095126448274649323 0.0026111706339647335
leaf_weight=696.46867996267974 214.47653339803219 1021.1598955243826 5270.6981437485665 304.00102097913623 451.11209754273295 549.7979592140764 95.763185296207666 42276.32921712473 1101.263429466635 48.824347879737616 147.13607013225555 739.15614783018827 62.861952543258667 61.95102322101593 60.875193893909454 58.571953773498535 21.398771785199642 251.64273051917553 21.332200299948454 104.18830436468124 107.54236945509911 94.802758730947971 127.89267032966018 87.128845006227493 232.10746306180954 1135.6828008517623 476.82467633113265 65.773381661623716 2192.4785085916519 897.34601318091154
leaf_count=31661 285 15608 40849 7490 4405 5716 370 44351 4480 153 56 1654 65 46 80 85 84 331 226 146 478 406 532 378 275 3585 693 85 1428 1269
internal_value=1.62229e-05 0.000173536 -0.00152015 -0.00880745 -0.00358757 -0.00454048 -0.000798454 0.00043756 -0.000259847 -0.00162751 0.000470445 -0.000321195 0.00400923 -0.00104845 0.00801768 0.012584 -0.00350544 -0.00153187 -0.00462923 -0.000664784 0.00227495 0.00364432 0.00530324 0.00764139 0.00211688 0.000292097 0.00224969 0.00721408 -5.76706e-05 0.000903052
internal_weight=58976.6 57954.8 7805.9 1021.8 2022.07 1570.96 5783.83 50148.9 7872.56 2742.84 5129.72 1620.18 231.133 1389.05 168.271 107.396 1122.66 1327.09 325.333 1075.45 513.13 405.587 309.824 215.022 336.296 4982.58 757.075 280.25 4225.51 2033.03
internal_count=167270 127893 68742 39377 25729 21324 43013 59151 14800 7399 7401 2835 383 2452 318 238 4564 2406 7716 2075 2164 1686 1316 910 421 7345 1063 370 6282 4854
cat_boundaries=0 1 2
cat_threshold=34368 2474
is_linear=0
shrinkage=0.03


Tree=219
num_leaves=31
num_cat=4
split_feature=22 22 23 14 20 12 0 7 15 12 11 0 0 23 11 22 22 22 10 23 21 22 23 23 0 23 10 8 11 23
split_gain=84.5772 20.8115 16.5015 8.29623 7.57878 5.07201 6.28629 5.04192 4.64679 4.5589 5.16865 4.37663 3.96611 5.33841 7.35655 9.72363 4.36874 3.94864 5.06891 4.12287 7.619 4.64237 3.89264 3.85344 3.64915 3.57723 4.87109 3.55358 3.53204 3.32707
threshold=0.023372770750673795 0.005904532915520691 0.075652963888258026 1.0000000180025095e-35 0.56250000000000011 0.14888728888808328 0 1.0000000180025095e-35 1.0000000180025095e-35 0.097680735332368748 0.9916835347852474 1 2 0.058292880258899685 0.19337368024598436 0.11420430714666589 0.12748109862484291 0.053249200119890101 1.0000000180025095e-35 0.011799512704490081 0.20723205905420547 0.068969548426628405 0.018576029445594666 0.034118625277161869 3 0.077108881456707565 -0.56174490092936669 1.0000000180025095e-35 -0.98803845231459242 0.036477341849148422
decision_type=2 2 2 2 2 2 1 2 2 2 2 1 1 2 2 2 2 2 2 2 2 2 2 2 1 2 2 2 2 2
left_child=1 -1 3 4 5 6 9 8 -5 28 -11 25 13 14 15 -9 -15 23 19 20 21 -19 -3 -7 -22 26 -4 -21 -2 -25
right_child=2 22 11 7 -6 17 -8 12 -10 10 -12 -13 -14 16 -16 -17 -18 18 -20 27 24 -23 -24 29 -26 -27 -28 -29 -30 -31
leaf_value=-0.011525962302207801 -0.004903000074093852 -0.0056194228474298353 0.017410076617929378 0.006924409703572592 0.013709569117602939 -0.0063344888899167229 -0.0024089820208831078 0.0048813909274939551 -0.0048294126589391584 0.0026943416354692756 0.02507920757614468 0.00041215551765141505 -0.0031111429816670089 0.0066097681525857351 0.00081833470298946448 0.035640926846650177 -0.0089465640328238016 0.0023053889475502087 0.00026699114436456317 -0.0021702663261501946 -0.0064689590830892662 0.024514953392227763 -0.0023897932903366829 0.0064689040041198877 0.0019555088055971032 -0.00083114752170420053 0.00079730109243720084 -0.0064279601200846912 0.00039336045195166862 -0.003112886938514193
leaf_weight=494.58045019768178 121.15622040629387 887.20613470673561 21.561154454946518 215.24527137354016 27.625647157430649 453.38113432377577 1448.7237958423793 23.718074396252632 33.852249875664711 31.907049935311079 12.730413947254418 47394.708767030388 191.76504151523113 24.52142146229744 58.741912856698036 15.203444749116896 42.840998306870461 18.699970010668039 599.01103835552931 356.56995931267738 76.781262151896954 15.971705615520476 557.12506100721657 34.518165033310652 90.932370014488697 3440.5954085737467 56.910522647202015 362.75955504179001 1565.2169637195766 364.80547065660357
leaf_count=25494 987 20681 147 1203 37 6263 12520 179 99 262 122 44582 1361 99 249 48 137 209 4452 2013 564 156 9309 326 544 16457 349 3007 12157 3380
internal_value=-5.07526e-05 -0.00621113 0.00015843 -0.00130427 -0.00166688 -0.00174691 -0.000960244 0.00202301 0.00529016 0.000261862 0.00961953 0.000336307 -0.000249625 0.00304227 0.00769336 0.0176387 -0.00318209 -0.00279744 -0.00187228 -0.00326786 0.000486529 0.013105 -0.00438032 -0.00443622 -0.00214875 -0.000682568 0.00559902 -0.0043317 6.61137e-06 -0.00225554
internal_weight=59039.4 1938.91 57100.5 6186.68 5580.79 5553.17 3179.73 605.888 249.098 1731.01 44.6375 50913.8 356.791 165.026 97.6634 38.9215 67.3624 2373.43 1520.73 921.715 202.385 34.6717 1444.33 852.705 167.714 3519.07 78.4717 719.33 1686.37 399.324
internal_count=167393 55484 111909 50374 46999 46962 26048 3375 1302 13528 384 61535 2073 712 476 227 236 20914 10945 6493 1473 365 29990 9969 1108 16953 496 5020 13144 3706
cat_boundaries=0 1 2 3 4
cat_threshold=12344 12316 2194 2057
is_linear=0
shrinkage=0.03


Tree=220
num_leaves=31
num_cat=6
split_feature=0 0 20 23 12 13 22 6 11 20 0 21 23 21 6 9 22 22 19 20 6 22 0 16 12 2 6 0 0 2
split_gain=84.7703 28.8244 12.6509 8.19663 6.27829 6.07432 6.03563 4.60511 4.57643 4.51779 4.99089 6.31947 5.28361 4.90379 4.265 5.79294 4.17752 4.0363 6.93282 5.70966 4.3345 12.4741 5.03605 6.54677 8.85714 4.56659 4.54986 8.83828 8.07192 11.3572
threshold=0 1 1.0000000180025095e-35 0.03234524847428074 -0.15950993297387572 1.0000000180025095e-35 0.032477342204167071 127.50000000000001 0.99274428880883148 1.4910714285714288 2 1.2219581900301704 0.56426576217079016 0.86189160737133441 385.50000000000006 0.6078576107927941 0.01679278019124919 0.077531734807411282 0.18750000000000003 0.11607142857142859 571.50000000000011 0.96594784195729233 3 1.0000000180025095e-35 -0.54940789553007929 1.0000000180025095e-35 889.50000000000011 4 5 2.5000000000000004
decision_type=1 1 2 2 2 2 2 2 2 2 1 2 2 2 2 2 2 2 2 2 2 2 1 2 2 2 2 1 1 2
left_child=2 6 16 4 -3 -5 -2 9 -7 10 12 13 -8 -12 15 -4 -1 18 -9 -20 21 -19 23 -22 -25 -23 27 -24 -28 -30
right_child=1 3 14 5 -6 8 7 17 -10 -11 11 -13 -14 -15 -16 -17 -18 20 19 -21 22 25 26 24 -26 -27 28 -29 29 -31
leaf_value=-0.012138272270208732 -0.0039706818019081876 -0.0013478004403785877 -0.0041602966138251114 -0.0012566256204003361 -0.0044582056584822841 0.0015716798297953185 0.0059820378274631587 0.0050824679374925552 0.015645729517019123 -0.0040696665540498325 0.00013464366303459892 -0.0013278891131087833 0.001909385650702298 0.0038210414720134902 -0.0067284373011433475 0.0087734580123464499 -0.0057850391124477148 -0.0015369290938671289 0.01201693247434283 -0.0036218009190624408 -0.0020529355162868207 -0.0012254594287778317 -8.3184751971806175e-05 0.012780201827717257 -0.0015163196662608359 0.00074780971261958009 0.0007356348476354321 0.0017273003166886471 0.00082313972150521492 -0.0015700608773204798
leaf_weight=561.06470876932144 283.70142643526196 1076.5762082431465 90.354528956115246 4907.0876755733043 1297.0590821374208 482.25836921855807 365.81252129375935 394.33968267589808 20.899984896183014 131.14921998977661 670.15230471268296 900.34082567691803 1365.0363529622555 635.74084642529488 185.17638390511274 46.268672691658139 119.81153780221939 4120.8787917122245 22.738050408661366 176.45126482844353 1217.4784885644913 1227.1140398979187 3829.8556286692619 65.4395347610116 92.481441512703896 7439.4700061678886 13144.205113187432 6604.8678581789136 3194.0804545134306 4036.5842943862081
leaf_count=28465 3034 14512 2073 33900 18311 2027 934 1778 88 50 1568 428 567 337 4723 882 3120 9975 111 603 5481 690 2189 200 363 4084 11642 7164 3353 4398
internal_value=-3.30019e-05 0.000117964 -0.00863335 -0.00157858 -0.00305115 -0.000933881 0.000382922 0.000408084 0.00219806 0.00137551 0.00155941 0.000598267 0.00276062 0.00193541 -0.00377333 0.000208161 -0.0110392 0.00032155 0.00277845 -0.00175551 0.00028893 -0.000177972 0.000474622 -0.00129407 0.00441328 0.00046761 0.000554054 0.00106385 0.000292904 -0.000511382
internal_weight=58704.5 57701.8 1002.68 7783.88 2373.64 5410.25 49917.9 49634.2 503.158 4068.23 3937.08 2206.23 1730.85 1305.89 321.8 136.623 680.876 45566 593.529 199.189 44972.5 12787.5 32185 1375.4 157.921 8666.58 30809.6 10434.7 20374.9 7230.66
internal_count=167050 127787 39263 68838 32823 36015 58949 55915 2115 3884 3834 2333 1501 1905 7678 2955 31585 52031 2492 714 49539 14749 34790 6044 563 4774 28746 9353 19393 7751
cat_boundaries=0 1 2 3 4 5 6
cat_threshold=34368 2474 264 8 2 2178
is_linear=0
shrinkage=0.03


Tree=221
num_leaves=31
num_cat=2
split_feature=0 22 20 3 12 20 9 6 11 22 20 3 12 11 12 22 20 22 6 22 23 12 13 22 0 10 6 12 12 20
split_gain=80.9317 24.1255 11.7366 9.9106 6.26478 6.22931 5.92521 9.15128 4.90661 4.84383 4.37527 5.98002 4.14681 5.47794 5.67749 7.8204 4.03225 7.05924 4.95768 3.99323 5.46133 7.3295 3.44148 4.26002 6.31918 5.20654 5.03132 4.4869 12.7734 7.67415
threshold=0 0.097364410632518147 1.0000000180025095e-35 1.5000000000000002 0.80290535434334509 0.098214285714285726 1.0000000180025095e-35 415.50000000000006 -0.44504625642270151 0.025557181266289954 0.044642857142857144 3.5000000000000004 0.8852232634113919 -0.73866753694953124 -0.88620506325989179 0.018829018680517694 1.0000000180025095e-35 0.068969548426628405 139.50000000000003 0.066334415534789359 0.024565020617519865 -0.91595872546125101 1.0000000180025095e-35 0.14769057323736021 1 1.0000000180025095e-35 979.50000000000011 -0.72694848937061807 -0.61236746317008228 1.5267857142857146
decision_type=1 2 2 2 2 2 2 2 2 2 2 2 2 2 2 2 2 2 2 2 2 2 2 2 1 2 2 2 2 2
left_child=2 3 9 5 16 -2 -4 10 -7 -1 11 -8 13 -13 -15 -16 17 18 -5 20 -10 -22 -3 24 -24 26 -26 -25 29 -29
right_child=1 22 6 4 -6 8 7 -9 19 -11 -12 12 -14 14 15 -17 -18 -19 -20 -21 21 -23 23 27 25 -27 -28 28 -30 -31
leaf_value=-0.01107666133997102 -0.0045885177225562061 0.0001992182918689417 -0.0074989301122552797 0.0066543252815193781 -0.0024630198476693651 -0.0044897984419294918 0.00066662576482979347 -0.0067316222784310946 0.00048083500517957681 0.0064343026080434943 -0.0027097714604814786 0.0042193863502872579 0.0005906359582143971 0.0069836193621731907 0.02198174181909469 0.079438706722579605 -0.00014755648763295883 0.012219939793637112 -0.004821096377026316 -0.00040446123374089605 -0.0025116645097418818 0.024641405424029775 0.00058493991947340619 -8.0200369663507241e-05 0.0041979263491652673 0.0016974147615221359 0.014719862029217766 0.0026228615000681034 0.00064071292312870378 0.0086031929931183332
leaf_weight=664.00019709579647 1101.0323931630701 23517.853595472872 172.12633993849158 35.604574348777533 1554.4173056986183 185.4856063388288 22.701694678515196 75.035068228840828 52.249874703586102 13.480572104454039 22.867954174056649 7.311869662255055 7.3223098851740351 4.8907959554344442 6.5624416824430174 3.8644872531294823 6295.3309136051685 24.772935725748539 414.90959677100182 242.62614431977272 12.797756657004355 25.022369787096977 442.92369465529919 5884.0500349104404 79.589600779116154 122.46494629979134 90.46297949552536 1158.726582378149 16530.368290811777 232.98815393447876
leaf_count=31471 16282 34056 4392 645 11840 1345 576 1888 415 281 299 128 142 88 172 47 40610 180 6381 1558 89 186 1463 3166 141 168 97 631 8888 78
internal_value=3.37394e-05 0.000180485 -0.00838044 -0.00116428 -0.000745458 -0.00331212 -0.003711 0.000600923 -0.00058485 -0.0107104 0.00795741 0.0126662 0.021252 0.0273756 0.0371255 0.0488901 -0.000349943 -0.00301209 -0.00388816 0.0015812 0.00694166 0.0154706 0.000458919 0.000707523 0.00295709 0.00628037 0.0098837 0.000637655 0.000873662 0.0036338
internal_weight=59003.8 58003.7 1000.16 9944.25 8325.04 1619.21 322.683 150.557 518.182 677.481 75.5216 52.6536 29.9519 22.6296 15.3177 10.4269 6770.62 475.287 450.514 332.696 90.07 37.8201 48059.4 24541.6 735.441 292.518 170.053 23806.1 17922.1 1391.71
internal_count=167703 128219 39484 79531 59656 19875 7732 3340 3593 31752 1452 1153 577 435 307 219 47816 7206 7026 2248 690 275 48688 14632 1869 406 238 12763 9597 709
cat_boundaries=0 1 2
cat_threshold=34368 41
is_linear=0
shrinkage=0.03


Tree=222
num_leaves=31
num_cat=0
split_feature=22 21 3 22 2 6 13 10 21 6 19 3 12 22 20 21 10 12 15 23 20 12 13 17 12 6 21 23 6 6
split_gain=76.4229 23.21 13.8154 6.93126 5.97628 5.85576 5.9569 6.62246 5.94265 5.92993 5.57653 6.78219 12.3675 5.96152 5.76348 7.8007 5.4285 5.41573 13.2184 5.24886 5.15351 5.49014 6.54942 4.9933 4.9719 4.86813 5.69637 4.81523 7.39032 12.3126
threshold=0.0078229775924323116 0.24353894017376096 4.5000000000000009 0.063680990723152336 4.5000000000000009 1205.5000000000002 1.0000000180025095e-35 1.0000000180025095e-35 2.1731461800422895 211.50000000000003 0.31250000000000006 6.5000000000000009 -0.46800559042974538 0.95417551034446801 0.8303571428571429 1.2457720706244999 1.0000000180025095e-35 0.21652257995689161 5.5000000000000009 0.10539539804284583 1.1160714285714288 -0.94703994556331683 4.5000000000000009 4.5000000000000009 0.16587474750015932 1260.5000000000002 1.6929475013634481 0.80493902439024401 967.50000000000011 637.50000000000011
decision_type=2 2 2 2 2 2 2 2 2 2 2 2 2 2 2 2 2 2 2 2 2 2 2 2 2 2 2 2 2 2
left_child=-1 2 3 -2 -4 6 7 8 19 -9 11 13 16 14 15 -8 -13 20 23 24 21 -12 -23 -19 -3 26 -7 28 29 -11
right_child=1 5 4 -5 -6 25 10 9 -10 27 17 12 -14 -15 -16 -17 -18 18 -20 -21 -22 22 -24 -25 -26 -27 -28 -29 -30 -31
leaf_value=-0.010706223739676574 -0.0046035387051999678 -0.00061869703429150505 0.00063062850769329945 -0.0013962739593491693 -0.0026300844426978072 0.0024828363096441332 0.00028354696569968404 0.0020755346293445469 -0.0036188559888307922 -0.0014927744357646718 -0.0014124257233031616 0.0075100264205955796 0.0019944399645810532 0.008916640325097494 -0.0093501500203871171 0.013393467184848644 0.020091419995972585 0.00088752110201886238 0.0096149085311066414 -0.00025032589134951072 -0.0012340746226443186 0.00048101996207734879 0.005941285888024516 -0.0035985777269380188 -0.0034107346188311871 0.00050899770608294783 -0.0017449153465155581 0.0010869737772197235 -0.0023815595128424205 0.0018467497119601644
leaf_weight=598.06863630749285 1621.3882300388068 1328.3004351146519 1811.7612932790071 980.45453726872802 700.11394469812512 2338.3540005199611 959.99042320623994 1493.0645418651402 601.98577719926834 2003.5750962086022 1406.5424393638968 77.049352563917637 308.54877149313688 77.478285908699036 51.438453435897827 41.73077780008316 55.843543119728565 7023.9182221889496 153.57022225856781 9551.0358963310719 2788.9835898280144 5906.4962006211281 203.85288846492767 229.18867689371109 1019.3775251433253 9322.8806865215302 324.47810441255569 2552.0240893959999 1386.0963654853404 1968.5586044602096
leaf_count=30571 28398 7707 15882 8573 6303 3548 2754 3240 342 6554 846 113 484 45 29 23 93 4104 40 12510 1064 3735 87 75 6300 13539 125 1249 3673 5177
internal_value=-4.57467e-05 6.37146e-05 -0.00186636 -0.00339825 -0.0002765 0.000249472 7.94775e-05 -0.000258863 -0.000711416 0.00034213 0.000464079 0.00217653 0.0053286 0.00093692 0.000336279 0.00084849 0.0129523 0.000311637 0.000930466 -0.000563526 -0.00013257 0.000275431 0.000665109 0.000744463 -0.00183451 0.0008331 0.00196495 1.39701e-05 -0.000496069 0.000160806
internal_weight=58886.1 58288.1 5113.72 2601.84 2511.88 53174.4 41188.7 21904 12500.7 9403.32 19284.6 1572.08 441.442 1130.64 1053.16 1001.72 132.893 17712.6 7406.68 11898.7 10305.9 7516.89 6110.35 7253.11 2347.68 11985.7 2662.83 7910.25 5358.23 3972.13
internal_count=167183 136612 59156 36971 22185 77456 60244 46752 26859 19893 13492 3541 690 2851 2806 2777 206 9951 4219 26517 5732 4668 3822 4179 14007 17212 3673 16653 15404 11731
is_linear=0
shrinkage=0.03


Tree=223
num_leaves=31
num_cat=7
split_feature=0 21 3 21 0 13 7 21 19 9 0 21 9 3 1 16 21 3 1 11 0 0 11 0 23 23 3 0 23 23
split_gain=81.4059 22.6914 9.59605 8.68382 6.74693 6.63695 7.1529 5.61423 8.11874 5.02599 4.28291 4.04145 5.2959 5.28612 4.46641 4.34171 4.24399 3.91834 3.66417 6.09028 5.67128 4.08204 3.84345 3.62852 4.73327 4.13321 3.96472 3.80728 3.71457 3.5742
threshold=0 0.24353894017376096 1.5000000000000002 0.13363062095621173 1 1.0000000180025095e-35 -0.85355339059327373 3.633515372553564 3.8125000000000004 1.0000000180025095e-35 2 0.31721153878816621 0.6078576107927941 2.5000000000000004 10.500000000000002 1.5000000000000002 0.58650879619340068 5.5000000000000009 7.5000000000000009 0.88220160189607266 3 4 0.89787622492179153 5 0.010666742519057915 0.095357741086384312 2.5000000000000004 6 0.15160027238678928 0.07062020460358058
decision_type=1 2 2 2 1 2 2 2 2 2 1 2 2 2 2 2 2 2 2 2 1 1 2 1 2 2 2 1 2 2
left_child=3 2 10 -1 7 17 -7 8 -3 -5 -2 -6 13 16 15 -15 -13 23 19 -19 -21 -20 -22 28 26 29 27 -25 -4 -26
right_child=1 4 5 9 11 6 -8 -9 -10 -11 -12 12 -14 14 -16 -17 -18 18 21 20 22 -23 -24 24 25 -27 -28 -29 -30 -31
leaf_value=-0.010601577391689846 -0.00031874268997301943 0.00042129401082519015 -0.0042743801393712467 -0.008020384116089815 0.00033868689361642949 -0.0063524490327847303 0.0079689250050919008 -0.0035951778384898676 0.0098221036632979153 -0.00047290941492395162 -0.0059596125263411768 -0.0036451170812805051 -0.0032857970092633826 0.00052259062960728208 -0.0033960959145833375 0.0090918861040933923 0.0083988337514987639 -0.0030428232295626424 -0.0013913548285261908 0.010108993843927092 0.014706956315051999 0.0033853476716137025 -0.0013141800541495851 0.013246714851045232 -0.00040719262652207978 -0.0034810809541751513 -0.0064789739613264567 -0.0027319853699538897 0.0048838321059744335 0.0043405640052933204
leaf_weight=660.29173861443996 165.27447098121047 47709.418766416609 853.81921866722405 172.16667918115854 2011.8906784206629 40.064135245978832 129.27352809906006 311.40297681093216 81.885335803031921 150.19241045229137 628.9538299087435 558.06953648105264 928.3074959628284 1450.924780856818 261.65332465618849 54.395093582570553 26.424741767346859 686.56467009522021 272.56398788094521 52.898177057504654 13.487572550773619 366.83232343941927 190.47647630423307 9.5325300246477109 573.92662911862135 282.002998765558 222.42205068469048 32.55512984469533 40.397369049489498 188.15034126117826
leaf_count=31577 2058 49003 11366 4452 11983 197 708 133 20 3336 10634 4195 4558 5760 1204 168 110 5502 1545 245 120 3227 1654 112 6370 1602 3429 628 247 1250
internal_value=-2.28379e-05 0.000122549 -0.00186422 -0.0085373 0.00029943 -0.00125718 0.00452796 0.00041134 0.000437732 -0.00453478 -0.00487415 -0.000716036 -0.00136695 -0.0006058 0.000209512 0.000842058 -0.00307695 -0.00151867 -0.00037517 -0.00156577 0.00235544 0.00137189 -0.000151497 -0.00233706 -0.00128736 -0.000381065 -0.00487571 0.00341157 -0.00380643 0.000761277
internal_weight=59126.2 58143.6 4749.2 982.651 53394.4 3954.97 169.338 48102.7 47791.3 322.359 794.228 5291.67 3279.77 2351.47 1766.97 1505.32 584.494 3785.63 1582.82 943.427 256.862 639.396 203.964 2202.81 1308.59 1044.08 264.51 42.0877 894.217 762.077
internal_count=167393 128028 50894 39365 77134 38202 905 49156 49023 7788 12692 27978 15995 11437 7132 5928 4305 37297 12293 7521 2019 4772 1774 25004 13391 9222 4169 740 11613 7620
cat_boundaries=0 1 2 3 4 5 6 7
cat_threshold=34368 14754 140 41 60 22532 49
is_linear=0
shrinkage=0.03


Tree=224
num_leaves=31
num_cat=4
split_feature=0 23 20 3 0 7 22 2 13 21 6 6 22 6 21 0 22 6 9 0 3 4 18 17 19 18 2 22 13 10
split_gain=76.8056 23.3803 12.7557 7.23568 8.04974 6.02296 6.11087 5.59038 7.29803 7.14899 6.1901 7.33177 5.23646 5.37757 5.20018 6.77282 5.08173 4.69701 5.35885 4.42933 4.56344 4.20547 4.07828 5.32362 4.27573 4.17955 4.01664 3.85674 3.98563 4.3748
threshold=0 0.033538300026245742 1.0000000180025095e-35 5.5000000000000009 1 0.3535533905932739 0.063958934817495636 5.5000000000000009 5.5000000000000009 1.6929475013634481 193.50000000000003 1395.5000000000002 0.10462126096357231 1180.5000000000002 1.4278082376973253 2 0.020651719691103458 415.50000000000006 0.6078576107927941 3 4.5000000000000009 3.5000000000000004 1.0000000180025095e-35 1.0000000180025095e-35 0.56250000000000011 1.5000000000000002 2.5000000000000004 0.070479214100651652 1.0000000180025095e-35 -0.22252093395631442
decision_type=1 2 2 2 1 2 2 2 2 2 2 2 2 2 2 1 2 2 2 1 2 2 2 2 2 2 2 2 2 2
left_child=2 5 16 4 -3 12 -7 -5 9 10 -9 14 13 -2 15 -12 -1 18 21 -15 -21 -4 23 -17 25 -24 -14 -8 -29 -30
right_child=1 3 17 7 -6 6 27 8 -10 -11 11 -13 26 19 -16 22 -18 -19 -20 20 -22 -23 24 -25 -26 -27 -28 28 29 -31
leaf_value=-0.011719192287066547 -0.0023322513155979115 0.0001685828502552244 -0.0077807903113870074 0.00082035484804119936 -0.001059887071669606 -0.0053906170552614086 0.0030251475824929789 0.0032519037086299347 0.0087827553821472459 -0.0054833230595483428 -0.0045880151217384119 0.0058538227800403429 -0.00084227561104045746 -0.0051035755127434917 0.0029340149812189156 0.0025310560032512017 -0.0026816351388389372 -0.0069324464636061327 0.0081157088435051313 0.00082458408364233574 0.0095365062468800374 0.0053449654053864676 -0.0094181988403546045 -0.0025938021521321312 -0.00099667223259868173 0.00015749297779033521 0.012107541651134795 -0.0036899886820838806 0.014104368102644108 -0.0022454678597097059
leaf_weight=590.78105297870934 1373.4906077720225 25403.460719477385 69.382721804082394 20078.566427402198 5906.8937683515251 878.45182739757001 131.73093220219016 378.01383674144745 72.854491233825684 262.52617144584656 543.81340027600527 136.76902021467686 38.906527601182461 52.291218407452106 236.71864092350006 529.67312040179968 64.561766378581524 167.34633957967162 51.530460391193628 150.30873245373368 85.309728719294071 30.562148319557309 123.26588535308838 276.2240688726306 563.77673864364624 59.371598437428474 44.87642814218998 442.53034312650561 24.132728233933449 33.847800798714161
leaf_count=30081 17253 27359 1665 23466 33665 13933 1364 377 14 70 885 169 87 441 69 1489 1551 4459 985 1497 695 663 223 302 184 59 121 3882 108 157
internal_value=-5.45859e-05 8.68078e-05 -0.00836071 0.000234282 -6.32951e-05 -0.00238223 -0.00377037 0.000635069 -0.000531731 -0.000754602 -0.000314777 -0.000864238 -0.00117569 -0.00154885 -0.00126301 -0.00174102 -0.0108434 -0.00348214 0.000310787 0.00216278 0.00386776 -0.00369444 -0.000703411 0.00076602 -0.00230628 -0.00628876 0.00608422 -0.00150473 -0.00271258 0.00458171
internal_weight=58802 57827.8 974.164 54571.9 31310.4 3255.88 1510.69 23261.6 3183.01 3110.15 2847.63 2469.61 1745.18 1661.4 2332.84 2096.12 655.343 318.822 151.475 287.91 235.618 99.9449 1552.31 805.897 746.414 182.637 83.783 632.242 500.511 57.9805
internal_count=167273 127869 39404 88331 61024 39538 19444 27307 3841 3827 3757 3380 20094 19886 3211 3142 31632 7772 3313 2633 2192 2328 2257 1791 466 282 208 5511 4147 265
cat_boundaries=0 1 2 3 4
cat_threshold=34368 8610 65812 65536
is_linear=0
shrinkage=0.03


Tree=225
num_leaves=31
num_cat=3
split_feature=0 0 6 20 13 3 3 6 6 13 3 23 0 6 19 6 21 6 19 14 11 16 21 21 16 21 12 19 21 11
split_gain=77.8682 20.0821 18.0745 12.5378 10.2612 9.4782 7.6573 5.80509 5.67584 5.41505 5.94087 6.87704 5.20006 4.79983 4.3983 7.7707 10.4563 7.3678 9.06531 5.2972 5.81474 6.48344 4.76736 11.54 4.63716 4.55217 4.45729 6.14382 18.3895 5.59405
threshold=0 1 1220.5000000000002 1.0000000180025095e-35 1.0000000180025095e-35 2.5000000000000004 6.5000000000000009 343.50000000000006 415.50000000000006 1.0000000180025095e-35 5.5000000000000009 0.017595459236326112 2 151.50000000000003 0.31250000000000006 1057.5000000000002 1.1451478665934933 859.50000000000011 0.18750000000000003 1.0000000180025095e-35 0.9962888416657264 5.5000000000000009 0.65996349286406564 0.51644153755662614 4.5000000000000009 1.0249325371319602 -0.78324956448884031 2.0625000000000004 2.6753740757250477 -0.99630266176052629
decision_type=1 1 2 2 2 2 2 2 2 2 2 2 1 2 2 2 2 2 2 2 2 2 2 2 2 2 2 2 2 2
left_child=3 9 4 -1 5 -3 -6 -8 -5 10 11 -2 -4 -12 15 16 17 -11 -19 20 21 24 23 -20 -16 -17 -21 28 29 -28
right_child=1 2 12 8 6 -7 7 -9 -10 14 13 -13 -14 -15 19 25 -18 18 22 26 -22 -23 -24 -25 -26 -27 27 -29 -30 -31
leaf_value=-0.010935802865138908 -0.0037929135865146079 -0.0052378703837441783 0.0031454376446283993 0.00056980072124552465 3.89139048865333e-06 -0.0020136036956249089 0.020794389787674731 0.0037539014153631397 -0.0074178013612726645 0.0009116998100106771 0.0028145409788252781 -0.00023767661941913527 -0.00050711398671762287 0.00038655766585778215 7.052873054217241e-05 0.00022304266639838177 0.010706272567367187 -0.00049798970962893591 0.0071665400766757845 -0.0001508014219829817 -0.0039307705021780978 0.0052553017579176613 0.0048883286871380504 0.029184272887459794 -0.0051053694946596954 -0.0075750664093553527 -0.002646279026634701 -0.0012588073556997399 0.0086855174206960321 0.0013006625746936605
leaf_weight=647.92883257754147 503.37427756004035 1131.6345868241042 722.68483906984329 150.86157050356269 221.05204445868731 3032.2996562682092 31.189263932406902 44.51373116672039 166.23771094530821 821.2331991456449 802.34333544224501 17198.380530633032 667.91389487683773 8510.3781461268663 9475.7547584995627 549.16974019259214 152.84016048908234 98.370857395231724 60.588625997304916 2923.7715644240379 331.90488901734352 213.80312824249268 72.228837996721268 33.910018190741539 157.381079018116 75.599264025688171 333.73217070102692 851.78313547372818 300.86466789245605 8733.8414078131318
leaf_count=31676 4445 17807 4879 3293 1430 29704 112 186 4469 2085 1128 36008 4905 11013 5655 1072 79 246 163 1490 173 54 62 56 54 42 172 294 97 4593
internal_value=-4.98443e-05 9.1328e-05 -0.00157343 -0.0084532 -0.00250743 -0.00289235 0.00286502 0.0110323 -0.00360895 0.00027834 -1.6426e-05 -0.000339322 0.00140664 0.000596666 0.000594832 0.00199783 0.00337322 0.00232708 0.00666927 0.000482367 -3.08382e-05 0.000100391 0.0109116 0.0153531 -1.39307e-05 -0.000721565 0.000880228 0.00117575 0.00139786 0.00115446
internal_weight=59017.6 58052.5 5851.29 965.028 4460.69 4163.93 296.755 75.703 317.099 52201.3 27014.5 17701.8 1390.6 9312.72 25186.8 1863.94 1239.17 1086.33 265.098 23322.8 10178.8 9846.94 166.727 94.4986 9633.14 624.769 13144 10220.2 9368.44 9067.57
internal_count=167442 128004 59023 39438 49239 47511 1728 298 7762 68981 52594 40453 9784 12141 16387 3805 2691 2612 527 12582 5936 5763 281 219 5709 1114 6646 5156 4862 4765
cat_boundaries=0 1 2 3
cat_threshold=34368 2475 20496
is_linear=0
shrinkage=0.03


Tree=226
num_leaves=31
num_cat=4
split_feature=22 22 22 6 13 0 3 6 6 0 15 0 17 22 0 21 19 14 6 13 12 12 15 21 21 20 20 14 8 22
split_gain=74.6676 20.8078 11.6048 11.2753 8.17848 6.18125 6.30341 5.56261 9.39653 7.59932 5.06575 4.91264 4.85453 4.8422 5.56997 5.1943 4.77625 4.74624 5.09206 4.56629 4.75362 8.92305 7.43857 7.44149 8.18967 6.89134 10.6391 8.04194 6.44491 9.1355
threshold=0.01679278019124919 0.060743049864530378 0.005264631772324546 1180.5000000000002 1.0000000180025095e-35 0 5.5000000000000009 1195.5000000000002 1015.5000000000001 1 10.500000000000002 2 1.5000000000000002 0.90180379829830981 3 0.40129659983478666 0.31250000000000006 1.0000000180025095e-35 535.50000000000011 3.5000000000000004 -0.78324956448884031 -0.61236746317008228 5.5000000000000009 2.2716490544407919 1.8876736180578704 1.330357142857143 1.1517857142857146 1.0000000180025095e-35 -0.35355339059327379 0.96594784195729233
decision_type=2 2 2 2 2 1 2 2 2 1 2 1 2 2 1 2 2 2 2 2 2 2 2 2 2 2 2 2 2 2
left_child=2 3 -1 5 7 -2 -7 8 9 -3 16 -10 -13 14 15 -9 -6 -8 -19 20 -18 25 23 24 -23 26 27 -22 -29 -30
right_child=1 4 -4 -5 10 6 17 13 11 -11 -12 12 -14 -15 -16 -17 19 18 -20 -21 21 22 -24 -25 -26 -27 -28 28 29 -31
leaf_value=-0.011860038693709092 -0.0087703698851916631 -0.0022573379508686363 -0.0053636635503100001 0.00040730841810024599 0.0020627647445413001 -0.0038309789388013449 -0.0010915566358573265 0.0037975130065704527 -0.00015452066704110191 0.00015892492229546031 0.0067907122034122054 -0.0020304145511735481 -0.0066805155305898999 0.0020236346277199037 -0.0013044654272262892 0.00035036098101185235 -0.00046722326524045949 0.022401687509839917 0.00027363910612176865 0.0017308336439097263 0.00034099489233492157 0.00030715868793743377 0.0048490940808669676 -0.0028030196076835635 0.005091653259157617 0.0062906882999140649 -0.003586867919487609 0.010789027086529708 -0.00044973352974628472 0.0081792013890322098
leaf_weight=410.81530347466469 158.71454849466681 1241.3414695709944 643.11210892349482 1169.7972961440682 2010.6890363991261 1581.3223852664232 769.74428790062666 492.11912398785353 1292.6575354337692 18127.223544031382 121.13502359390259 2129.3015206344426 224.25103517621756 1894.7821800708771 1436.0490393936634 1972.9674253985286 4553.3567542359233 15.324661131948231 23.31565085798502 2561.4182797670364 552.78597865253687 12674.598460271955 326.088214635849 672.93202555179596 329.62321084737778 367.54853665828705 276.6928026676178 148.84075897932053 237.1602368503809 203.4870018362999
leaf_count=22980 2157 9202 17991 8743 4521 24175 7788 2186 1532 38101 25 6097 191 1021 3823 3646 2600 88 129 930 372 7590 77 268 148 126 117 91 162 92
internal_value=-1.14174e-06 0.000143696 -0.00791045 -0.00202634 0.000293686 -0.00314552 -0.00271787 -5.0778e-05 -0.000260168 2.5637e-06 0.000690305 -0.00165706 -0.0024682 0.000779547 0.000173393 0.00103802 0.000660133 -0.000564574 0.00954467 0.000536655 0.000385923 0.000632342 0.00037702 0.000269612 0.000429277 0.00262895 0.00167247 0.00295372 0.00538888 0.00353094
internal_weight=58619.2 57565.3 1053.93 3718.22 53847 2548.42 2389.71 28810.7 23014.8 19368.6 25036.4 3646.21 2353.55 5795.92 3901.14 2465.09 24915.2 808.385 38.6403 22904.5 20343.1 15789.8 14003.2 13677.2 13004.2 1786.52 1418.97 1142.27 589.488 440.647
internal_count=166969 125998 40971 43080 82918 34337 32180 65799 55123 47303 17119 7820 6288 10676 9655 5832 17094 8005 217 12573 11643 9043 8083 8006 7738 960 834 717 345 254
cat_boundaries=0 1 2 3 4
cat_threshold=4 4112 2050 2224
is_linear=0
shrinkage=0.03


Tree=227
num_leaves=31
num_cat=4
split_feature=0 23 20 21 0 16 6 6 3 3 0 11 21 6 6 22 6 21 22 22 6 21 22 12 12 0 6 5 20 12
split_gain=75.2035 18.4776 10.8351 6.40755 5.49933 11.1343 5.15967 6.6455 6.94274 5.07421 7.29557 6.20139 5.02193 4.90332 5.40569 4.83932 5.06063 4.70207 6.914 4.67492 4.66283 8.20339 4.98378 4.59464 4.54779 4.47807 4.45542 4.44747 4.31722 4.16398
threshold=0 0.034118625277161869 1.0000000180025095e-35 0.51091339743496189 1 1.5000000000000002 1210.5000000000002 307.50000000000006 2.5000000000000004 4.5000000000000009 2 -0.82415615971448097 0.45708535991119154 481.50000000000006 583.50000000000011 0.063958934817495636 445.50000000000006 0.67395903378527333 0.053249200119890101 0.025557181266289954 1085.5000000000002 0.24353894017376096 0.029471593976725035 -0.10837475778693638 -0.67801649466304881 3 415.50000000000006 1.0000000180025095e-35 0.044642857142857144 0.88117331841669433
decision_type=1 2 2 2 1 2 2 2 2 2 1 2 2 2 2 2 2 2 2 2 2 2 2 2 2 1 2 2 2 2
left_child=2 3 19 9 5 6 7 8 -3 15 -11 -12 25 27 -15 16 -2 18 -5 -1 28 22 -22 -18 -7 -8 -4 -13 -16 -6
right_child=1 4 26 17 29 24 12 -9 -10 10 11 13 -14 14 20 -17 23 -19 -20 -21 21 -23 -24 -25 -26 -27 -28 -29 -30 -31
leaf_value=-0.011116195702950518 -0.0074857000121239872 -0.0044543024058256459 -0.00016449447197610208 0.01925018611808655 0.00039990239368672379 0.020072758221853868 -0.0027586427031824922 -0.00212759458842266 0.0017157815709741998 -0.0029414517298100066 -0.0073523773752117464 -0.0012410230526419639 -0.0036687696669080892 0.022166633695444339 -0.0065012582242679195 -0.0013185664849822622 -0.0014678818090785566 -0.0019698869580043782 0.0026347006309207928 0.0058767278365061794 0.039803874246747764 0.0015634813790645959 0.0076689144630599131 -0.0053399768618531112 0.0044831301786313433 0.0026185239075195597 -0.0073129530873076286 0.0092077122112508344 0.014716462409673961 -0.0004004657965196763
leaf_weight=623.35097880661488 337.76757893525064 199.21508765220642 153.13612946681678 28.252226091921329 42840.022844983265 28.422025218605995 158.69168279320002 2979.5014308132231 904.23019197955728 449.84172621741891 45.506177559494972 143.31899489089847 182.53693183511496 22.712847776710987 33.645918671041727 784.83867296949029 601.46403273195028 112.00546130537987 105.59764269739389 13.869225557893513 10.679722450673582 28.700282722711563 8.7001226022839528 519.09989766031504 44.349138118326664 816.68922331184149 163.92584498412907 47.906214110553265 10.443820990622042 6767.3152303099632
leaf_count=31395 6706 1549 3321 161 47867 83 1088 20197 4136 5132 516 1236 684 194 497 7458 8353 210 441 296 120 169 70 8272 157 3958 4457 424 83 8381
internal_value=-7.63785e-05 6.12377e-05 -0.00838146 -0.00212188 0.000192192 -0.000723843 -0.000889014 -0.0013908 0.000593383 -0.00249916 -0.000440816 0.00274619 0.000874825 0.00437546 0.00925529 -0.00323138 -0.00425509 0.00251708 0.00630304 -0.0107283 0.00580546 0.0121785 0.0267562 -0.00327014 0.0108428 0.00173416 -0.00389059 0.00137969 -0.0011273 0.000290533
internal_weight=59165.7 58211.5 954.282 3290.48 54921 5313.64 5240.86 4082.95 1103.45 3044.63 801.456 351.614 1157.92 306.108 114.883 2243.17 1458.33 245.855 133.85 637.22 92.1699 48.0801 19.3798 1120.56 72.7712 975.381 317.062 191.225 44.0897 49607.3
internal_count=167611 128142 39469 40042 88100 31852 31612 25882 5685 39230 8441 3309 5730 2793 1133 30789 23331 812 602 31691 939 359 190 16625 240 5046 7778 1660 580 56248
cat_boundaries=0 1 2 3 4
cat_threshold=34368 12316 83969 4
is_linear=0
shrinkage=0.03


Tree=228
num_leaves=31
num_cat=4
split_feature=0 22 20 13 6 0 9 6 9 22 7 0 6 23 3 2 6 6 14 3 0 19 6 20 16 11 6 20 11 11
split_gain=73.3025 20.2626 10.9464 8.89491 8.89522 8.03196 5.69474 6.16081 4.18793 4.09111 4.06107 4.94472 4.29911 4.01432 8.48358 6.08704 4.24838 3.97463 3.96718 9.55794 6.92382 6.5046 6.4738 6.5513 7.00856 5.8944 5.44148 7.64281 5.94888 5.75782
threshold=0 0.065041333606613391 1.0000000180025095e-35 1.0000000180025095e-35 1160.5000000000002 1 1.0000000180025095e-35 415.50000000000006 0.6078576107927941 0.0078229775924323116 1.0000000180025095e-35 2 1435.5000000000002 0.0063492703378214962 5.5000000000000009 4.5000000000000009 997.50000000000011 535.50000000000011 1.0000000180025095e-35 2.5000000000000004 3 2.9375000000000004 1445.5000000000002 1.7232142857142858 6.5000000000000009 -0.05695216311707673 169.50000000000003 1.455357142857143 -0.35041564478062465 -0.37447345805034543
decision_type=1 2 2 2 2 1 2 2 2 2 2 1 2 2 2 2 2 2 2 2 1 2 2 2 2 2 2 2 2 2
left_child=2 3 9 4 5 13 -4 -8 -7 -1 11 12 -6 14 -2 -15 -17 -11 19 20 -3 22 23 24 26 -24 27 -21 29 -28
right_child=1 18 6 -5 10 8 7 -9 -10 17 -12 -13 -14 15 -16 16 -18 -19 -20 21 -22 -23 25 -25 -26 -27 28 -29 -30 -31
leaf_value=-0.012169710316458457 -0.0067188401268154134 -0.00014453747441422937 -0.0075244817062020989 0.0030592751738671396 0.0033551587806653219 -0.0036202304534017466 0.0064387578893295933 -0.0056599186453786688 -0.007273783172018683 0.00090316042678107019 -0.0019812766058945994 -0.00065946570888244702 0.016693705830656515 0.00044605196111261337 0.0082147852881042406 -0.0025030295550341479 -0.010709696449267184 -0.0091957724835848558 0.00062149501320703888 0.0017897597287695067 -0.0021904427811364892 0.0085294794474349966 0.0071619083263107976 -0.0041810349748083514 0.0065045340935716046 -0.0021217537420234623 0.00056766782398630562 -0.0092840749711174623 -0.00033129562713027008 0.0057178142602661783
leaf_weight=446.56793836131692 254.65098382718861 3797.02485755831 164.58859867416322 320.26473209634423 283.82868064194918 1003.7501400113106 76.749948976561427 72.709034917876124 403.11701392196119 45.130656177178025 527.85941140726209 420.22860468178988 23.02238592505455 963.49900054559112 38.325199734419584 339.54519994556904 68.462058987468481 139.46431588567793 22162.650884024799 2651.2473730668426 2452.9636856392026 86.45866596698761 225.15675516426563 292.08920741081238 163.41838240623474 82.822314068675041 9526.1086653470993 56.165488481521606 11620.435904979706 198.7973787933588
leaf_count=26158 4002 7598 4387 1856 2032 16610 1473 1897 6718 1245 5144 2809 155 7816 418 2910 643 4348 16849 4467 13245 28 295 92 49 110 14820 21 18777 341
internal_value=1.29345e-05 0.000148919 -0.00822552 -0.00175066 -0.00210874 -0.00297805 -0.00369005 0.000514598 -0.00464281 -0.0105935 1.47068e-05 0.00147276 0.00428713 -0.00152835 -0.00472361 -0.00084961 -0.00391756 -0.00670285 0.000314642 9.61356e-05 -0.000952421 0.000359567 0.000330519 0.000275843 0.000330019 0.00464712 0.00028755 0.00155447 0.000126509 0.000674142
internal_weight=58907.1 57961.9 945.21 4646.55 4326.29 3071.35 314.048 149.459 1406.87 631.163 1254.94 727.08 306.851 1664.48 292.976 1371.51 408.007 184.595 53315.3 31152.7 6249.99 24902.7 24816.2 24508.3 24216.2 307.979 24052.8 2707.41 21345.3 9724.91
internal_count=167313 127805 39508 51113 49257 39117 7757 3370 23328 31751 10140 4996 2187 15789 4420 11369 3553 5593 76692 59843 20843 39000 38972 38567 38475 405 38426 4488 33938 15161
cat_boundaries=0 1 2 3 4
cat_threshold=34368 67633 20496 298
is_linear=0
shrinkage=0.03


Tree=229
num_leaves=31
num_cat=4
split_feature=22 0 22 3 6 6 3 3 21 0 23 0 13 0 6 20 23 21 19 23 6 16 21 6 6 6 21 13 23 1
split_gain=69.3595 18.4279 11.6488 8.78942 8.66034 11.0485 6.00119 9.501 7.35509 7.25983 5.94188 5.83224 5.22365 5.69704 5.11749 6.48726 4.71591 4.71423 7.89418 4.52225 7.90061 6.47272 5.75398 4.88126 10.4117 11.8755 5.97597 6.47473 4.43282 4.9496
threshold=0.01679278019124919 0 0.005264631772324546 1.5000000000000002 373.50000000000006 1130.5000000000002 1.5000000000000002 1.0000000180025095e-35 2.8389108382124317 1 0.40389352027283071 2 1.0000000180025095e-35 3 1210.5000000000002 0.026785714285714288 0.38950428396572834 0.43393862621915896 0.31250000000000006 0.66747967479674808 961.50000000000011 3.5000000000000004 0.99983764915875917 1003.5000000000001 601.50000000000011 625.50000000000011 0.30435997051820268 2.5000000000000004 0.65230646871686127 9.5000000000000018
decision_type=2 1 2 2 2 2 2 2 2 1 2 1 2 1 2 2 2 2 2 2 2 2 2 2 2 2 2 2 2 2
left_child=2 3 -1 14 12 11 7 8 19 10 16 -6 13 17 -2 -16 -9 18 -5 21 -21 23 -22 24 -3 -26 -27 28 29 -28
right_child=1 6 -4 4 5 -7 -8 9 -10 -11 -12 -13 -14 -15 15 -17 -18 -19 -20 20 22 -23 -24 -25 25 26 27 -29 -30 -31
leaf_value=-0.011691671420739565 -0.0061858203862024006 -0.00029821740092585586 -0.0051098094926148507 0.0023061029453354432 -0.0013177137626337737 0.00039837371557368385 0.00045934362959385456 -0.00063389336500136709 0.0069026683431026633 -0.0045945784892949841 -0.0045396550759492886 -0.0052069664412967972 0.008554038443432983 -0.0032289589234651937 0.018340691792097363 -0.0020364204047823241 0.0069172824971907619 -0.007128686767310894 0.023962185838316101 -0.0024246382431685649 0.0057845256363252152 0.01430082494793712 6.3031104205490687e-06 -0.0009354188984034129 0.017482183875859529 -0.0047015569409298175 0.0058164551994490752 -0.0034862035284132032 0.013274864993545129 -0.00046639731713107809
leaf_weight=398.54523550905287 545.49223474413157 1114.1802491061389 635.60164474695921 557.53791601583362 611.23633177578449 992.00237049907446 45270.426745098084 1884.9736380018294 148.03044414520264 637.34375500679016 357.26722831279039 891.92445945926011 81.250156294554472 237.51936748623848 14.611458048224447 140.58136353641748 76.419656753540039 44.167115993797779 14.669108394533394 1280.2474110424519 192.35079604387283 31.155805438756943 794.69291239976883 1012.5192279517651 54.865099087357521 77.550155617296696 449.84923639148474 90.215942025184631 53.624250411987305 148.04535020142794
leaf_count=23056 9875 3437 18129 4500 7788 6728 59914 4524 56 4971 434 11557 369 3504 180 1503 102 220 86 864 151 25 465 2722 138 679 1065 72 39 324
internal_value=3.5827e-05 0.00017376 -0.007661 -0.00175415 -0.00112995 -0.00205349 0.00032255 -0.000413254 0.000328931 -0.00178263 -0.000981423 -0.00367476 0.00132741 0.000623552 -0.00482053 0 -0.000333253 0.00213832 0.00291258 0.000142901 -0.000868982 0.000901588 0.00114313 0.000755756 0.00162001 0.00406936 0.00314361 0.00397714 0.00502355 0.00425255
internal_weight=58838.9 57804.7 1034.15 4130.99 3430.31 2495.16 53673.8 8403.33 5447.33 2956 2318.66 1503.16 935.144 853.894 700.685 155.193 1961.39 616.374 572.207 5299.3 2267.29 3032.01 987.044 3000.85 1988.33 874.15 819.285 741.735 651.519 597.895
internal_count=167477 126292 41185 46310 34752 26073 79982 20068 10037 10031 5060 19345 8679 8310 11558 1683 4626 4806 4586 9981 1480 8501 616 8476 5754 2317 2179 1500 1428 1389
cat_boundaries=0 1 2 3 4
cat_threshold=78852 16786 73728 5124
is_linear=0
shrinkage=0.03


Tree=230
num_leaves=31
num_cat=3
split_feature=0 22 20 23 13 22 3 19 21 21 6 0 22 6 23 3 22 12 2 12 6 6 14 12 23 0 6 20 14 6
split_gain=68.1056 18.1775 10.8553 8.926 7.90164 6.99868 6.69433 13.3693 6.72459 6.90083 6.45029 6.23263 9.86099 5.9527 5.59404 5.22085 6.02199 7.33237 4.96299 4.85667 9.10294 6.84576 5.911 5.34611 5.30987 7.60992 7.445 7.2133 6.84538 4.73636
threshold=0 0.060743049864530378 1.0000000180025095e-35 0.0050890914741531139 1.5000000000000002 0.025557181266289954 2.5000000000000004 1.0000000180025095e-35 1.8876736180578704 2.0765776293919509 859.50000000000011 1 0.048276231184343606 1260.5000000000002 0.054305695989214704 6.5000000000000009 0.015756368460855642 0.57605713708605399 1.0000000180025095e-35 0.11478523713130606 601.50000000000011 613.50000000000011 4.5000000000000009 -0.95242240592625282 0.82369652406417126 2 1051.5000000000002 0.61607142857142871 1.5000000000000002 415.50000000000006
decision_type=1 2 2 2 2 2 2 2 2 2 2 1 2 2 2 2 2 2 2 2 2 2 2 2 2 1 2 2 2 2
left_child=2 3 5 15 11 -1 7 -3 18 -10 -11 12 14 -14 -5 -2 -17 -18 -9 20 23 -22 24 -20 25 26 -21 28 -28 -4
right_child=1 6 29 4 -6 -7 -8 8 9 10 -12 -13 13 -15 -16 16 17 -19 19 22 21 -23 -24 -25 -26 -27 27 -29 -30 -31
leaf_value=-0.010925379564671709 -0.0059246720923136331 -0.0031312405125727906 0.00031362794705107658 0.02765992036212735 0.017145312027954038 0.0098613227082023618 0.00045712129364834311 -0.0018407586608233596 0.0082772367279988403 -0.00083310839832740214 0.0051230559775862867 -0.00083136555649542215 -0.0097121975823466974 -0.0020581078859462716 0 -0.0059380189967804574 0.0010672757450928263 0.037306857377110828 0.0021082940698756688 0.0031863421877860688 0.011943120793067268 0.0014641155724735852 0.0062160913437206483 -0.0016363897820683699 -0.0045832746873817123 -0.0015209224842134533 -0.0004413240323759635 -0.0064767920366855507 0.014974599229171945 -0.007075594662305818
leaf_weight=600.91069124266505 576.39471638202667 1364.8390608802438 149.47461794689298 11.192864052951338 19.875082045793533 13.899604987353085 41168.134146753699 1434.3361398987472 154.72510701417923 456.95585530996323 252.68339312076569 2758.7523838896304 199.73770259320736 173.53219109773636 14.156318962574003 21.422753592953086 12.711232185363771 7.7903972789645186 428.1991404145956 749.33021377399564 56.334521360695362 3160.589417822659 105.98754221200943 1692.7343181893229 326.7878942489624 2459.7162288837135 170.61436211317778 172.48746591806412 29.426244020462036 158.92115021310747
leaf_count=31238 10536 10713 3285 129 91 297 51903 2797 105 288 166 29592 2519 1339 105 449 138 76 748 1598 141 5227 93 3245 234 5035 561 182 44 4402
internal_value=-5.0509e-07 0.000128845 -0.00803625 -0.00187766 -0.00123251 -0.0104304 0.000269567 -0.000323188 5.48509e-06 0.00255046 0.0012835 -0.00135549 -0.00481533 -0.00618487 0.0127654 -0.00517576 0.00487902 0.0162116 -0.000198115 5.33441e-05 0.000646759 0.00165314 -0.000734186 -0.000876904 -0.000925742 -0.000589162 0.00144859 -0.00199117 0.00185974 -0.00348532
internal_weight=58902.7 57979.4 923.206 3795.57 3177.25 614.81 54183.9 13015.7 11650.9 864.364 709.639 3157.37 398.619 373.27 25.3492 618.319 41.9244 20.5016 10786.5 9352.21 5337.86 3216.92 4014.35 2120.93 3908.36 3581.57 1121.86 372.528 200.041 308.396
internal_count=167276 128054 39222 44974 33775 31535 83080 31177 20464 559 454 33684 4092 3858 234 11199 663 214 19905 17108 9361 5368 7747 3993 7654 7420 2385 787 605 7687
cat_boundaries=0 1 2 3
cat_threshold=34368 4 308
is_linear=0
shrinkage=0.03


Tree=231
num_leaves=31
num_cat=4
split_feature=0 0 3 14 23 1 8 19 20 12 16 12 19 3 12 20 15 20 12 2 19 12 11 20 20 19 0 0 23 11
split_gain=68.9264 21.9388 8.84004 6.03985 5.47392 6.25772 4.58325 4.49935 4.9232 4.45131 4.60528 4.40953 10.4263 7.10102 5.50041 13.2335 5.05288 4.25669 4.13277 3.6193 4.79465 3.8817 4.32048 4.68682 3.57792 3.76861 3.70861 3.58032 5.67894 3.48654
threshold=0 1 2.5000000000000004 1.0000000180025095e-35 0.022018422753716876 1.5000000000000002 -0.35355339059327379 1.0000000180025095e-35 0.22321428571428573 0.48877522411129354 1.5000000000000002 0.81304046271159414 2.5625000000000004 2.5000000000000004 0.80290535434334509 0.68750000000000011 7.5000000000000009 1.0000000180025095e-35 0.16587474750015932 1.0000000180025095e-35 0.31250000000000006 0.90803977035715633 -0.14250824554987665 1.0267857142857146 1.0000000180025095e-35 0.18750000000000003 2 3 0.09886915410171225 0.30983042691905771
decision_type=1 1 2 2 2 2 2 2 2 2 2 2 2 2 2 2 2 2 2 2 2 2 2 2 2 2 1 1 2 2
left_child=17 3 7 4 5 6 -2 8 -3 10 24 12 14 -13 16 -16 -6 -1 -9 -15 -21 -22 -23 -24 27 -26 -27 28 -4 -8
right_child=1 2 9 -5 11 -7 29 18 -10 -11 -12 13 -14 19 15 -17 -18 -19 -20 20 21 22 23 -25 25 26 -28 -29 -30 -31
leaf_value=-0.012117177773220378 -0.0048594477717060786 -0.0037386411935236988 0 0.00079145547503318709 0.00029656948097228907 -0.0047826815619549439 4.8054595987835497e-06 0.00030294654883710349 0.021782460952709672 -0.0016647127776006024 0.0069811152599830962 -0.0030814386061301649 0.0091190400849784029 -0.0023796684656845046 0.016048440827350952 -0.0027929495181940617 -0.0068784368822758114 -0.004276285042176118 -0.0034532056518631906 0.0020570646643918249 -0.0021839722345570428 0.0024716522910795038 -0.0019632284919877774 0.0031671906364137683 0.00040249612472185504 0.0025638805890594776 -0.0025819301531576767 -0.004751967040135318 0.029349969928746375 0.01656893121464505
leaf_weight=438.11154315434396 27.979311984032393 1557.4752641320229 104.51994911767542 21629.988711163402 20863.565925393254 371.80704014375806 19.728090273216367 690.3518387991935 5.7856440097093573 2374.2182079795748 80.307373993098736 884.30727969482541 120.53667366504669 535.10450626909733 64.23937114328146 67.643069505691528 87.650295853614807 77.229556415230036 422.86820462904871 962.09406341612339 779.33820277452469 572.94071027636528 728.91002304852009 203.75775110721588 3976.0377714764327 142.35924158617854 750.6235585026443 271.86896797083318 5.3031216710805884 28.838013306260109
leaf_count=26351 185 23107 1927 14479 24824 3310 126 5948 26 18294 253 1874 45 589 134 38 25 3151 4087 1979 472 356 546 91 26336 798 2889 4902 45 163
internal_value=5.14873e-05 0.000149074 -0.00110041 0.000419927 0.000114496 -0.00316757 0.00456068 -0.00258715 -0.00362649 -0.000584363 -0.000101872 0.00017173 0.000355658 -0.000662621 0.000304841 0.00639116 0.000265939 -0.010756 -0.0011203 -9.48239e-05 0.000280482 -0.000465509 0.000420885 -0.00083378 -0.000212655 5.64233e-06 -0.00175313 -0.00300576 0.0015552 0.0100973
internal_weight=58845.5 58330.1 10381.7 47948.4 26318.4 448.352 76.5454 2676.48 1563.26 7705.24 5331.02 25870.1 21203.6 4666.45 21083.1 131.882 20951.2 515.341 1113.22 3782.15 3247.04 2284.95 1505.61 932.668 5250.71 4869.02 892.983 381.692 109.823 48.5661
internal_count=167350 137848 88612 49236 34757 3784 474 33168 23133 55444 37150 30973 25066 5907 25021 172 24849 29502 10035 4033 3444 1465 993 637 36897 30023 3687 6874 1972 289
cat_boundaries=0 1 2 3 4
cat_threshold=33344 2466 77824 81921
is_linear=0
shrinkage=0.03


Tree=232
num_leaves=31
num_cat=1
split_feature=20 0 22 14 13 6 6 7 7 7 15 20 21 22 22 12 6 6 6 11 9 11 21 6 15 22 22 22 21 23
split_gain=65.9241 17.3849 10.6687 6.61233 7.85277 7.90103 6.16726 5.82929 7.2453 5.47686 10.1987 8.63437 5.67152 5.25578 5.18435 6.77711 5.12724 5.02112 6.4947 5.95545 4.65862 5.21092 4.35199 4.65853 4.06446 4.0268 4.05204 5.5399 4.02009 5.62326
threshold=1.0000000180025095e-35 0 0.05876351692740469 1.0000000180025095e-35 1.0000000180025095e-35 1185.5000000000002 1315.5000000000002 -0.85355339059327373 0.3535533905932739 0.3535533905932739 4.5000000000000009 1.8125000000000002 0.79752050822467102 0.01679278019124919 0.043286566895132515 0.65720762023595369 1185.5000000000002 1205.5000000000002 1009.5000000000001 0.99053107487289871 0.6078576107927941 -0.54939360607974019 0.84668950441298585 169.50000000000003 12.500000000000002 0.049964047204392299 0.01679278019124919 0.029804924006643262 0.20723205905420547 0.025062814070351765
decision_type=2 1 2 2 2 2 2 2 2 2 2 2 2 2 2 2 2 2 2 2 2 2 2 2 2 2 2 2 2 2
left_child=1 13 3 4 5 -2 7 -6 14 11 12 24 -11 -1 15 -9 -3 18 22 -20 21 -5 -14 -24 -4 26 -7 -28 29 -22
right_child=2 16 9 20 6 25 -8 8 -10 10 -12 -13 17 -15 -16 -17 -18 -19 19 -21 28 -23 23 -25 -26 -27 27 -29 -30 -31
leaf_value=-0.011698897720145263 -0.0034057206399819287 -0.003631576455997943 0.00033931953839595324 -0.007722327110267207 -0.0057038528774529876 -0.006853511090452024 -0.0057500806101377392 0.0039610649540997613 -0.0030864964041925256 -0.0013445818319861311 0.010461590886865818 -0.0036425102992284557 0.0047591335525923413 -0.0060889864461280505 0.023148617085409957 0.025533074592976719 0.0069005479683519897 0.0013640352503181056 -0.0033923055345871783 0.0053385767905155933 0.0048341827319197204 0.0048704164319743042 0.0016338418952196517 -0.00059064009720099836 0.0067587093868136851 -0.0078232659922136908 0.0057366363200443572 -0.00028854714195099387 0.0062098820566284779 0.045214935773388726
leaf_weight=493.23716013878584 2005.7196043245494 594.67796001210809 40685.08219640702 43.722952293232083 30.640945563092828 64.998805606737733 50.478400528430939 71.057089382782578 36.329203270375729 4378.9156706407666 76.24618399143219 491.30329072475433 165.80820125341415 229.55921073257923 28.40893566608429 15.544325346127151 43.448701675981283 1855.4537294507027 876.93784782290459 75.047006487846375 7.0528905633836967 85.953646896407008 1048.4511350095272 4387.1493569016457 88.068784713745117 57.083197437226772 168.08328578993678 723.27194924652576 47.745726574212313 5.6358510442078114
leaf_count=28504 29278 10140 50969 394 184 1630 283 512 332 22700 35 147 234 4957 128 131 490 1581 938 82 131 775 844 4075 19 431 1607 5236 327 52
internal_value=-0.000120202 -0.00664386 3.4022e-05 -0.00158518 -0.00190466 -0.00231513 0.00338788 0.00597296 0.00839841 0.000137116 -0.000403135 0.000305688 -0.000469197 -0.00980095 0.0120733 0.00814884 -0.0028508 -1.2521e-05 -0.000403328 -0.00269286 0.00382923 0.000552013 -1.27297e-05 -0.000160243 0.000353498 -0.000149582 0.000309874 0.000846056 0.0106402 0.0252009
internal_weight=58931.1 1360.92 57570.2 3441.73 3251.62 3019.16 232.459 181.98 151.34 54128.5 12864 41264.5 12787.8 722.796 115.01 86.6014 638.127 8408.85 6553.39 951.985 190.111 129.677 5601.41 5435.6 40773.2 1013.44 956.354 891.355 60.4345 12.6887
internal_count=167146 44091 123055 41431 39752 38182 1570 1287 1103 81624 30489 51135 30454 33461 771 643 10630 7754 6173 1020 1679 1169 5153 4919 50988 8904 8473 6843 510 183
cat_boundaries=0 1
cat_threshold=38464
is_linear=0
shrinkage=0.03


Tree=233
num_leaves=31
num_cat=3
split_feature=22 0 6 6 0 0 22 22 13 23 13 16 21 20 21 18 22 20 1 21 8 12 19 21 22 23 21 23 22 22
split_gain=70.3645 24.0244 9.88271 12.0416 8.75677 7.30684 7.29944 6.99941 5.04487 4.91491 4.46519 7.01271 5.40455 5.13537 5.1316 4.35458 4.33176 6.13979 6.10146 9.31444 4.32642 4.196 5.56937 4.10283 5.01662 4.18327 4.04204 3.94092 3.90406 3.34992
threshold=0.0078229775924323116 0 1150.5000000000002 355.50000000000006 1 2 0.032477342204167071 0.048276231184343606 1.0000000180025095e-35 0.1108440170940171 1.0000000180025095e-35 6.5000000000000009 2.1731461800422895 0.79464285714285732 1.4278082376973253 1.0000000180025095e-35 0.14769057323736021 0.27678571428571436 7.5000000000000009 0.9803259463254832 -0.35355339059327379 0.96849880583763492 0.81250000000000011 0.13363062095621228 0.040775691976560342 0.033012442103351199 0.20723205905420547 0.045569912321181363 0.098295021960509488 0.062891640506008026
decision_type=2 1 2 2 1 1 2 2 2 2 2 2 2 2 2 2 2 2 2 2 2 2 2 2 2 2 2 2 2 2
left_child=-1 2 3 4 26 -4 8 23 -3 -6 12 16 13 14 21 -14 17 -12 28 -20 -10 29 -23 24 25 -7 -2 -27 -19 -8
right_child=1 6 5 -5 9 7 10 -9 20 -11 11 -13 15 -15 -16 -17 -18 18 19 -21 -22 22 -24 -25 -26 27 -28 -29 -30 -31
leaf_value=-0.010785441159396765 0.004450597892749885 -0.0032324311796980499 -0.0089173037648310263 -0.0046817458785785955 -0.007727894379405186 0.00074655908117066908 0.0021553877486505386 -0.003245265659737357 -0.0055281582526790487 0.0093086335787524559 0.0011389491810779391 0.0048923213091783052 -0.0040291314367572884 0.00073376201714174462 -0.0039017213159106704 -0.00014028208087440321 0.00045550233765128111 0.0061512148563019923 0.015443991897839012 0.0015579469113889421 0.014332301311185815 -0.0021318477479415014 0.0053648699317189706 0.0015555760773845494 0.030194575085356938 0.026659967779397664 -0.00037352589239208589 0.0028625736506448993 -0.0048382773602215915 -2.7535322682678663e-05
leaf_weight=536.65422494895756 210.33266386948526 718.31466161832213 62.55424184538424 1716.0338936392218 181.83945051208138 51.34539595246315 657.47256007418036 271.12647636979818 14.038054168224333 15.479153186082838 1093.9327155277133 339.01708698272705 511.57621681690216 8935.4741676449776 320.11218950152397 531.00177580118179 23514.107953488827 56.433158054947853 101.13378846645355 77.933917284011841 27.015787377953529 1340.162828091532 94.195771753787994 672.3608785122633 7.8462780788540831 12.930029083043339 593.24936738237739 13.014397259801624 57.741525769233704 16071.664103802294
leaf_count=30575 2894 9205 2110 27081 3549 738 4520 2092 107 166 3850 77 323 5368 231 263 12682 92 128 67 181 4215 75 5275 83 127 4153 128 83 46797
internal_value=1.76293e-05 0.000117411 -0.0021826 -0.0031567 -0.000533962 0.000218019 0.000278731 0.000865719 -0.00263916 -0.00601754 0.000320204 0.000610711 6.23534e-05 0.000143202 -0.00014199 -0.00205626 0.000551984 0.00218162 0.00603382 0.00947604 0.00742852 -7.51876e-05 -0.00163196 0.0023588 0.0085409 0.00590843 0.000874791 0.0154945 0.000547654 5.80209e-05
internal_weight=58806.1 58269.4 3808.11 2716.93 1000.9 1091.18 54461.3 1028.62 759.369 197.319 53702 25240.3 28461.7 27419.1 18483.6 1042.58 24901.3 1387.18 293.242 179.068 41.0538 18163.5 1434.36 757.497 85.1361 77.2898 803.582 25.9444 114.175 16729.1
internal_count=167235 136660 48396 37843 10762 10553 88264 8443 9493 3715 78771 16979 61792 61206 55838 586 16902 4220 370 195 288 55607 4290 6351 1076 993 7047 255 175 51317
cat_boundaries=0 1 2 3
cat_threshold=62468 5124 1024
is_linear=0
shrinkage=0.03


Tree=234
num_leaves=31
num_cat=5
split_feature=0 20 6 20 0 3 12 0 0 16 12 6 6 21 19 6 7 12 6 6 6 9 11 12 12 0 17 12 21 15
split_gain=68.0951 17.9413 13.2526 11.2501 10.107 6.07836 6.47211 5.96507 5.66658 6.03662 6.74782 4.47267 4.37795 4.31451 6.8724 4.2123 4.12598 5.423 4.1136 4.66265 4.09978 4.56692 4.03863 3.86655 4.56544 6.41155 4.92377 4.03201 9.16007 7.31577
threshold=0 0.098214285714285726 1150.5000000000002 1.0000000180025095e-35 1 5.5000000000000009 -0.99628250747696534 2 3 1.0000000180025095e-35 -0.43733099657705293 1425.5000000000002 1125.5000000000002 3.633515372553564 3.8125000000000004 373.50000000000006 0.3535533905932739 0.98174098242282837 925.50000000000011 1250.5000000000002 415.50000000000006 1.0000000180025095e-35 -0.9905448150984083 -0.93543596745397617 -0.99983123799342477 4 2.5000000000000004 -0.61236746317008228 2.8389108382124317 5.5000000000000009
decision_type=1 2 2 2 1 2 2 1 1 2 2 2 2 2 2 2 2 2 2 2 2 2 2 2 2 1 2 2 2 2
left_child=3 2 4 -1 5 -2 -7 11 9 -3 18 -4 -8 14 23 -6 22 -18 -11 -20 21 -5 -9 24 25 -10 -26 28 29 -25
right_child=1 8 7 20 15 6 12 16 13 10 -12 -13 -14 -15 -16 -17 17 -19 19 -21 -22 -23 -24 27 26 -27 -28 -29 -30 -31
leaf_value=-0.010670343903342264 -0.0018158773655533417 -0.0017686721537595077 -1.582480336848151e-05 -0.0051371964368456631 -0.0014617960949717095 0.012305662879508643 0.00052105597651080221 -0.006183497022009086 0.0075027319137529677 0.0030433604214633514 -0.0014643902993796692 -0.0072308118560676588 -0.0090297860895191696 -0.0031188819229754782 0.0087368253302552643 -0.0042443517683726584 -0.0011635036294990696 0.022388288695549707 0.019712275800372391 0.0028589393837107533 -0.0069118091021957914 0.0053122283322073636 0.004464105018104193 0.0010642247206854472 -0.00088532042332418862 -0.0017317256144109001 0.0019655841619335675 0.00034526076511697885 0.0090818878201465968 -0.0057611542787951659
leaf_weight=592.98380535654724 2541.5551708899438 1977.1492245644331 611.22014662995934 74.908814009279013 712.83348753303289 40.131067506968975 1476.3633976951241 32.382543932646513 142.02806240320206 103.16955277323723 181.45118428021669 87.811791390180588 43.462789200246334 311.50517398118973 88.230060815811157 1628.6404456160963 267.01242834702134 8.0891740396618825 36.529724314808846 26.533443734049797 155.64121161960065 73.661723168566823 661.0762278996408 8536.197281382978 4582.2003727853298 118.1124600097537 616.85026450455189 32906.880653060973 125.72925961017609 142.48067808151245
leaf_count=31636 22457 8755 4322 1866 8451 197 7045 197 96 351 700 654 196 136 20 21896 2643 82 109 87 4395 1424 4285 8457 4925 132 249 31427 45 42
internal_value=-1.88828e-05 0.00010862 -0.00119974 -0.00817007 -0.00181701 -0.000908574 0.000560198 0.0011812 0.00032146 -0.00112094 0.0025076 -0.000926535 0.000238225 0.000392254 0.000415673 -0.00338633 0.00268979 -0.000370669 0.00686192 0.0128703 -0.00352546 4.42355e-06 0.00395006 0.000399797 -0.000350285 0.00351742 -0.000545603 0.000498118 0.00106864 0.000950828
internal_weight=58902.8 58005.6 8110.58 897.196 6442.99 4101.51 1559.96 1667.59 49895 2324.83 347.684 699.032 1519.83 47570.2 47258.7 2341.47 968.56 275.102 166.233 63.0632 304.212 148.571 693.459 47170.5 5459.19 260.141 5199.05 41711.3 8804.41 8678.68
internal_count=167277 127956 72425 39321 60242 29895 7438 12183 55531 10002 1247 4976 7241 45529 45393 30347 7207 2725 547 196 7685 3290 4482 45373 5402 228 5174 39971 8544 8499
cat_boundaries=0 1 2 3 4 5
cat_threshold=34368 67641 67589 65545 130
is_linear=0
shrinkage=0.03


Tree=235
num_leaves=31
num_cat=7
split_feature=22 0 0 3 20 6 6 0 6 0 20 6 0 6 12 23 12 22 11 22 22 6 0 13 19 12 0 12 11 21
split_gain=59.8139 16.8014 9.77308 8.14195 6.21569 5.70952 8.94637 8.12985 5.37012 5.32666 5.51421 7.16989 5.07856 5.10083 4.99499 4.83698 7.35922 4.70102 4.52955 4.26696 4.95951 4.47712 4.13484 5.58608 4.46497 3.90445 5.02219 4.57579 4.02882 4.34086
threshold=0.01679278019124919 0 1 2.5000000000000004 1.0000000180025095e-35 403.50000000000006 1155.5000000000002 2 937.50000000000011 3 0.15178571428571433 193.50000000000003 4 1180.5000000000002 0.96849880583763492 0.0050890914741531139 -0.15101602693478741 0.11105323450843435 0.96904697354198299 0.030190278939582354 0.033495957569683134 937.50000000000011 5 1.5000000000000002 0.18750000000000003 -0.99983123799342477 6 -0.98801846520836312 0.039769539193789977 1.1819805083324764
decision_type=2 1 1 2 2 2 2 1 2 1 2 2 1 2 2 2 2 2 2 2 2 2 1 2 2 2 1 2 2 2
left_child=2 15 -1 12 -4 9 7 8 -7 -5 -11 18 13 -3 -9 16 -2 -15 -12 -14 21 -21 -8 24 -24 26 -17 28 29 -27
right_child=1 3 4 5 -6 6 22 14 -10 10 11 -13 19 17 -16 25 -18 -19 -20 20 -22 -23 23 -25 -26 27 -28 -29 -30 -31
leaf_value=-0.0034868478001762624 -0.0087983118620904976 -0.0021812046668045633 -0.011463944483445763 -0.0022262855856133652 -0.0031155780205058235 -0.0033934555734102621 0.0027996318332403542 -0.0008352414377089159 -0.0095027424885258428 0.0023981641246766461 0.0038532645549157279 -0.0074800996154599378 -0.0077546791669497331 0.0055039719155550101 -0.0059704927768878674 0.007304875108740335 -4.3911463513926223e-05 -0.0024954901023409881 -0.0081584919764004817 -0.0031118978769260745 -0.0033814284066920031 0.022181867786215677 0.00023330120896512263 0.014860404463208819 -0.0044301896519747608 0.001699074737151468 -0.00092029442689018596 0.00038220392826710599 -0.0026210838234314174 -0.0019818485916978145
leaf_weight=411.39900880120695 130.31088558956981 882.97170754149556 476.89218090102077 411.99403847381473 100.07787050679326 574.52485757879913 533.59903732314706 2466.6513742543757 169.70043715834618 1338.573791269213 156.26762810349464 127.19720253348351 211.92497858218849 172.95251129567623 182.81151299551129 150.14778773486614 256.90954922884703 104.69990819692612 33.262540102005005 10.954998191446068 1074.0917879417539 12.185143310576676 1074.2129899188876 20.469801157712936 221.68226649612188 653.88566162437201 114.90969523787498 45459.711389493197 865.77138832211494 513.94631636142731
leaf_count=8849 1277 8944 28498 3349 3793 6826 2594 14751 2637 8574 426 434 4828 1495 1241 110 1832 647 108 184 12216 173 5582 62 885 897 152 44883 904 257
internal_value=-4.22482e-05 8.25725e-05 -0.00735649 -0.00105017 -0.0098635 -0.00054695 -0.00107378 -0.00198889 -0.00474182 0.000786323 0.00154477 -0.00199059 -0.00254078 -0.00105364 -0.00118947 0.000312983 -0.00302055 0.00246779 0.00168195 -0.00381564 -0.00307774 0.0103259 0.000601876 -0.000304834 -0.000562633 0.000340265 0.0039664 0.000319818 -0.00107133 7.37095e-05
internal_weight=58914.7 57926.3 988.369 9780.73 576.97 7310.95 5243.65 3393.69 744.225 2067.3 1655.3 316.727 2469.78 1160.62 2649.46 48145.6 387.22 277.652 189.53 1309.16 1097.23 23.1401 1849.96 1316.37 1295.9 47758.4 265.057 47493.3 2033.6 1167.83
internal_count=167408 126268 41140 75956 32291 47469 34578 25455 9463 12891 9542 968 28487 11086 15992 50312 3109 2142 534 17401 12573 357 9123 6529 6467 47203 262 46941 2058 1154
cat_boundaries=0 1 2 3 4 5 6 7
cat_threshold=18850 81952 5124 40976 8216 4112 130
is_linear=0
shrinkage=0.03


Tree=236
num_leaves=31
num_cat=7
split_feature=0 0 3 6 6 20 0 19 23 0 11 20 13 0 20 3 13 3 11 0 20 23 23 6 0 6 8 23 20 11
split_gain=58.053 24.9626 9.48996 6.24434 8.69054 6.01161 5.56223 5.49446 5.36415 7.38313 6.22857 10.2576 5.07226 4.85219 4.80546 4.9369 5.96211 4.98177 4.37124 4.12758 3.86332 3.85498 5.10865 3.7755 3.7587 5.33302 8.41683 5.56229 5.11231 5.20638
threshold=0 1 1.5000000000000002 373.50000000000006 1120.5000000000002 1.0000000180025095e-35 2 3.9375000000000004 0.1731306403094113 3 0.84313847884979054 0.026785714285714288 1.0000000180025095e-35 4 0.33035714285714296 1.5000000000000002 2.5000000000000004 1.0000000180025095e-35 0.99053107487289871 5 0.31250000000000006 0.034118625277161869 0.036477341849148422 835.50000000000011 6 493.50000000000006 1.0000000180025095e-35 0.12468905472636817 0.026785714285714288 -0.56368474752277564
decision_type=1 1 2 2 2 2 1 2 2 1 2 2 2 1 2 2 2 2 2 1 2 2 2 2 1 2 2 2 2 2
left_child=5 2 -2 8 13 -1 -6 14 9 10 -4 -12 -11 -5 15 17 24 18 -3 -19 -21 -8 -23 -15 25 26 27 -17 -28 -30
right_child=1 7 3 4 6 -7 21 -9 -10 12 11 -13 -14 23 -16 16 -18 19 -20 20 -22 22 -24 -25 -26 -27 28 -29 29 -31
leaf_value=-0.011736205592956744 -0.0048805826815710137 -0.00065369266769480959 0.0019891564264442694 -0.0011973888692459601 0.0017030975981222965 -0.0023557140702487262 -0.006515307951835636 0.0074233181277614246 -0.0058429990614233696 -0.0030805860932645421 0.038882542676930261 0.0068201338938455513 0.017155840703802099 -0.0034537057733800558 0.00049296099191902226 -0.005987869025297801 0.010411779899220465 -0.00030547416916537948 0.0078328474127735883 -0.0051488855608871871 0.010419795263918789 0.015107664298538721 -0.0015668069756325943 -0.0073438897833708805 -0.00037690529410705427 0.0013016455514213896 0.010696777441793062 0.00060480027214630013 0.0088115289880513151 -0.0016777242841139208
leaf_weight=413.66339954175055 818.69819988310337 1215.7270494941622 504.06550756283104 590.44312119856477 668.96545898169279 74.817996190860868 148.2316957693547 97.513044118881226 100.70539040490985 305.41498091630638 9.2063317168503982 91.960958603769541 10.508843425661324 706.0081463586539 40134.673978969455 338.05753496289253 49.135547414422035 311.08372997865081 56.14361322298646 561.21982663311064 13.570936203002928 16.293574277311563 360.63732596486807 339.35082083754241 7060.2981931716204 3296.007395721972 55.610084507614374 171.80579629540443 53.784795917570591 188.93410951644182
leaf_count=26323 14813 6502 4097 7634 5207 3129 2510 30 557 5413 175 704 84 9377 24126 2676 71 2013 296 4727 48 162 2485 5741 26736 9125 456 566 251 931
internal_value=7.10581e-05 0.000158408 -0.00194231 -0.00132016 -0.00204634 -0.0101128 -9.5047e-05 0.000341917 0.000685088 0.00141084 0.00332262 0.0101486 -0.00226503 -0.00346618 0.000328824 -0.000163389 8.90116e-05 -0.00147731 -0.000268502 -0.0032038 -0.00467228 -0.00238294 -0.000792077 -0.00468335 4.21148e-05 0.000763375 -0.00141387 -0.00375779 0.00257117 0.000648619
internal_weight=58762.5 58274.1 4670.49 3851.79 2829.93 488.481 1194.13 53603.6 1021.86 921.157 605.233 101.167 315.924 1635.8 53506.1 13371.4 11213.6 2157.75 1271.87 885.874 574.791 525.163 376.931 1045.36 11164.5 4104.2 808.192 509.863 298.329 242.719
internal_count=166965 137513 58959 44146 33116 29452 10364 78554 11030 10473 4976 879 5497 22752 78524 54398 40812 13586 6798 6788 4775 5157 2647 15118 40741 14005 4880 3242 1638 1182
cat_boundaries=0 1 2 3 4 5 6 7
cat_threshold=33344 95236 28672 5124 73728 400 2336
is_linear=0
shrinkage=0.03


Tree=237
num_leaves=31
num_cat=2
split_feature=22 22 22 13 6 0 6 23 3 2 12 19 0 18 16 3 3 21 22 10 19 22 11 21 22 2 2 21 21 23
split_gain=59.7252 15.2996 11.3526 7.33962 6.46559 8.29924 9.44893 7.55121 6.36392 6.22927 4.86877 7.29099 5.72943 7.74697 8.43169 5.47548 6.6757 10.1008 5.30309 9.18566 5.1011 5.08086 7.45656 23.1259 5.81914 4.84447 5.52541 5.66704 10.6067 4.7269
threshold=0.01679278019124919 0.065041333606613391 0.005264631772324546 1.0000000180025095e-35 1195.5000000000002 0 403.50000000000006 0.0060060601688189897 5.5000000000000009 2.5000000000000004 0.85561368268953431 3.9375000000000004 1 1.5000000000000002 4.5000000000000009 1.5000000000000002 1.0000000180025095e-35 2.6753740757250477 0.96989081838679436 -0.56174490092936669 1.0000000180025095e-35 0.9927430448035357 -0.46801505794253101 1.1749550972354155 0.93524945171900331 5.5000000000000009 1.0000000180025095e-35 2.3334793926020674 1.8876736180578704 0.72010362694300534
decision_type=2 2 2 2 2 1 2 2 2 2 2 2 1 2 2 2 2 2 2 2 2 2 2 2 2 2 2 2 2 2
left_child=2 3 -1 4 5 6 -2 8 -7 -9 11 15 -12 14 21 16 18 20 19 -3 -18 22 23 -14 -24 26 -21 28 -28 -15
right_child=1 10 -4 -5 -6 7 -8 9 -10 -11 12 -13 13 29 -16 -17 17 -19 -20 25 -22 -23 24 -25 -26 -27 27 -29 -30 -31
leaf_value=-0.011406258455786305 0.0019077294147799894 -0.0014651208780018961 -0.0046897881256471883 0.0029456345740103622 0.00021257183913498006 -0.006506519906187125 -0.0062041688330009776 0.0015224273694574135 0.0044363695077163827 -0.0021082674570283115 -0.0026782072891665802 0.0088788727869789138 -0.00037844931323092421 -0.0059000709459062183 0.010947951871574973 0.00064000570949151385 -0.0058113777370571102 0.0086578439062682481 -0.0014039016313018645 -0.00022495769374640808 -0.0013945151332553144 0.0021750780928656201 0.00021377131491665891 0.022080825020270832 -0.0025213924751800398 -0.00074803085268724807 0.0034192072376023862 -0.0046313899283889218 0.016631419084785791 -0.0011851073292764537
leaf_weight=365.88261082582176 153.05255091562867 963.15090931952 612.34620254673064 318.94819299131632 1093.5568639971316 359.01470965147018 781.30671188235283 744.97488741949201 53.768877141177654 985.83319453895092 795.90639562532306 92.743988513946533 159.53997822850943 221.38401507586241 67.828105270862579 38277.77177458629 265.43729136139154 83.434876561164856 1085.5028678178787 454.33149690181017 2117.8479847684503 1132.9137210249901 3422.1861901246011 54.407979011535645 878.18156653642654 462.68313049897552 1357.2581715509295 71.168843507766724 56.372539639472961 1431.3403176665306
leaf_count=23052 2482 2073 18134 1802 8248 6298 12927 6934 634 9950 4548 28 296 255 29 47867 2461 58 730 1003 5462 641 5882 28 644 1011 3050 32 30 570
internal_value=0.000129812 0.000254076 -0.00721713 -0.00142734 -0.00176376 -0.00246771 -0.00481687 -0.00141014 -0.00505933 -0.000542101 0.000395468 0.000517077 -0.000278397 -1.43609e-05 0.000507971 0.000499589 -0.000276549 -0.00152858 0.000416243 0.00100543 -0.00189119 0.0003796 -7.00472e-05 0.00538129 -0.00034384 0.00199884 0.00265739 0.00354295 0.00396171 -0.0018235
internal_weight=58920.1 57941.8 978.229 4490.46 4171.51 3077.95 934.359 2143.59 412.784 1730.81 53451.4 45287.7 8163.69 7367.78 5715.06 45195 6917.19 2466.72 4450.47 3364.97 2383.29 5647.23 4514.32 213.948 4300.37 2401.81 1939.13 1484.8 1413.63 1652.72
internal_count=167159 125973 41186 49275 47473 39225 15409 23816 6932 16884 76698 63805 12893 8345 7520 63777 15910 7981 7929 7199 7923 7491 6850 324 6526 5126 4115 3112 3080 825
cat_boundaries=0 1 2
cat_threshold=5124 4121
is_linear=0
shrinkage=0.03


Tree=238
num_leaves=31
num_cat=2
split_feature=22 0 22 3 14 3 3 22 20 21 21 20 13 20 12 0 18 18 22 21 14 21 22 21 9 22 6 3 23 15
split_gain=60.1023 12.3293 9.74966 6.22644 9.2816 7.61483 8.19747 7.61479 11.0587 7.34601 9.78245 9.94558 11.0708 8.08831 7.33861 7.05279 6.96587 6.13112 6.02649 5.91947 8.08319 9.9221 7.56901 5.92261 5.81779 5.75951 5.74504 6.37877 5.67887 13.5277
threshold=0.01679278019124919 0 0.00462405472870902 5.5000000000000009 1.0000000180025095e-35 1.5000000000000002 1.0000000180025095e-35 0.88301361223524477 1.3125000000000002 1.7259478856257846 1.0817247472107663 0.84821428571428581 1.0000000180025095e-35 0.77678571428571441 -0.42958798411962301 1 5.5000000000000009 2.5000000000000004 0.9927430448035357 1.6681702719655072 2.5000000000000004 2.2716490544407919 0.90180379829830981 2.6753740757250477 -0.60785761079279388 0.92534429559441145 961.50000000000011 3.5000000000000004 1.4604218880534672 4.5000000000000009
decision_type=2 1 2 2 2 2 2 2 2 2 2 2 2 2 2 1 2 2 2 2 2 2 2 2 2 2 2 2 2 2
left_child=2 -2 -1 4 5 6 -3 8 17 10 16 12 14 -14 -12 24 18 -6 -7 22 23 -22 -9 26 -5 -16 27 -21 29 -26
right_child=1 3 -4 15 7 9 -8 19 -10 -11 11 -13 13 -15 25 -17 -18 -19 -20 20 21 -23 -24 -25 28 -27 -28 -29 -30 -31
leaf_value=-0.011587331822050465 -0.0017416123407271934 -0.00058978573992419668 -0.0052031523845023795 -0.001224852050127227 0.0018201848616487741 -0.00073549855673144481 -0.0035290293181287438 -0.0040705359673716508 0.011393785034764597 -0.0025102909524573414 0.0066406588021107292 0.0004169381946387591 0.012077356897245664 0.0031051005258217724 -0.0031323342806050965 0.0010539583573987781 0.015235487111410227 -0.0066498563141692687 0.0024092436853624544 0.0011518449436640757 0.0023872032909274254 -0.0071929478765046014 0.00010071470547337145 0.0078362720395548143 0.00099220730832135775 0.0036972257603136629 -0.00029911296926625816 0.009918901161541923 -0.00032768873207106406 0.011350548114051862
leaf_weight=331.5746054565534 3009.6775567177683 2311.0926419049501 638.63662247918546 2600.5987503901124 2709.22798486799 9530.8684000782669 1359.8529742062092 411.01514732837677 106.59805881977081 1117.1559474468231 173.52221712470055 3713.7087771892548 196.17939221858978 172.80196231603622 294.01327785849571 13242.778127968311 24.184893518686295 77.91864874958992 580.21061706542969 162.17724466323853 240.76771676540375 161.3570002913475 7838.4953323304653 227.68549907207489 3035.476202070713 176.94761174917221 366.22384679317474 140.79691815376282 3912.6173520088196 117.06175243854523
leaf_count=21143 36323 8065 20051 2089 6185 34098 7991 350 38 623 136 2249 132 106 261 14996 17 60 396 110 148 91 5712 106 3975 138 206 62 1319 28
internal_value=3.00815e-07 0.000124311 -0.00740084 0.000226829 -4.2638e-05 -0.000448772 -0.00168089 0.000598287 0.00194638 -0.000165259 1.07622e-05 0.001138 0.0037713 0.00791142 0.00138311 0.000604674 -0.000514459 0.00157894 -0.000554228 0.00018895 0.00207072 -0.00145036 -0.00010685 0.00365596 -1.13822e-05 -0.000551248 0.00221514 0.005265 0.000434526 0.00138222
internal_weight=58981.2 58011 970.211 55001.3 32092.8 19650.5 3670.95 12442.3 2893.74 15979.6 14862.4 4727.17 1013.46 368.981 644.483 22908.5 10135.3 2787.15 10111.1 9548.52 1299.01 402.125 8249.51 896.884 9665.75 470.961 669.198 302.974 7065.16 3152.54
internal_count=167204 126010 41194 89687 67280 54212 16056 13068 6283 38156 37533 3022 773 238 535 22407 34511 6245 34494 6785 723 239 6062 484 7411 399 378 172 5322 4003
cat_boundaries=0 1 2
cat_threshold=74756 400
is_linear=0
shrinkage=0.03


Tree=239
num_leaves=31
num_cat=2
split_feature=22 0 22 13 0 22 22 15 20 6 1 8 6 20 6 6 20 12 22 11 20 1 13 20 22 12 9 13 14 19
split_gain=57.1494 15.6909 9.50023 5.13538 4.89176 4.98494 6.1921 7.48719 7.36727 5.94115 4.69386 4.94688 4.67798 7.22662 6.18316 6.4363 11.0103 6.52348 6.30787 6.12737 7.22027 5.36194 5.23724 6.57255 8.2337 6.55584 6.7251 6.50296 6.738 12.3799
threshold=0.01679278019124919 0 0.005264631772324546 1.0000000180025095e-35 1 0.032477342204167071 0.092761053370933558 1.0000000180025095e-35 0.13392857142857145 55.500000000000007 3.5000000000000004 1.0000000180025095e-35 151.50000000000003 1.4910714285714288 583.50000000000011 889.50000000000011 0.91964285714285732 -0.99628250747696534 0.9927430448035357 -0.031173458710879235 0.66964285714285732 9.5000000000000018 1.0000000180025095e-35 1.5089285714285716 0.90180379829830981 0.98174098242282837 0.87837969732492682 4.5000000000000009 1.0000000180025095e-35 1.9375000000000002
decision_type=2 1 2 2 1 2 2 2 2 2 2 2 2 2 2 2 2 2 2 2 2 2 2 2 2 2 2 2 2 2
left_child=2 4 -1 -3 -2 -6 7 8 9 -7 11 -11 13 -8 18 22 17 19 -14 -17 -21 -18 23 24 -16 26 27 28 -24 -30
right_child=1 3 -4 -5 5 6 12 -9 -10 10 -12 -13 14 -15 15 16 21 -19 -20 20 -22 -23 25 -25 -26 -27 -28 -29 29 -31
leaf_value=-0.011167752666373092 0.00058822343825003101 -0.0014502120623633469 -0.0049617232488549006 0.0013705201558125066 -0.0040227908234359757 -0.0022283999333949241 0.0014656848436731239 -0.0041730372762698222 0.0014164245089904922 0.0085602063579632414 0.0074670572344649562 0.029758409284714311 -0.0017576731030787367 -0.0054685048785209772 -7.4877760879258804e-05 0.010030157761803675 -0.0015585028423612804 -6.1679323299274684e-05 0.00014788609394297134 0.0057214945434986477 -0.0046753174568603378 -0.0054622988916455169 0.0016669183308688645 -0.003788044282406062 0.0049808040902270092 -0.0041419367622163522 -0.0017318034205916588 -0.0012313465686591856 0.0069051982794384641 -0.00073940008184926519
leaf_weight=358.50857710838318 23068.096709925681 6811.5628921277821 604.97795847430825 632.07397354394197 274.03092296794057 43.272674530744553 2667.1077210232615 124.03098786622286 448.24021815508604 23.678290873765945 175.12184790149331 19.353327751159668 3797.426976531744 141.20912659168243 2398.7613322064281 107.67010290920734 1338.7422757148743 8940.2221907675266 2647.5688505768776 144.92801374942064 100.82674270868301 417.73752927780151 1129.6663673445582 357.33225989341736 328.44853067398071 157.14032089710236 353.7762615904212 329.80837333202362 776.83269774913788 250.50851678848267
leaf_count=23101 20783 62900 18107 3113 2970 269 2382 391 1484 94 903 98 7315 55 4247 148 718 14115 1496 301 60 241 761 165 170 106 204 88 443 89
internal_value=-4.36349e-05 7.66894e-05 -0.00728636 -0.00120811 0.000266162 -3.9697e-06 3.64141e-05 0.00258051 0.00377351 0.00777129 0.00978331 0.0186896 -4.38379e-05 0.00111306 -0.000181932 0.000115741 -0.000315255 9.58986e-05 -0.000974048 0.00408784 0.00142998 -0.00249292 0.000899672 2.97683e-05 0.000533401 0.00179246 0.0021242 0.00267565 0.0032761 0.00503639
internal_weight=58968.7 58005.2 963.487 7443.64 50561.5 27493.4 27219.4 833.697 709.666 261.426 218.153 43.0316 26385.7 2808.32 23577.4 17132.4 11050.1 9293.65 6445 353.425 245.755 1756.48 6082.27 3084.54 2727.21 2997.73 2840.59 2486.82 2157.01 1027.34
internal_count=167317 126109 41208 66013 60096 39313 36343 3239 2848 1364 1095 192 33104 2437 30667 21856 15583 14624 8811 509 361 959 6273 4582 4417 1691 1585 1381 1293 532
cat_boundaries=0 1 2
cat_threshold=18858 18434
is_linear=0
shrinkage=0.03


Tree=240
num_leaves=31
num_cat=7
split_feature=0 0 22 13 6 13 6 22 7 17 12 22 12 11 0 7 6 8 6 0 21 0 22 8 18 0 3 6 14 0
split_gain=58.4667 16.7151 11.0612 6.55585 6.90092 6.53248 6.12499 5.87841 9.36001 5.19039 4.85213 4.45946 4.35869 4.56552 5.66902 4.13774 4.73289 4.07491 3.99646 8.36324 7.86287 6.70136 4.99964 9.98517 4.23748 5.38255 4.69109 6.17279 6.6788 5.26414
threshold=0 1 0.01940976648251376 1.0000000180025095e-35 1255.5000000000002 1.0000000180025095e-35 499.50000000000006 0.032477342204167071 0.85355339059327384 7.5000000000000009 0.19969739736768838 0.049964047204392299 -0.6905596507703472 0.039769539193789977 2 -0.85355339059327373 229.50000000000003 1.0000000180025095e-35 1210.5000000000002 3 1.5245821228620813 4 0.091528636359034118 1.0000000180025095e-35 1.0000000180025095e-35 5 2.5000000000000004 175.50000000000003 1.0000000180025095e-35 6
decision_type=1 1 2 2 2 2 2 2 2 2 2 2 2 2 1 2 2 2 2 1 2 1 2 2 2 1 2 2 2 1
left_child=2 3 5 4 10 -1 17 8 -3 18 12 -6 13 14 -2 -5 -17 -4 21 20 -20 -9 23 -21 26 -26 -23 28 29 -28
right_child=1 7 6 15 11 -7 -8 9 -10 -11 -12 -13 -14 -15 -16 16 -18 -19 19 22 -22 24 -24 -25 25 -27 27 -29 -30 -31
leaf_value=-0.010260788520412146 0.0029561490181826402 -0.0066334708075927807 0.0060449942234118165 -0.0046121762349969767 0.0010466161282306832 0.025097730063844845 -0.0079499146002883856 0.00035686050628368877 0.0081944394755245342 -0.0040114137379785248 -0.0040663733664635738 -0.0071521420542600481 -0.00036961784869887695 -0.0054836116697460054 -0.0042848843273440036 0.012776552889290112 0.0021701068369065764 -0.0039235545221560225 0.0022643973220734257 0.014616501798558904 3.5091726904731171e-05 -0.0015289433935205424 -0.00027340178328656456 -0.0050670316997494698 0.0029067705487757643 -0.0027665374198455953 0.0056747327983449483 -0.00025012894435847772 -0.0037296307090537045 2.0668324887670578e-05
leaf_weight=605.21876732166857 174.27653348818421 226.59891825169325 79.644300196319818 56.450224570930004 765.35494663193822 3.7229952383786431 105.64010797068477 33276.918231680989 44.855604842305183 251.69711816310883 1308.2654761187732 63.670185230672359 1030.8666153810918 418.68553459271789 194.40280237421393 47.019519295543432 192.86936438456178 66.513874419033527 4235.0495398119092 56.223489761352539 2153.2657073140144 2000.0222532600164 4784.2943592965603 37.746401213109493 162.99549526721239 1227.1375243961811 437.07225085049868 4600.551046282053 124.43933995813131 234.86521266400814
leaf_count=33910 1898 2649 1330 268 6000 105 2648 29508 367 90 18072 496 12787 5280 2949 245 1222 1324 4290 252 784 11338 8026 240 685 2798 925 15352 223 1214
internal_value=-4.89157e-06 0.000110682 -0.00771667 -0.00169753 -0.00202492 -0.00999398 -0.00247304 0.000253874 -0.00414018 0.000276371 -0.00267024 0.000401854 -0.00166071 -0.00334086 -0.000882987 0.00258718 0.00431834 0.00147189 0.000296794 0.000798704 0.00151168 0.000162203 -0.000136673 0.00667662 -0.000573999 -0.0020944 -0.000287985 0.000170982 0.00260847 0.00379496
internal_weight=58966.3 58105.6 860.74 4251.86 3955.52 608.942 251.798 53853.7 271.455 53582.3 3126.5 829.025 1818.23 787.365 368.679 296.339 239.889 146.158 53330.6 11266.6 6388.32 42064 4878.26 93.9699 8787.08 1390.13 7396.95 5396.93 796.377 671.937
internal_count=167275 127958 39317 49217 47482 34015 5302 78741 3016 75725 40986 6496 22914 10127 4847 1735 1467 2654 75635 13592 5074 62043 8518 492 32535 3483 29052 17714 2362 2139
cat_boundaries=0 1 2 3 4 5 6 7
cat_threshold=34368 94212 69632 146 2338 1 136
is_linear=0
shrinkage=0.03


Tree=241
num_leaves=31
num_cat=2
split_feature=22 22 3 6 20 6 11 12 21 22 14 11 6 9 6 22 6 0 6 21 6 22 21 21 21 0 11 11 11 12
split_gain=53.173 17.851 8.39459 6.87845 5.46437 5.40142 4.96601 4.73423 4.51835 4.0937 3.80489 4.98871 6.25841 9.74803 7.79501 5.54525 4.43155 3.81649 7.51081 7.38653 6.97728 7.1608 4.35925 3.79956 4.37987 3.54961 4.97082 4.65202 5.51532 3.89038
threshold=0.0078229775924323116 0.10070289018693793 1.5000000000000002 511.50000000000006 1.0000000180025095e-35 523.50000000000011 -0.99763297024448894 0.82777578779003613 0.37255181700378143 0.064733440719350513 1.0000000180025095e-35 0.97875492728876534 577.50000000000011 0.87837969732492682 529.50000000000011 0.08046229023177516 1160.5000000000002 0 403.50000000000006 0.20723205905420547 265.50000000000006 0.08167882834272891 0.22720778292870306 0.24353894017376096 0.36816581414060384 1 0.9962888416657264 0.95242846126021108 0.93544191479114935 -0.15101602693478741
decision_type=2 2 2 2 2 2 2 2 2 2 2 2 2 2 2 2 2 1 2 2 2 2 2 2 2 1 2 2 2 2
left_child=4 2 3 6 -1 8 -2 10 -5 -8 17 12 14 -14 15 23 -15 18 19 20 -4 -22 -20 -12 -25 26 27 28 -7 -27
right_child=1 -3 7 5 -6 25 9 -9 -10 -11 11 -13 13 16 -16 -17 -18 -19 22 -21 21 -23 -24 24 -26 29 -28 -29 -30 -31
leaf_value=-0.011146103038978571 0.01501853070437535 0.00037983730471574656 0.0038818349370892216 0.0011149086299937804 -0.0026030654018967762 -0.00043979670695533889 -0.0093387944683379423 -0.0021086180731586831 0.031678616804838723 -0.0039726131507421486 -0.0016343095225121679 0.0098818929190498585 -0.0034298684842496035 0.0027029749968110993 0.023593754522047698 -0.0028079250180297168 0.022561015262126845 -8.8428125311088438e-05 -0.0051222167316384909 -0.00086239926182478356 0.035790178689838768 0.00077011306602653906 -0.0012837435016837162 0.02133681076546199 0.0038877019630640317 -0.0009760273071190783 0.013581859967578149 -0.0096196917562157841 0.020855313141769107 -0.006226327511391112
leaf_weight=412.4121120814234 9.3254656605422479 47719.100829184055 119.28596590273082 10.796904973685743 83.663718616589904 575.22316114231944 202.44404507428408 1551.1924373209476 6.9203060045838347 371.6240453645587 20.932600747793913 64.735818766057491 278.12311786413193 23.368440102785826 18.716073218733072 67.728098437190056 18.458764001727104 5512.6106162779033 547.41020899266005 492.1114172115922 12.78829647600651 9.1417464315891248 529.40953065827489 27.395624570548534 26.622589580714703 250.47358831577003 21.433658368885517 48.432382915169001 10.157077256590126 264.34841456823051
leaf_count=26997 127 44439 1604 173 3539 6088 4241 12661 30 3891 183 238 1192 106 84 290 81 39264 7970 2665 192 65 2569 148 92 3693 151 396 88 4265
internal_value=4.50803e-05 0.000127763 -0.000956163 -0.00284974 -0.00972552 -0.00153022 -0.00551878 -0.000595397 0.0144283 -0.00588837 -0.00029225 0.00211801 0.00104309 -0.00137242 0.00584752 0.00332987 0.0119288 -0.000475578 -0.00170875 0.000865432 0.00689252 0.0221236 -0.00324357 0.00891914 0.0130731 -0.0017891 -0.000278531 -0.000781744 -2.51317e-05 -0.00362022
internal_weight=59306.4 58810.3 11091.2 1771.18 496.076 1187.79 583.394 9320.03 17.7172 574.068 7768.84 546.081 481.345 319.95 161.395 142.679 41.8272 7222.76 1710.15 633.327 141.216 21.93 1076.82 74.9508 54.0182 1170.07 655.246 633.813 585.38 514.822
internal_count=167522 136986 92547 23143 30536 14884 8259 69404 203 8132 56743 2414 2176 1379 797 713 187 54329 15065 4526 1861 257 10539 423 240 14681 6723 6572 6176 7958
cat_boundaries=0 1 2
cat_threshold=35844 22576
is_linear=0
shrinkage=0.03


Tree=242
num_leaves=31
num_cat=5
split_feature=0 0 20 6 3 6 20 9 3 0 9 15 0 23 3 1 3 0 18 18 16 19 20 3 11 17 12 15 21 6
split_gain=55.7044 13.727 8.24841 7.64719 6.41225 5.26023 5.20089 5.18848 4.54727 4.38125 5.01665 4.35691 3.97646 5.25824 4.12016 4.03815 3.72875 3.49129 3.40802 4.50426 3.78312 3.8933 4.85512 3.83025 4.22573 4.87001 7.496 4.92899 4.89767 4.86478
threshold=0 1 1.0000000180025095e-35 1150.5000000000002 2.5000000000000004 373.50000000000006 1.9732142857142858 1.0000000180025095e-35 1.5000000000000002 2 -0.8783796973249266 10.500000000000002 3 0.12468905472636817 5.5000000000000009 1.5000000000000002 5.5000000000000009 4 5.5000000000000009 7.5000000000000009 6.5000000000000009 3.4375000000000004 1.8839285714285716 6.5000000000000009 0.29342972903661901 1.5000000000000002 -0.49065906150552346 4.5000000000000009 1.2628559675613047 391.50000000000006
decision_type=1 1 2 2 2 2 2 2 2 1 2 2 1 2 2 2 2 1 2 2 2 2 2 2 2 2 2 2 2 2
left_child=2 3 -1 4 -2 12 11 -4 -9 10 -7 18 13 14 15 -6 -14 -5 20 -20 21 22 23 -3 -25 27 28 -26 -27 -28
right_child=1 6 7 17 5 9 -8 8 -10 -11 -12 -13 16 -15 -16 -17 -18 -19 19 -21 -22 -23 -24 24 25 26 29 -29 -30 -31
leaf_value=-0.0098852080775136408 -0.0047036865862003212 4.2851788356943501e-05 -0.007374828951933329 0.0016507737912539548 0.013700444763188277 -0.0086920997407579931 -0.0044628491002943046 -0.010058954999210692 0.0032049530279186309 -0.0036600116629208592 0.0019092582646445774 0.0052667811033419902 -0.0082949415907580225 -0.0022252287655492686 0.006844324389613422 -0.00025535551580364266 0.0008432904474978759 -0.0014797880703223305 0.0039017780331253391 -0.00083067735803776658 0.0031688949790695284 -0.0058734761065457287 0.0054101204864402267 0.00018511258752891782 0.0024071910211080978 0.00012139640644225614 0.0012293131404921198 -0.004540831374839004 0.0057602343897631561 -0.0028835277995998177
leaf_weight=547.82380420994014 792.70205435156822 41353.879847642034 157.30656311661005 767.19761253893375 19.242586180567741 45.877683479338884 210.87915921211243 28.119463985785842 113.8402796536684 1005.224687051028 277.9878331720829 154.1698454618454 83.950787521898746 230.2832354940474 178.78651919215918 229.90087038651109 73.894150761887431 533.79042265936732 500.55478829145432 279.86520063877106 383.07633852958679 94.40000593662262 158.98369085788727 6428.1592078357935 2655.4323243349791 281.23650825023651 412.52703024446964 93.711146831512451 276.80786800384521 684.93940794467926
leaf_count=31454 14497 68592 4433 6341 175 471 75 836 2502 13215 2822 36 1837 1225 1152 2033 1208 4232 141 86 117 35 61 5772 3389 113 114 23 66 246
internal_value=-1.44383e-05 9.73044e-05 -0.00760244 -0.00154414 -0.00239577 -0.00153833 0.000226627 -0.0036379 0.000483677 -0.00270222 0.000355947 0.00024526 0.000350924 0.00138705 0.00337791 0.000848995 -0.00376383 0.000362871 0.000230607 0.00219811 0.000201384 0.000179532 0.000190675 0.000174556 0.000676726 0.00139262 0.000103187 0.0021666 0.00293447 -0.00133238
internal_weight=59054.6 58207.5 847.09 4238.84 2937.85 2145.15 53968.6 299.266 141.96 1329.09 323.866 53757.7 816.058 658.213 427.93 249.143 157.845 1300.99 53603.6 780.42 52823.2 52440.1 52345.7 52186.7 10832.8 4404.65 1655.51 2749.14 558.044 1097.47
internal_count=167299 128074 39225 49208 38635 24138 78866 7771 3338 16508 3293 78791 7630 4585 3360 2208 3045 10573 78755 227 78528 78411 78376 78315 9723 3951 539 3412 179 360
cat_boundaries=0 1 2 3 4 5
cat_threshold=34368 94212 65536 69636 28672
is_linear=0
shrinkage=0.03


Tree=243
num_leaves=31
num_cat=4
split_feature=0 22 21 3 6 22 20 9 12 13 6 0 6 9 21 2 23 12 13 6 22 12 0 12 6 6 0 22 6 2
split_gain=53.027 18.089 7.0654 6.27128 5.9089 5.26514 5.20799 4.53575 5.28421 4.47226 6.32162 4.47354 9.43897 7.52283 4.46906 4.21336 4.16626 3.96545 3.89989 6.7195 4.7165 3.77591 6.53463 3.69326 4.15451 3.58607 5.26297 3.60748 4.54531 4.50278
threshold=0 0.065041333606613391 3.3193146343606732 1.5000000000000002 517.50000000000011 0.24817419475914387 1.0000000180025095e-35 0.6078576107927941 0.063390085881955341 1.0000000180025095e-35 427.50000000000006 1 403.50000000000006 1.0000000180025095e-35 0.20723205905420547 1.5000000000000002 0.0050890914741531139 0.84199059757024453 1.5000000000000002 1027.5000000000002 0.15436204275845475 0.8852232634113919 2 -0.022575793296316496 583.50000000000011 1220.5000000000002 3 0.018525792183061857 289.50000000000006 4.5000000000000009
decision_type=1 2 2 2 2 2 2 2 2 2 2 1 2 2 2 2 2 2 2 2 2 2 1 2 2 2 1 2 2 2
left_child=6 3 5 4 -2 17 -1 -6 -9 11 -11 12 13 -5 15 -15 -8 18 -3 -20 -21 22 -19 24 -12 26 -13 29 -29 -28
right_child=1 2 -4 9 7 -7 16 8 -10 10 23 25 -14 14 -16 -17 -18 21 19 20 -22 -23 -24 -25 -26 -27 27 28 -30 -31
leaf_value=-0.011660532344097717 -0.0083347414556410124 -0.00011034352242310553 -0.002790839597521686 -0.0033088399147101644 -0.0041714839777757182 0.00045574100714900856 -0.0069152564193794243 0.005547654482918698 -0.0045283589743805351 0.014408947147838858 -0.005839944488288046 -0.003849142567341049 -0.0053204182858766456 0.030683737960471715 -0.00056950808356028427 0.0087608917203150193 0.0093357097916586737 0.0027768763326388459 0.0003051482853508767 0.01556344660642957 0.0035514796817340218 -0.00083521312119638302 -0.006335603678794207 -0.0038734099225689097 0.0062636961724518306 0.00096194071440710736 0.0022653892590723192 -0.004052317989016032 -0.00011122934379110301 0.035055948980965528
leaf_weight=385.43411016557366 212.45977107621729 10874.671395212412 682.16586947441101 52.577755022794008 454.04972782731056 39075.217663496733 54.234382012858987 110.95273379608989 79.131307004019618 34.108161851763725 31.116353865712881 623.46857877634466 546.22987340576947 14.332989804446695 15.115071114152668 20.932862972840667 17.936675783246756 89.590095430612564 285.71850631386042 51.489979445934296 72.656821340322495 1873.5732448548079 275.134769923985 93.419763386249542 118.50602739304304 682.43249733000994 13.502028066664936 319.03876292705536 1507.8867815770209 4.5831425897777072
leaf_count=26380 4564 42396 263 1116 7526 23956 2366 1640 1387 243 142 10265 8873 209 183 413 771 248 503 125 100 7882 1220 486 562 4728 245 3986 14157 83
internal_value=-2.19247e-06 7.86012e-05 0.000239649 -0.00165886 -0.00399391 0.000279119 -0.0100537 -0.00254214 0.0013199 -0.00116596 0.00249914 -0.00143543 -0.00368883 0.00452263 0.0127177 0.0184368 -0.00272201 -0.000230795 -1.4224e-06 0.00286714 0.00866595 -0.001384 -0.00417667 0.000750957 0.00368466 -0.000953504 -0.00148951 -0.000662796 -0.00080459 0.012291
internal_weight=58671.7 58214.1 53280.2 4933.84 856.594 52598.1 457.605 644.134 190.084 4077.25 277.15 3800.1 649.189 102.959 50.3809 35.2659 72.1711 13522.8 11284.5 409.865 124.147 2238.3 364.725 243.042 149.622 3150.91 2468.48 1845.01 1826.93 18.0852
internal_count=167018 137501 76693 60808 15117 76430 29517 10553 3027 45691 1433 44258 10794 1921 805 622 3137 52474 43124 728 225 9350 1468 1190 704 33464 28736 18471 18143 328
cat_boundaries=0 1 2 3 4
cat_threshold=33344 1028 2048 20480
is_linear=0
shrinkage=0.03


Tree=244
num_leaves=31
num_cat=5
split_feature=21 0 0 3 22 12 16 20 12 21 22 6 12 3 0 23 23 6 22 23 6 0 12 0 22 11 14 11 12 12
split_gain=53.8719 18.1744 9.13265 6.0741 4.79459 4.20111 4.8346 4.15267 4.13591 7.09757 4.07091 4.01257 5.78487 3.98108 4.87342 3.76673 3.55599 6.8568 3.50991 3.4657 3.36664 3.43409 3.21453 5.67403 3.18106 3.66999 4.06219 3.45203 3.07381 4.20425
threshold=0.13363062095621173 0 1 1.5000000000000002 0.032477342204167071 0.82777578779003613 1.5000000000000002 1.9910714285714288 0.81800285027139297 0.31721153878816621 0.10891078770778613 85.500000000000014 0.47369649395226454 1.0000000180025095e-35 2 0.10817776539426026 0.084797123780174635 217.50000000000003 0.098892747284012414 0.082499249324391968 391.50000000000006 3 -0.99983123799342477 4 0.13603617589985353 0.34235194516023087 1.0000000180025095e-35 -0.37447345805034543 -0.98801846520836312 -0.61236746317008228
decision_type=2 1 1 2 2 2 2 2 2 2 2 2 2 2 1 2 2 2 2 2 2 1 2 1 2 2 2 2 2 2
left_child=1 -1 4 13 -2 6 8 22 -5 19 15 12 -3 18 -15 -8 -13 -18 -4 -10 21 -7 23 -6 25 26 27 -23 -24 -30
right_child=2 11 3 5 7 20 10 -9 9 -11 -12 16 -14 14 -16 -17 17 -19 -20 -21 -22 24 28 -25 -26 -27 -28 -29 29 -31
leaf_value=-0.010923192497148715 -0.0039976419017941972 0.031743761735798064 -0.0026755117302746227 -0.00033808174490314015 0.0071772627697087969 -0.0049866133646174213 0.0087229837249518383 -0.004244487245366353 0.0049084490727054914 -0.0086743126905257963 0.013931938629262149 -0.0046690983374059131 0.00024900390715164051 -0.00080973575207816766 -0.0065342593131591945 -0.0084147107888888316 0.023710283178370983 -0.0014556092259197743 0.0016396857008311142 0.028072796909432474 -0.0032542372230981854 -0.0056941094661837298 -0.00087912585881958047 -0.0015863494202795559 -0.0050323606148267638 -0.0026532773068093491 0.021071015051826188 0.0056408883804970836 0.00076560844153779144 0.00011765247807645514
leaf_weight=424.25758795253932 240.36858255416155 5.6228304393589488 501.44426002725959 5862.5962931644171 147.00232407450676 81.813861675560474 23.50822414085269 184.00744163990021 11.566770302131774 11.999253556132315 38.85145927965641 851.61093975417316 27.316493982449174 228.91450353339314 375.19602526910603 20.733896672725677 9.3320346027612668 170.17290049791336 253.51020488888025 13.868332944810389 791.80617940239608 27.347800813615322 2112.7096437290311 112.19489978253841 52.815192796289921 74.210417808964849 12.592353057116268 152.80410627089441 12290.185480244458 33903.210706911981
leaf_count=26723 2615 119 6861 40072 100 794 129 62 141 55 81 17491 742 3274 5002 66 84 1575 1450 69 5944 236 2308 164 205 532 69 1255 12966 36266
internal_value=-8.49309e-05 -0.00571823 6.08081e-05 -0.000843998 0.000218719 -0.000495512 -0.000170108 0.000239758 -0.000272843 0.00953104 0.00696972 -0.00349361 0.00657893 -0.00268425 -0.00450128 0.000550381 -0.00386111 0 -0.0012183 0.0183498 -0.00212041 0.000102793 0.000256959 0.00358418 0.00154249 0.00293716 0.00512315 0.00386513 0.000238908 0.00029019
internal_weight=59013.6 1488.31 57525.3 8535.58 48989.7 7176.51 5983.12 48749.3 5900.03 37.4344 83.0936 1064.06 32.9393 1359.06 604.111 44.2421 1031.12 179.505 754.954 25.4351 1193.39 401.584 48565.3 259.197 319.77 266.955 192.744 180.152 48306.1 46193.4
internal_count=167450 46734 120716 66235 54481 49648 40613 51866 40337 265 276 20011 861 16587 8276 195 19150 1659 8311 210 9035 3091 51804 264 2297 2092 1560 1491 51540 49232
cat_boundaries=0 1 2 3 4 5
cat_threshold=35392 6562 8788 17424 130
is_linear=0
shrinkage=0.03


Tree=245
num_leaves=31
num_cat=2
split_feature=0 22 3 20 13 13 7 20 22 9 11 22 8 22 9 3 3 14 21 3 19 20 0 1 21 18 11 9 18 11
split_gain=50.5538 11.9095 10.3896 9.91827 6.95968 5.53025 4.60109 6.92055 4.61406 4.45967 4.4047 4.27665 4.90386 3.78093 3.57221 4.32533 3.07691 6.96613 12.3663 5.80363 6.69208 5.15977 4.01312 5.31418 5.15938 8.07828 4.70246 4.04369 7.16706 4.92177
threshold=0 0.097364410632518147 1.5000000000000002 1.0000000180025095e-35 1.5000000000000002 1.0000000180025095e-35 -0.85355339059327373 0.062500000000000014 0.068969548426628405 -0.8783796973249266 0.34235194516023087 0.029804924006643262 1.0000000180025095e-35 0.01679278019124919 1.0000000180025095e-35 2.5000000000000004 1.5000000000000002 7.5000000000000009 2.6753740757250477 1.0000000180025095e-35 0.18750000000000003 0.68750000000000011 1 1.5000000000000002 0.40129659983478666 1.0000000180025095e-35 0.15951094710994371 -0.8783796973249266 4.5000000000000009 -0.94705910369513524
decision_type=1 2 2 2 2 2 2 2 2 2 2 2 2 2 2 2 2 2 2 2 2 2 1 2 2 2 2 2 2 2
left_child=3 2 4 13 -2 -4 -7 8 11 10 -9 12 -8 -1 -5 -16 17 18 19 21 -21 -3 24 26 25 -18 -24 28 29 -25
right_child=1 16 5 14 -6 6 7 9 -10 -11 -12 -13 -14 -15 15 -17 22 -19 -20 20 -22 -23 23 27 -26 -27 -28 -29 -30 -31
leaf_value=-0.011041617674047847 -0.0033648012595578259 0.0015247020659489524 -0.0006603742754567475 -0.0060567414512071949 0.011502364448446949 -0.002255158968432635 0 0.00098781506603449381 0.017856013662403244 0.00041735711998279332 0.016714025600303852 0.00014553890534161327 0.025133757454640117 -0.004530730276520816 -0.0071435853133119771 0.0040501234114359366 0.0064614835773811555 -0.011097454819529496 0.0064635241343003677 -0.0052808280887552319 -0.00091019993712025172 -0.00052844991678413576 -0.004819077323547377 0.0024917853331682472 0.00066233599345722112 -0.0048182945828037713 -0.00068200821702601392 0.00042532308772441819 0.0081014668128104022 -0.0015484055781387143
leaf_weight=432.33062646444887 1522.5642510950565 1729.5106330141425 7407.1286971122026 154.06456618569791 27.746202681213617 173.87957439944148 12.057672124356031 33.553643696010113 40.488529443740845 408.98575888574123 31.54811704903841 53.436762556433678 15.709357000887394 105.19424400664866 44.253900339826941 97.634624753147364 292.96905294805765 51.866328716278076 243.78616112470627 372.40105938911438 2072.3647589161992 3025.6940705180168 325.52711315453053 304.87107962369919 18982.990284323692 69.530697591602802 1040.879957690835 17477.363019652665 77.651051223278046 2349.028969861567
leaf_count=28529 19721 4038 56620 4378 124 562 129 126 163 1425 93 289 101 3170 1278 2055 963 36 124 2203 3759 1977 464 380 11034 184 1343 19317 24 2776
internal_value=1.56074e-05 0.000121526 -0.000836137 -0.0072717 -0.00308761 -0.000408201 0.00200861 0.00326475 0.00962637 0.00160234 0.00883702 0.00528275 0.0146118 -0.00978935 -0.00290611 0.000491343 0.000314087 -0.000244175 -0.000166265 -0.000392445 -0.0015803 0.000217202 0.000416497 0.000134547 0.000730164 0.00427411 -0.0016748 0.000257325 -0.000815152 -0.00108126
internal_weight=58977 58143.5 9727.1 833.478 1550.31 8176.79 769.659 595.78 121.692 474.088 65.1018 81.2038 27.767 537.525 295.953 141.889 48416.4 7495.62 7443.76 7199.97 2444.77 4755.2 40920.8 21575.3 19345.5 362.5 1366.41 20208.9 2731.55 2653.9
internal_count=167385 127975 79353 39410 19845 59508 2888 2326 682 1644 219 519 230 31699 7711 3333 48622 12137 12101 11977 5962 6015 36485 24304 12181 1147 1807 22497 3180 3156
cat_boundaries=0 1 2
cat_threshold=34368 2086
is_linear=0
shrinkage=0.03


Tree=246
num_leaves=31
num_cat=3
split_feature=22 23 21 20 0 6 18 7 22 23 20 6 18 6 22 0 23 12 20 16 21 12 21 6 6 13 0 23 12 12
split_gain=45.9117 13.6789 7.30358 6.40288 6.02392 6.85168 7.16206 5.4784 5.05508 5.57238 4.9674 5.39535 4.83125 5.9993 5.40152 5.04191 5.21875 7.28752 4.6154 4.56281 6.08139 7.52889 6.92452 6.63866 4.53067 4.93995 10.2817 3.98873 3.68069 5.64951
threshold=0.0078229775924323116 0.057512610601174241 0.13363062095621173 1.0000000180025095e-35 0 1210.5000000000002 1.5000000000000002 0.85355339059327384 0.062277466920423276 0.42349939975990403 0.43750000000000006 277.50000000000006 1.0000000180025095e-35 595.50000000000011 0.24686757871718132 1 0.21065531475748198 0.96633974041180493 0.16964285714285718 1.5000000000000002 0.46675169293441526 0.88917497572200743 0.61342825098054854 799.50000000000011 1210.5000000000002 1.0000000180025095e-35 2 0.1731306403094113 -0.99761278905001471 -0.9575230291762723
decision_type=2 2 2 2 1 2 2 2 2 2 2 2 2 2 2 1 2 2 2 2 2 2 2 2 2 2 1 2 2 2
left_child=3 2 -2 -1 5 7 28 8 -3 10 11 -10 13 -13 19 16 17 -15 -18 20 -14 22 -22 -24 25 -4 -27 -9 -7 -30
right_child=1 4 24 -5 -6 6 -8 27 9 -11 -12 12 14 15 -16 -17 18 -19 -20 -21 21 -23 23 -25 -26 26 -28 -29 29 -31
leaf_value=-0.010956012817257556 -0.0042298544274866103 -0.0046118621208424615 -0.0018407487029848371 -0.0016276272857679093 0.00029953746258597213 0.0073985586842677791 -0.0043570242294317905 -0.0028129684194216809 0.0015720507102730795 -0.0037821634878767055 -0.0035015971129553737 -0.0018654141953007464 -0.0042554082500653049 0.0059875577768893845 -0.0081398304338322989 -0.00098465964877436033 0.007059591378341246 -0.0069030786269855563 8.1424866125596427e-05 -0.010956189230368769 0.0095194550641177038 -0.0085111555109866413 0.0072797115742318239 -0.00616869279307675 0.00072983017408047659 0.0079995539158591311 -0.0020773293062815957 -0.010181772020752333 -0.0032301236678043601 0.0016640392002046473
leaf_weight=392.47439572680742 723.70112273283303 292.69886710122228 3408.0176859200001 81.961809081956744 42931.273198079318 86.858235210180283 214.44424323737621 402.894321359694 1307.4036468341947 457.00417099148035 419.40308505296707 1269.0056404359639 251.85279217362404 371.46128926426172 139.71259827911854 1001.7201169580221 92.313453882932663 42.89247864857316 1017.0194834768772 42.35993880033493 116.08628821372986 49.246990650892258 56.216128021478653 77.00526887178421 1063.0867286678404 136.0872391462326 231.57546073570848 79.770727939903736 237.34694155305624 1897.9047427400947
leaf_count=27077 15821 3161 37906 3513 40394 171 266 1921 4421 656 489 5684 1029 1415 252 4652 219 197 1473 66 217 80 78 114 8699 725 1309 212 505 4444
internal_value=-7.9012e-05 -3.3418e-06 -0.0014184 -0.00936391 0.000145492 -0.000520137 0.000859587 -0.000970758 -0.000756324 -0.000586602 -0.000351552 -0.000123519 -0.000614778 -0.000182189 -0.0028442 0.000661652 0.00174289 0.00462531 0.000673354 -0.00157433 -0.000822854 0.00205727 0.00419453 -0.000437141 -0.000995878 -0.00148342 0.00180849 -0.00406176 0.00136745 0.00111596
internal_weight=58890.8 58416.4 5562.47 474.436 52853.9 9922.62 2436.55 7486.07 7003.4 6710.7 6253.7 5834.3 4526.89 3794.41 732.48 2525.41 1523.69 414.354 1109.33 592.767 550.407 298.555 249.308 133.221 4838.77 3775.68 367.663 482.665 2222.11 2135.25
internal_count=167166 136576 64460 30590 72116 31722 5386 26336 24203 21042 20386 19897 15476 13640 1836 7956 3304 1612 1692 1584 1518 489 409 192 48639 39940 2034 2133 5120 4949
cat_boundaries=0 1 2 3
cat_threshold=20636 132 72832
is_linear=0
shrinkage=0.03


Tree=247
num_leaves=31
num_cat=0
split_feature=21 23 3 14 3 19 21 20 6 6 21 6 21 6 6 4 11 12 16 6 11 11 2 11 10 21 16 19 23 8
split_gain=44.7973 16.4818 7.4492 11.3221 9.70682 8.47682 7.19637 8.99553 8.15447 13.7392 20.8128 5.98957 5.72925 4.91578 4.96576 4.23293 4.11605 4.04946 4.72219 3.91413 3.7996 4.5098 11.56 4.51732 4.00963 3.76518 3.7599 4.3205 5.20983 6.35526
threshold=0.13363062095621173 0.010335986325516801 1.5000000000000002 1.0000000180025095e-35 1.0000000180025095e-35 2.6875000000000004 2.6753740757250477 0.72321428571428581 751.50000000000011 1009.5000000000001 0.9803259463254832 319.50000000000006 2.8389108382124317 1220.5000000000002 151.50000000000003 3.5000000000000004 0.94425825643485939 0.81800285027139297 1.0000000180025095e-35 139.50000000000003 0.99966190462023474 0.99818282439137029 1.0000000180025095e-35 0.99700008544936913 -0.56174490092936669 0.30435997051820268 6.5000000000000009 1.6875000000000002 1.4604218880534672 -0.35355339059327379
decision_type=2 2 2 2 2 2 2 2 2 2 2 2 2 2 2 2 2 2 2 2 2 2 2 2 2 2 2 2 2 2
left_child=1 19 3 4 12 6 7 8 17 10 -10 15 25 14 -4 16 -3 18 -5 -1 21 23 -23 26 -22 -2 27 -16 29 -29
right_child=2 11 13 5 -6 -7 -8 -9 9 -11 -12 -13 -14 -15 20 -17 -18 -19 -20 -21 24 22 -24 -25 -26 -27 -28 28 -30 -31
leaf_value=-0.0026627897003420773 -0.0032318971781389668 -0.00038451008612280807 0.00097322110658546259 -0.00053870319371209375 -0.003758143960292087 -0.0097819311934358843 0.0067320555538639189 -0.0006216296226525394 0.0062458514511092456 0.0015725733306453066 0.030182655893868798 -0.0033952892744619134 0.011387197116075035 0.00082481599769706397 1.9453815973656175e-05 0.020325173786921603 0.025175625339687209 -0.0047792743160884575 0.0077802066859861199 -0.010085469318184709 0.00013005096045770264 0.013466994851076415 0.00058887017059640302 -0.0045345594524053706 -0.0069641515589382585 -0.00030893079977118175 0.0030708975376498608 -0.0021720780321230443 -0.003611160260637224 0.0023238487118335794
leaf_weight=76.720920937135816 497.11983137391508 60.385967521928251 4884.0085765719414 318.02942433953285 1538.6587092597038 73.457636535167694 156.14092147350311 3356.4624801874161 203.73979592882097 540.51947887986898 38.460715651512146 798.92016226239502 33.578885078430176 10053.390411660075 30512.407705916092 12.880171180702744 5.2110751792788497 146.34686624631286 74.796600013971329 508.32079681847245 137.33853485062718 77.580384688451886 317.27204816043377 200.76566754095256 145.33025646209717 1978.6856091655791 346.77041214704514 667.80752909183502 660.05209243297577 489.02367562055588
leaf_count=3409 6879 962 8905 1220 11620 40 81 2927 624 1404 39 14674 12 16342 62693 234 82 395 129 27243 277 144 627 373 304 4887 97 330 175 184
internal_value=-4.46764e-05 -0.00522794 8.72575e-05 -0.000707435 -0.00188192 0.000260232 0.00041605 0.000202576 0.00229877 0.00425328 0.0101801 -0.0026128 -0.000728056 0.000234165 7.95098e-05 0.00522013 0.00190345 -0.000530127 0.00104577 -0.00912852 -5.04208e-05 -2.07622e-05 0.00316194 -5.92641e-05 -0.00350788 -0.000899327 -3.14458e-05 -6.50017e-05 -0.00148586 -0.000265981
internal_weight=58910.2 1462.44 57447.7 8956 4048.04 4907.95 4834.5 4678.36 1321.89 782.72 242.201 877.397 2509.38 48491.7 38438.4 78.4772 65.597 539.173 392.826 585.042 33554.3 33271.7 394.852 32876.8 282.669 2475.81 32676.1 32329.3 1816.88 1156.83
internal_count=167312 46604 120708 30257 23398 6859 6819 6738 3811 2067 663 15952 11778 90451 74109 1278 1044 1744 1349 30652 65204 64623 771 63852 581 11766 63479 63382 689 514
is_linear=0
shrinkage=0.03


Tree=248
num_leaves=31
num_cat=4
split_feature=0 21 21 0 3 3 22 2 0 21 6 16 19 12 6 9 12 12 21 6 2 0 6 21 3 22 22 11 22 12
split_gain=48.6403 14.1371 5.04318 4.87243 7.06283 4.76932 4.75111 4.24538 6.96043 4.15466 4.67987 3.83758 4.14409 3.73073 3.75217 4.11544 4.06988 3.71375 4.82845 3.64876 3.60021 5.47896 3.66943 3.36682 4.30748 3.95785 6.75273 9.68763 8.14745 4.21867
threshold=0 0.16044347806795992 0.13363062095621173 1 1.5000000000000002 4.5000000000000009 0.032477342204167071 4.5000000000000009 2 0.31721153878816621 1425.5000000000002 8.5000000000000018 3.9375000000000004 -0.3744658827978154 247.50000000000003 0.6078576107927941 -0.7614016681079937 0.86004965528756494 0.13363062095621173 1255.5000000000002 4.5000000000000009 3 139.50000000000003 0.13363062095621228 1.5000000000000002 0.021740428913484964 0.051783155955792068 0.091259403071267925 0.029804924006643262 -0.21022037796396451
decision_type=1 2 2 1 2 2 2 2 1 2 2 2 2 2 2 2 2 2 2 2 2 1 2 2 2 2 2 2 2 2
left_child=2 5 -1 4 13 7 -5 19 -9 10 -6 12 -8 14 -3 -16 -17 18 -10 -2 -7 -22 -23 24 -20 -26 27 -27 -29 -28
right_child=1 3 -4 6 9 20 11 8 17 -11 -12 -13 -14 -15 15 16 -18 -19 23 -21 21 22 -24 -25 25 26 29 28 -30 -31
leaf_value=-0.011406396071714195 -0.005279576129312652 -0.0080743476640688806 -0.0025118507241900278 -0.0049892631836234245 0.0007805219962637868 0.00034318631461772899 0.00035139468850455994 -0.0066005595596335823 -0.00023826588697602153 -0.0016731262917114072 -0.0073186820391112177 -0.0036698100562183996 0.0064148374313693461 -0.0057639237514212783 -0.0016766216044248269 0.00028860620038097219 0.017060137192441663 -0.0050621182997490207 0.0013439604649843802 0.002032152514537889 0.002283098179187407 0.0071697365009534986 -0.0080611063737452433 -0.0018988823922982247 0 0.059644216771559865 -0.0066881007760621908 -0.005201831424239428 0.039125431962172066 0.022174751053814966
leaf_weight=365.89709336683154 756.00878152437508 50.427038135007024 70.929479617625475 149.46962325274944 2142.6869305409491 753.48393270559609 51890.356472793967 103.48393403738737 88.424335733056068 1171.1408201158047 65.091263718903065 211.94540405273438 100.76694846153259 349.45164788886905 136.72832326218486 29.218132860958576 23.685683012008667 43.827432306483388 21.71324135735631 65.090762756764889 92.481090165674686 14.357457663863896 168.80993087589741 16.763159051537514 8.4241929426789266 7.1685411110520389 8.854189660400154 7.3436293639242631 5.82852903008461 7.3322987183928481
leaf_count=26401 14897 689 3127 1517 16980 9686 69055 2739 1589 6030 465 68 32 4738 1720 354 296 687 434 1138 1038 250 2442 227 169 118 95 120 69 80
internal_value=8.72706e-05 0.000162737 -0.00976193 0.000254413 -0.000757374 -0.00221282 0.000331318 -0.0035497 -0.000589564 -0.000228303 0.000535814 0.000346825 0.000363385 -0.00378701 -0.000872382 0.0010436 0.00808593 0.00247442 0.0045925 -0.00469089 -0.000723753 -0.00365261 -0.00645189 0.00972582 0.0127225 0.0179393 0.0221129 0.0333154 0.0153658 0.00656684
internal_weight=58927.2 58490.4 436.827 56321 3968.43 2169.4 52352.5 1140.26 319.163 3378.92 2207.78 52203.1 51991.1 589.511 240.059 189.632 52.9038 215.68 171.852 821.1 1029.13 275.648 183.167 83.4278 66.6646 44.9514 36.5272 20.3407 13.1722 16.1865
internal_count=167250 137722 29528 101944 31272 35778 70672 22362 6327 23475 17445 69155 69087 7797 3059 2370 650 3588 2901 16035 13416 3730 2692 1312 1085 651 482 307 189 175
cat_boundaries=0 1 2 3 4
cat_threshold=33344 91141 19464 14337
is_linear=0
shrinkage=0.03


Tree=249
num_leaves=31
num_cat=5
split_feature=0 0 20 3 3 0 12 9 6 2 11 6 21 6 20 23 7 11 21 6 7 2 0 19 12 3 2 23 23 0
split_gain=47.2453 10.125 9.38687 8.71163 5.41722 5.18906 4.90819 4.3262 4.46382 7.11646 3.57362 3.55095 8.79541 5.35289 5.32304 5.14195 5.09732 4.40179 6.36273 7.97131 5.83611 4.2486 3.79037 3.71499 4.42812 3.51064 4.2388 3.60558 3.43874 3.42464
threshold=0 1 1.0000000180025095e-35 1.5000000000000002 1.0000000180025095e-35 2 0.56191161272202661 1.0000000180025095e-35 415.50000000000006 1.5000000000000002 0.99983759474438971 553.50000000000011 0.76085222211419234 391.50000000000006 1.455357142857143 0.061826711456040781 -0.85355339059327373 0.92602006027323147 1.1907380664349037 355.50000000000006 0.85355339059327384 2.5000000000000004 3 0.93750000000000011 0.42763731121559989 3.5000000000000004 5.5000000000000009 0.92167816847409367 1.8519614288845061 4
decision_type=1 1 2 2 2 1 2 2 2 2 2 2 2 2 2 2 2 2 2 2 2 2 1 2 2 2 2 2 2 1
left_child=2 11 -1 4 29 -6 10 -4 9 -9 -5 12 28 14 17 16 -13 18 25 20 21 23 -22 24 -20 27 -27 -14 -2 -3
right_child=1 3 7 6 5 -7 -8 8 -10 -11 -12 15 13 -15 -16 -17 -18 -19 19 -21 22 -23 -24 -25 -26 26 -28 -29 -30 -31
leaf_value=-0.0097349104186753212 -0.0017244701391381293 0.00092435989281747732 -0.0064422620826128461 8.068320745673964e-05 -0.002357802982099142 -0.0077827927059300993 -0.0016141331985341971 0.016690969162669773 -0.0047957199447343788 -0.0018137626989311875 -0.0084162033517375407 0.015869793989689868 0.00072827180670241034 -0.00087762904536978496 -0.0042983771422161077 0.00035741391922608143 0.0024245503298009692 0.0023041689643761541 -0.0023638515996319701 0.0041155323925240912 -0.00083531331508057227 -0.00032483596922414147 0.0056730828142343287 -0.0038642340459892521 0.0031641907346563799 0.001270891394000218 0.0043749164176183439 -0.0029316352185619972 0.0075103276828842507 -0.0028643487226156115
leaf_weight=514.41323778871447 2922.45232318528 364.92615208774805 154.03861634247005 5938.2080623991787 399.6836763843894 299.60375351086259 2297.420434968546 30.622161956503987 66.403326032683253 44.162546215578914 43.882207935675979 25.615794748067856 1174.5469304025173 3141.7330477535725 199.10011786222458 31297.573683783412 683.61047280579805 1249.9730117619038 448.26032656431198 313.46214699745178 137.61588859558105 1987.0222290456295 181.89009845256805 781.25716364383698 182.19916903972626 2552.6706473231316 471.11877650022507 304.10787051916122 35.5450599193573 496.75087779760361
leaf_count=31514 10995 3693 4440 40856 4890 4958 17866 498 1874 933 323 88 1083 1983 78 27103 3478 578 224 156 108 959 129 381 96 1089 189 192 16 6141
internal_value=-4.85979e-05 5.25528e-05 -0.00719641 -0.000823538 -0.00288007 -0.00484326 -0.000435782 -0.00297798 0.000778145 0.00580447 1.59544e-05 0.000232097 -0.000131235 0.000201446 0.000541687 0.000414924 0.00294027 0.000641221 0.00039671 -0.000467823 -0.000856833 -0.00122272 0.00300818 -0.00248113 -0.000754296 0.00117212 0.00175778 -2.18614e-05 -0.00160897 -0.00127613
internal_weight=58739.9 57930.2 809.64 9840.48 1560.96 699.287 8279.51 295.227 141.188 74.7847 5982.09 48089.8 16083 13125 9983.22 32006.8 709.226 9784.12 8534.15 4031.71 3718.24 3398.74 319.506 1411.72 630.459 4502.44 3023.79 1478.65 2958 861.677
internal_count=166911 127652 39259 78727 19682 9848 59045 7745 3305 1431 41179 48925 18256 7245 5262 30669 3566 5184 4606 2053 1897 1660 237 701 320 2553 1278 1275 11011 9834
cat_boundaries=0 1 2 3 4 5
cat_threshold=34368 2466 8220 2 20488
is_linear=0
shrinkage=0.03


Tree=250
num_leaves=31
num_cat=2
split_feature=22 0 22 21 23 6 7 23 11 23 2 21 19 11 11 12 12 7 22 11 11 11 23 11 0 12 2 12 12 19
split_gain=47.4011 13.5546 9.37531 4.54932 4.43282 4.2329 3.52942 8.391 6.05593 3.91823 3.7007 4.48923 4.0482 3.91075 3.9348 10.145 5.88556 6.24527 4.87697 4.59966 6.05015 4.98785 3.63513 3.48548 3.74006 6.20973 3.41186 3.34407 3.33044 4.51443
threshold=0.017903129084484874 0 0.00462405472870902 0.13363062095621173 0.020654105936722362 1180.5000000000002 0.3535533905932739 0.1731306403094113 0.51297097409535064 0.20595625184747268 1.5000000000000002 0.33945074168055706 0.31250000000000006 0.99761913169647187 -0.17647087149565668 0.92519182738459482 -0.49812626372919411 -0.85355339059327373 0.064489017076622315 -0.33425342068356556 -0.52032787705993211 -0.75015329512557194 0.075652963888258026 0.24372619187392155 1 -0.93543596745397617 4.5000000000000009 -0.93543596745397617 -0.99983123799342477 0.93750000000000011
decision_type=2 1 2 2 2 2 2 2 2 2 2 2 2 2 2 2 2 2 2 2 2 2 2 2 1 2 2 2 2 2
left_child=2 28 -1 5 -4 -3 10 -8 9 -9 11 13 22 14 15 16 17 -5 -17 20 21 -19 -13 -16 25 -25 27 -6 29 -2
right_child=1 3 4 6 26 -7 7 8 -10 -11 -12 12 -14 -15 23 18 -18 19 -20 -21 -22 -23 -24 24 -26 -27 -28 -29 -30 -31
leaf_value=-0.011066507443571313 0.008062961936218237 -0.0037876594065588136 -0.0059545007671162192 -0.0033734326119913565 -0.010295816394874573 0.0063821820864364016 -0.0023198660259015269 0.027127406200534575 -0.0027754782066750278 0.0067055453303596115 -0.0009361714824344359 0.0034735224369373541 -0.010060325380182722 0.013558910898892591 -0.0046598453781940647 0.0053893588816916627 0 0.019601535837312941 0.029676769279608585 -0.0013358477350057288 0.0276546218378802 0.0020408164752014103 -0.003070772849060141 0.027478436335015476 -0.0013734466918423212 0.0031164801528252382 -0.0097848014690725873 0.0037098563312567808 0.00027387285285338241 9.9746279033839048e-05
leaf_weight=294.19246356096119 115.67407517135143 729.96047435328364 511.22941700182855 34.655419517308474 16.579765786416829 37.482495803385973 1784.7724293600768 16.344393983483315 22.997328415513039 20.242204174399376 3350.4503568671644 118.69341869652271 46.733389090746641 24.614475697278976 118.25490274466574 14.226440910249947 294.33203895576298 23.606371842324734 18.044539730995893 20.44991510361433 21.769633326679468 38.490065133199096 208.76937533169985 9.1212385520338994 225.60503900051117 166.03069864027202 26.558036196045578 113.9486650172621 50069.34927078709 145.61950886249542
leaf_count=21129 236 12737 17724 207 345 340 19210 81 131 101 23234 736 209 172 953 132 2052 185 99 164 163 318 853 64 1567 1498 784 2489 59389 76
internal_value=5.44072e-06 0.000115783 -0.00659364 -0.00108694 -0.00460213 -0.00327549 -0.000831891 -0.00194564 0.00901798 0.0164673 -0.000396374 0.00090636 -0.00188864 0.00194949 0.0016397 0.00363946 0.00239196 0.00745627 0.019634 0.0111089 0.0141941 0.00901659 -0.000677082 -0.00014617 0.00117907 0.00432262 -0.000153112 0.00182048 0.000291613 0.00366522
internal_weight=58638.8 57676.3 962.508 7345.65 668.316 767.443 6578.2 1844.36 59.5839 36.5866 4733.85 1383.4 374.196 1009.2 984.586 465.574 433.303 138.971 32.271 104.316 83.8661 62.0964 327.463 519.012 400.757 175.152 157.086 130.528 50330.6 261.294
internal_count=167378 124907 42471 65206 21342 13077 52129 19523 313 182 32606 9372 1798 7574 7402 3320 3089 1037 231 830 666 503 1589 4082 3129 1562 3618 2834 59701 312
cat_boundaries=0 1 2
cat_threshold=18858 13328
is_linear=0
shrinkage=0.03


Tree=251
num_leaves=31
num_cat=5
split_feature=21 0 13 12 22 16 15 21 21 12 16 0 22 11 23 0 23 0 21 0 18 21 18 10 12 21 20 21 11 23
split_gain=43.5413 18.4305 7.36601 8.05286 6.96819 16.7854 6.57525 8.54839 16.7781 6.14534 6.56198 6.36978 5.90075 5.70238 5.59164 6.06972 5.27702 5.05829 5.69698 4.45173 4.35801 5.10208 17.0834 6.59467 4.40518 8.30253 4.35907 4.2952 14.7628 3.77382
threshold=0.13363062095621173 0 1.0000000180025095e-35 -0.99983123799342477 0.88301361223524477 6.5000000000000009 6.5000000000000009 1.9905621473186046 1.8252823096597433 0.99024581825578073 2.5000000000000004 1 0.10462126096357231 -0.99763297024448894 0.022018422753716876 2 0.025707110758657153 3 1.0088890637018249 4 1.5000000000000002 1.0817247472107663 1.0000000180025095e-35 -0.22252093395631442 0.19969739736768838 0.90883113171480912 0.8303571428571429 2.8389108382124317 0.89787622492179153 0.35599640472521837
decision_type=2 1 2 2 2 2 2 2 2 2 2 1 2 2 2 1 2 1 2 1 2 2 2 2 2 2 2 2 2 2
left_child=1 -1 3 17 5 6 7 8 20 12 11 -11 14 -14 15 -5 -15 -2 29 -3 21 24 23 -23 -4 -26 -25 -6 -29 -19
right_child=2 19 4 9 27 -7 -8 -9 -10 10 -12 -13 13 16 -16 -17 -18 18 -20 -21 -22 22 -24 26 25 -27 -28 28 -30 -31
leaf_value=-0.010824598755762428 -0.0028329010606314114 0.00057655953135445656 0.0020070874879664544 0.00010143859456489713 0.00019994873025834791 0.01815842534405895 0.010449029425929575 -0.0030199636056522246 0.01586865352769562 -0.00011832474503695883 0.0073292067872728723 -0.0047860514863290547 0.0032580865536388365 0.0061517587442009693 -0.00037362883673925626 -0.0035961805797580246 5.7522057589586666e-05 0.0080107919491367724 0.0012489827908244151 -0.0040556686092395331 -0.0011843509320729111 -0.0030655671619988618 0.010465597398230905 0.0071249856168479437 0.00075665124166863649 -0.0059539316648715371 0 0.0074350649621993514 -0.0018372513446661845 0.021862667289494181
leaf_weight=369.5274275187403 40.379256036132574 241.54253494739532 2233.8232698682696 625.56741172261536 19280.25492143631 52.814690351486206 69.182917475700378 399.8300786614418 71.446276366710663 463.30556652694941 58.788165852427483 628.85247136279941 524.94645973294973 127.69289039075375 7060.5112901125103 1105.6667049527168 20970.393846943974 41.294513311237097 46.000624716281891 823.71357044391334 554.00488773733377 223.89007487893105 240.64569556713104 158.78614658117294 1298.8993292432278 189.17982974648476 149.08897298574448 304.33346700668335 310.69997155666351 35.966517686843872
leaf_count=26491 253 3006 5111 7732 8857 14 18 165 29 1489 39 2295 643 482 43338 18278 26859 213 26 17199 399 133 121 100 3348 141 78 92 83 22
internal_value=3.46144e-05 -0.00512527 0.000164085 -0.000141004 0.000543382 0.00147415 0.00131219 0.00119471 0.00152555 -0.000175699 -0.00232675 -0.00285822 -9.40289e-05 0.000172197 -0.00074943 -0.0022775 9.49807e-05 0.00647561 0.00906962 -0.0030046 0.00131827 0.0016283 0.00384914 0.000829627 0.00116488 -9.58628e-05 0.00368243 0.000279085 0.0027458 0.0147327
internal_weight=58701 1434.78 57266.2 31729.4 25536.9 5641.59 5588.78 5519.59 5119.76 31565.7 1150.95 1092.16 30414.8 21623 8791.75 1731.23 21098.1 163.641 123.262 1065.26 5048.32 4494.31 772.411 531.765 3721.9 1488.08 307.875 19895.3 615.033 77.261
internal_count=167054 46696 120358 101669 18689 9657 9643 9625 9460 101155 3823 3784 97332 27984 69348 26010 27341 514 261 20205 9431 9032 432 311 8600 3489 178 9032 175 235
cat_boundaries=0 1 2 3 4 5
cat_threshold=33472 22563 36924 79905 65585
is_linear=0
shrinkage=0.03


Tree=252
num_leaves=31
num_cat=4
split_feature=0 22 22 3 2 0 6 6 6 23 7 22 2 19 23 23 6 6 6 22 23 3 0 3 21 21 23 0 20 21
split_gain=44.2572 12.4738 8.60138 7.37734 5.47598 6.05896 5.45053 4.42222 4.088 5.82167 10.9656 5.98304 4.55418 4.00991 3.83334 4.05996 3.74553 3.66803 3.94899 3.61248 5.36133 4.77021 3.66598 4.54626 13.0079 6.64148 3.61118 3.36499 4.54217 4.03769
threshold=0 0.095268931707681276 0.005264631772324546 1.5000000000000002 1.5000000000000002 1 421.50000000000006 559.50000000000011 1265.5000000000002 0.047745694022289772 -0.85355339059327373 0.049964047204392299 4.5000000000000009 3.9375000000000004 0.18313345419048951 0.21595454545454548 289.50000000000006 397.50000000000006 253.50000000000003 0.091528636359034118 0.068874293012224058 6.5000000000000009 2 2.5000000000000004 0.44393459211681324 0.32802054592305391 0.058968414952187777 3 0.20535714285714288 0.22720778292870306
decision_type=1 2 2 2 2 1 2 2 2 2 2 2 2 2 2 2 2 2 2 2 2 2 1 2 2 2 2 1 2 2
left_child=2 3 -1 7 27 8 16 -2 14 10 -10 -12 -13 -3 -6 -16 -4 18 -17 20 -7 -21 23 24 25 -22 -18 28 -5 -29
right_child=1 13 6 4 5 19 -8 -9 9 -11 11 12 -14 -15 15 17 26 -19 -20 21 22 -23 -24 -25 -26 -27 -28 29 -30 -31
leaf_value=-0.011010420136840065 -0.0049134728387656944 0.00029159671314693569 -0.0038320408800850861 0.0026624179108728531 -0.0030394816302793358 -0.00072750923152427522 -0.0069786152037620754 -0.0015178184513642303 0.031890299427179809 -0.0018273458251920496 -0.002284776838214291 0.00026595123045903115 0.024070353757242063 0.0063276569838825918 0.0085640635398724439 -0.0021474619859859793 0.0015307930369729108 -0.0068277827522893507 0.013284687740409098 -0.0007776374878531849 0.010416883518837572 -0.0072983236091402007 0.00053693494225205501 0.0028859928863253998 -0.0033932291718357876 0.036122458227318709 0.018907323796827621 -0.0021431592153051643 -0.0049058045464853463 0.0011914554827573678
leaf_weight=305.36867309641093 572.00161567144096 48800.191214062274 112.04464344680309 891.3074055891484 1923.5023135356605 1590.4480008054525 308.49803239572793 890.71366439387202 12.655199795961378 216.35663370043039 62.498880844563246 13.435810394585134 16.165342301130295 98.358118057250977 51.805280104279518 38.285783350467682 57.977160546928644 57.353234842419624 22.734713599085808 431.78551808744669 21.868271976709366 132.02621790766716 560.95740321651101 301.46474808454514 29.501346692442894 17.402533158659935 12.574889820069073 586.31869852356613 76.153372034430504 734.21578972041607
leaf_count=22727 8134 50510 3161 5739 15839 15841 11773 11175 100 1109 703 97 111 33 189 165 1619 141 59 1890 143 382 3283 1213 87 64 114 6823 197 3793
internal_value=1.58264e-05 0.000112762 -0.00695928 -0.000897182 -0.000528909 -0.00104236 -0.0045522 -0.00285225 -0.00216363 0.000963072 0.00674579 0.00292088 0.0138235 0.00030399 -0.00265661 0.0016284 -0.000404392 -0.00140299 0.00362692 -0.00015493 0.000328102 -0.00232541 0.00213633 0.00440244 0.0114582 0.0225712 0.00493273 0.000702691 0.00203503 -0.000282937
internal_weight=58946 58149.5 796.463 9250.96 7788.24 5500.25 491.095 1462.72 2414.79 321.112 104.755 92.1 29.6012 48898.5 2093.68 170.179 182.597 118.374 61.0205 3085.45 2521.64 563.812 931.194 370.237 68.7722 39.2708 70.5521 2288 967.461 1320.53
internal_count=167214 127820 39394 77277 57968 41416 16667 19309 18513 2120 1011 911 208 50543 16393 554 4894 365 224 22903 20631 2272 4790 1507 294 207 1733 16552 5936 10616
cat_boundaries=0 1 2 3 4
cat_threshold=34368 18452 65576 65592
is_linear=0
shrinkage=0.03


Tree=253
num_leaves=31
num_cat=4
split_feature=0 22 20 3 17 3 9 20 15 11 11 3 22 19 15 18 6 11 12 9 0 7 23 15 12 6 6 0 12 0
split_gain=49.3702 10.7453 8.30631 8.01272 6.19004 5.35124 7.57266 7.31562 8.81783 5.90066 8.08246 5.89731 5.98979 4.97118 4.69707 5.07434 4.51838 5.95412 5.21592 6.77068 5.99003 4.86613 4.45524 4.42332 4.77845 4.13794 7.02062 5.53074 5.56085 4.90315
threshold=0 0.097364410632518147 1.0000000180025095e-35 5.5000000000000009 1.0000000180025095e-35 1.5000000000000002 -0.8783796973249266 1.2767857142857146 1.5000000000000002 -0.83377653105606597 -0.93545489084327571 1.0000000180025095e-35 0.11490805722190557 1.0000000180025095e-35 1.5000000000000002 1.5000000000000002 517.50000000000011 -0.082689790342551819 -0.44505783185115427 -0.8783796973249266 1 0.3535533905932739 0.25060386473429958 1.5000000000000002 -0.013976481981245173 1305.5000000000002 1045.5000000000002 2 -0.78324956448884031 3
decision_type=1 2 2 2 2 2 2 2 2 2 2 2 2 2 2 2 2 2 2 2 1 2 2 2 2 2 2 1 2 1
left_child=2 3 -1 13 14 6 7 8 9 10 -3 23 -13 -2 15 25 -15 -18 19 21 -20 -19 -6 -8 -25 26 29 -27 -29 -5
right_child=1 5 -4 4 22 -7 11 -9 -10 -11 -12 12 -14 16 -16 -17 17 18 20 -21 -22 -23 -24 24 -26 27 -28 28 -30 -31
leaf_value=-0.0099257597912643224 -0.0022834047248523372 0.0015669893246384125 -0.0034855895585096759 -0.00076523198745360283 -0.0040895745375782253 0.00034946620044925625 0.0001494579157804315 -0.0043963169346880509 0.010991495480726044 0.00040269834846817418 0.014541263197444993 -0.0085510825165633578 -0.0017973026212688482 -0.0022750940677691961 -0.0081993949593137192 0.010754879313195083 -0.0012950093243398644 0.023767857298801667 0.0021904323232608547 0.0033450990773072199 -0.0053285828564153485 0.0038595156088808017 0.0068670873935726328 -0.005006141156386334 0.0001435859160335473 0.010017097227230386 -0.0027053835536620077 0.015507599699659749 5.3239809585992676e-05 0.0021697511629289738
leaf_weight=497.99388238135725 3489.5944706983864 117.97669456154108 290.00126280076802 811.92697105742991 389.53512109816074 40992.497735053301 3544.4799809232354 149.54386228322983 102.47606755793095 683.88374035432935 68.59848865121603 125.19562071934342 2045.593324445188 891.92364763654768 51.387124784290791 44.956549614667892 909.18946778029203 27.162054069340229 366.91879588365555 262.60728305578232 116.48209624364972 20.266512259840965 35.246743492782116 337.76817049086094 306.749013453722 83.236626356840134 554.347775477916 21.986150488257408 246.40467550605536 1355.2301095463336
leaf_count=31571 41072 205 7680 6110 1476 36592 4756 88 85 1235 116 1034 4120 6890 162 154 6611 149 1995 1730 1097 141 101 236 216 444 3097 87 1088 7157
internal_value=-6.92784e-05 3.23874e-05 -0.0074759 -0.000880072 0.000241521 0.000214713 -0.000522698 0.00174619 0.00270002 0.00170552 0.00642135 -0.000924302 -0.00219333 -0.00154358 0.00069912 0.000850276 -0.000545726 0.000357488 0.00225786 0.0052895 0.000294192 0.0156402 -0.00315235 -0.000264877 -0.00254948 0.00069998 0.000301274 0.00375923 0.00134447 0.00107402
internal_weight=58941.2 58153.2 787.995 9678.4 3594.26 48474.8 7482.26 1122.48 972.935 870.459 186.575 6359.79 2170.79 6084.14 3169.48 3118.09 2594.55 1702.63 793.437 310.036 483.401 47.4286 424.782 4189 644.517 3073.13 2721.5 351.627 268.391 2167.16
internal_count=167495 128244 39251 79561 19876 48683 12091 1729 1641 1556 321 10362 5154 59685 18299 18137 18613 11723 5112 2020 3092 290 1577 5208 452 17983 16364 1619 1175 13267
cat_boundaries=0 1 2 3 4
cat_threshold=34368 26672 20480 26628
is_linear=0
shrinkage=0.03


Tree=254
num_leaves=31
num_cat=3
split_feature=22 23 22 6 0 21 0 18 23 6 13 7 20 18 11 18 12 12 6 20 23 22 3 23 10 14 21 3 0 23
split_gain=46.0643 11.126 7.19667 6.36472 14.3705 11.0353 10.132 8.19605 6.89935 6.67042 9.24134 6.49811 6.27156 6.38982 5.9127 5.82965 5.30515 6.64558 5.25965 7.56477 5.2515 5.49812 5.14322 7.54961 5.13003 4.90269 4.81534 4.47707 4.78143 6.04865
threshold=0.0097673595692717597 0.026385407964355335 0.10462126096357231 1205.5000000000002 0 1.5245821228620813 1 1.0000000180025095e-35 0.67988764044943839 1075.5000000000002 1.5000000000000002 0.85355339059327384 0.90178571428571441 2.5000000000000004 -0.52766804058324157 1.0000000180025095e-35 -0.98801846520836312 -0.99628250747696534 223.50000000000003 0.41964285714285715 0.42349939975990403 0.1313055839932952 1.5000000000000002 0.75887605042016815 1.0000000180025095e-35 2.5000000000000004 1.4177675885225083 2.5000000000000004 2 0.28850937619594341
decision_type=2 2 2 2 1 2 1 2 2 2 2 2 2 2 2 2 2 2 2 2 2 2 2 2 2 2 2 2 1 2
left_child=-1 2 -2 6 5 7 9 24 14 16 -11 15 13 22 -9 18 17 -3 19 27 21 -20 23 -6 25 -5 -24 -8 29 -29
right_child=1 3 -4 4 12 -7 11 8 -10 10 -12 -13 -14 -15 -16 -17 -18 -19 20 -21 -22 -23 26 -25 -26 -27 -28 28 -30 -31
leaf_value=-0.0093912878218596497 -0.0022077720322312912 0.0003941361732025259 0.0038722866423424492 0.0019916942304769036 -0.0042057950956386663 -8.2656693661852041e-05 -0.0020331967636933856 -0.0040029063360610753 0.0023545422010371264 -0.0017017855539056728 0.0021147183414033104 -0.0037559537871246404 -0.0030332258278396979 0.0048113063491398329 0.0011678644289767469 -0.0025629590655464897 0.00044552223984260125 -0.0036850649494989799 -0.0015424493289991422 -0.0060640679911499584 -0.0079481436050388918 0.00039430443489802362 3.2899095840365745e-05 0.003757858837742419 0.0053348510051923715 0.009517658341059318 0.0087947819723857151 0.0072447888067987565 -0.00044975134270469716 0.0013053317296375824
leaf_weight=465.90355715341866 2565.7016622796655 807.86372027173638 186.47610455751419 1223.3819850087166 550.91056824102998 2254.2222487926483 177.8582681119442 342.37006030976772 1684.527867436409 3031.0994334444404 701.36907228827477 679.41339993290603 711.29435271024704 233.86372561752796 470.12966150045395 1260.5648267362267 29729.592361971736 643.00457339733839 2727.6108588948846 106.646857380867 88.345292076468468 2546.0340762957931 3688.6990551669151 131.3421196937561 1022.5507001727819 82.918873846530914 56.355985045433044 344.89365065470338 243.70114227384329 284.68343691527843
leaf_count=31206 38707 937 606 2621 2092 802 944 484 511 4643 376 4516 381 125 594 3335 32384 774 20933 122 150 5724 8860 93 2136 70 31 1297 1397 428
internal_value=-5.51267e-06 6.9195e-05 -0.00179238 0.000161108 0.000758911 0.00164541 -1.03998e-05 0.00245711 0.00125875 0.000215227 -0.000982644 -0.000941316 -0.000410633 -9.45424e-06 -0.00100585 -0.000695517 0.000358907 -0.00141087 -0.000333199 0.001498 -0.000729922 -0.00060638 -0.000266485 -0.00266066 0.00373835 0.00248092 0.000168663 0.00227597 0.00316179 0.0045035
internal_weight=59043.3 58577.4 2752.18 55825.2 12452.6 7080.1 43372.7 4825.88 2497.03 34912.9 3732.47 8459.75 5372.47 4661.17 812.5 7780.34 31180.5 1450.87 6519.77 1157.78 5361.99 5273.64 4427.31 682.253 2328.85 1306.3 3745.06 1051.14 873.278 629.577
internal_count=167279 136073 39313 96760 18800 7218 77960 6416 1589 39114 5019 38846 11582 11201 1078 34330 34095 1711 30995 4188 26807 26657 11076 2185 4827 2691 8891 4066 3122 1725
cat_boundaries=0 1 2 3
cat_threshold=12434 84259 5256
is_linear=0
shrinkage=0.03


Tree=255
num_leaves=31
num_cat=4
split_feature=0 22 22 6 13 6 9 2 0 8 19 6 6 20 9 9 22 7 20 22 12 12 6 6 6 0 0 22 8 22
split_gain=40.8993 9.50354 9.09884 7.51443 7.52839 6.64612 7.38783 7.00474 5.86723 5.81721 9.99357 5.69904 5.62414 5.58859 8.05502 4.68963 5.25652 4.31675 4.13953 4.01707 6.4549 4.01698 3.99984 4.32349 7.80364 8.67255 4.80867 6.02068 6.86054 5.63558
threshold=0 0.005264631772324546 0.060743049864530378 1180.5000000000002 1.0000000180025095e-35 415.50000000000006 1.0000000180025095e-35 1.5000000000000002 1 0.85355339059327384 0.18750000000000003 457.50000000000006 469.50000000000006 0.026785714285714288 -0.8783796973249266 0.87837969732492682 0.036828488909259563 1.0000000180025095e-35 0.026785714285714288 0.0239265175543532 -0.20180761162458913 0.14888728888808328 151.50000000000003 571.50000000000011 391.50000000000006 2 3 0.091528636359034118 1.0000000180025095e-35 0.097364410632518147
decision_type=1 2 2 2 2 2 2 2 1 2 2 2 2 2 2 2 2 2 2 2 2 2 2 2 2 1 1 2 2 2
left_child=1 -1 3 4 8 6 -3 -8 11 12 -11 13 21 14 19 -13 -17 -10 -5 20 -2 -6 -4 24 -24 -26 27 28 -25 -29
right_child=2 5 22 18 9 -7 7 -9 17 10 -12 15 -14 -15 -16 16 -18 -19 -20 -21 -22 -23 23 26 25 -27 -28 29 -30 -31
leaf_value=-0.011083350437390635 0.0017896217347440314 -0.0057453763335029075 0.00097751395506404343 0.0053313252752788653 0.00098783793576030093 -0.0069132165182437819 0.016212760599204238 -0.00047055878283536992 -0.0025656959116079061 0.00061965100187794532 0.041221993145086087 -0.00023611762196320505 -0.0019900547941521345 -0.0066914298433447409 -0.0023244306344257768 0.0021530508959876848 0.01812928525081366 -0.0061641148692776499 -5.0059351341596709e-05 0.0050775765916783308 0.049534031022083737 0.023262237533853401 0.00023176692023126698 0.01297621769109231 -0.00075107340343543946 -0.0043295862393404596 0.0003977130121114754 -0.0042070107630388645 -0.0036214387641232558 -0.00054107492743340156
leaf_weight=295.4960037348792 4.9265586659312248 89.786818767897785 5481.7399657256901 144.7765786908567 14.668324667960407 305.96297650691122 36.894099782221019 54.513796617276967 703.75137753225863 13.106759916990997 8.7808613665401918 534.47924034297466 91.2639673165977 242.82964185997844 182.00119738839567 61.103206939995289 26.519963651895523 537.26387841813266 1077.3564779013395 17.467837605625391 5.1910245232284087 14.95652002841234 8514.1775634214282 56.362070679664612 4537.1170727685094 697.73319105058908 32550.556873787194 466.7868140116334 35.439621403813362 1985.6213192306459
leaf_count=22656 82 2763 8103 1615 97 11907 702 1399 11258 148 63 5044 531 2884 2707 699 113 11383 7971 226 92 113 14771 247 6119 4188 37664 2487 231 9179
internal_value=1.84877e-05 -0.00674555 0.000111114 -0.00133198 -0.00228797 -0.00422294 0.000299905 0.00630082 -0.00270223 0.0043608 0.01826 -0.00103334 0.00166588 -0.00360353 0 0.000812375 0.00720611 -0.00409907 0.000586363 0.0147993 0.0290776 0.0128217 0.000209035 0.000122647 -0.000328069 -0.00123963 0.000299399 -0.000953548 0.00653414 -0.00124272
internal_weight=58788.6 782.654 58006 3680.44 2458.31 487.158 181.195 91.4079 2315.53 142.776 21.8876 1074.52 120.889 452.416 209.587 622.102 87.6232 1241.02 1222.13 27.5854 10.1176 29.6248 54325.5 48843.8 13749 5234.85 35094.8 2544.21 91.8017 2452.41
internal_count=167442 39427 128015 45026 35440 16771 4864 2101 34488 952 211 11847 741 5991 3107 5856 812 22641 9586 400 174 210 82989 74886 25078 10307 49808 12144 478 11666
cat_boundaries=0 1 2 3 4
cat_threshold=34368 67616 283 9
is_linear=0
shrinkage=0.03


Tree=256
num_leaves=31
num_cat=5
split_feature=22 0 6 6 0 0 0 12 20 23 6 20 23 12 21 6 12 20 12 22 22 23 0 10 12 2 18 22 12 22
split_gain=43.6257 11.853 8.57454 7.70935 9.292 6.81643 6.00139 5.3759 5.25565 5.18355 4.90927 7.9433 5.58472 8.8532 5.26776 7.14705 5.27071 5.16419 6.50267 4.9345 5.31188 4.67868 4.64636 8.14843 4.46165 7.74366 12.5011 9.19075 18.2803 15.0044
threshold=0.0097673595692717597 0 1155.5000000000002 403.50000000000006 1 2 3 0.9989598388634241 0.15178571428571433 0.034118625277161869 553.50000000000011 0.61607142857142871 0.56426576217079016 -0.14250536273956091 1.1393207918942305 331.50000000000006 0.88917497572200743 0.18750000000000003 -0.99983123799342477 0.10070289018693793 0.084558093781379184 1.4087273881307525 4 1.0000000180025095e-35 0.14888728888808328 2.5000000000000004 1.0000000180025095e-35 0.93524945171900331 -0.57077231802681661 0.95417551034446801
decision_type=2 1 2 2 1 1 1 2 2 2 2 2 2 2 2 2 2 2 2 2 2 2 1 2 2 2 2 2 2 2
left_child=-1 10 3 5 -5 8 7 -4 -3 -8 11 -2 13 -13 15 -14 21 19 -19 20 -12 -16 23 -15 25 26 27 -20 29 -29
right_child=1 2 6 4 -6 -7 9 -9 -10 -11 17 12 14 22 16 -17 -18 18 24 -21 -22 -23 -24 -25 -26 -27 -28 28 -30 -31
leaf_value=-0.009224156686223511 -0.0013705963292583623 0.0015607672974542884 0.0020154033879774044 -0.0013226421188602079 -0.004380145078250239 -0.0025454067119878966 -0.0046972192481112597 0.021879285456435138 -0.0022277314832707899 0.00011400288043126388 0.0034232873343233096 -0.00077707639547830941 0.0017858696937871343 0.014173103498607032 -0.0016610687316492212 -0.00063358224536008429 0.0019147387869266682 0.0069431536485584835 0.0018612344136491826 0.0036960046186848001 -0.00051640318583223038 3.2939201197834032e-05 0.0021761188375829265 0.0034235949246976391 -7.2674528849326625e-05 0.00010717952155110189 0.00028473857201693641 0.016290643298108531 -0.0010553026192716202 0.0054096170249480413
leaf_weight=457.43697383254766 3770.7925631403923 1605.4147049859166 1138.2975990660489 3484.4079792797565 1214.5743783228099 753.22900650277734 239.27606943622231 11.47789368778467 412.65184286981821 1236.6391986235976 456.34227375686169 535.87240743637085 2635.6820664405823 104.56682533025742 3048.9699237942696 1878.6228953003883 693.66396832466125 134.01837432384491 2398.2716144323349 833.63814634084702 937.09549124538898 2814.6392838954926 428.73379194736481 166.50569039583206 13095.283917412162 9598.56057497859 3983.1728081703186 161.84675651788712 256.24834436178207 396.83461397886276
leaf_count=31198 11759 11607 8201 25517 20411 9097 3932 78 1534 6344 1939 611 1260 116 1751 1035 316 91 2646 2226 3889 798 454 168 10409 7096 2126 74 165 226
internal_value=-5.66398e-06 6.65655e-05 -0.000867648 -0.00138703 -0.00212711 -0.00012969 0.000604417 0.00221848 0.000778552 -0.000660115 0.000261985 -0.000165911 0.000202784 0.00211486 -1.02496e-05 0.000777771 -0.000553707 0.000475568 0.000371892 0.00186978 0.000771048 -0.000847024 0.00433585 0.00735868 0.000341997 0.000665665 0.00140962 0.00280167 0.00555628 0.00859598
internal_weight=58882.8 58425.3 10096 7470.28 4698.98 2771.3 2625.69 1149.78 2018.07 1475.92 48329.4 16078 12307.3 1235.68 11071.6 4514.3 6557.27 32251.3 30024.2 2227.08 1393.44 5863.61 699.806 271.073 29890.2 16794.9 7196.37 3213.2 814.93 558.681
internal_count=167074 135876 86721 68166 45928 22238 18555 8279 13141 10276 49155 18268 6509 1349 5160 2295 2865 30887 22833 8054 5828 2549 738 284 22742 12333 5237 3111 465 300
cat_boundaries=0 1 2 3 4 5
cat_threshold=2466 73753 5133 28688 256
is_linear=0
shrinkage=0.03


Tree=257
num_leaves=31
num_cat=0
split_feature=22 22 23 22 13 19 12 22 3 23 12 12 8 12 19 15 18 16 19 12 17 23 22 8 17 10 22 21 14 18
split_gain=42.116 12.1825 6.67986 5.71894 7.21529 5.36859 4.04599 5.89685 3.99531 3.80804 3.72837 4.1859 6.0695 3.74657 6.20289 8.72518 6.41385 12.3062 5.27773 5.18936 5.76944 9.51726 5.11778 6.23924 7.50853 6.09977 5.66921 7.31927 4.83295 4.61903
threshold=0.0078229775924323116 0.060743049864530378 0.022514150544901582 0.049697549984171425 1.5000000000000002 1.0000000180025095e-35 -0.074115882986646633 0.055239694623859872 5.5000000000000009 0.028653530377668313 -0.99983123799342477 -0.98801846520836312 -0.35355339059327379 0.81304046271159414 2.6875000000000004 6.5000000000000009 1.5000000000000002 4.5000000000000009 3.9375000000000004 0.79253265336324141 1.0000000180025095e-35 0.80493902439024401 0.9927430448035357 1.0000000180025095e-35 3.5000000000000004 1.0000000180025095e-35 0.94234376052844826 2.1731461800422895 1.5000000000000002 5.5000000000000009
decision_type=2 2 2 2 2 2 2 2 2 2 2 2 2 2 2 2 2 2 2 2 2 2 2 2 2 2 2 2 2 2
left_child=5 2 6 4 -4 -1 -2 8 -8 -5 -3 12 -12 18 15 16 17 22 19 29 21 -21 23 25 -25 -15 27 -27 -24 -13
right_child=1 10 3 9 -6 -7 7 -9 -10 -11 11 13 -14 14 -16 -17 -18 -19 -20 20 -22 -23 28 24 -26 26 -28 -29 -30 -31
leaf_value=-0.0099653805647567841 -0.0014950897260727813 0.0034871119412289752 -4.017600179175479e-05 0.0062200632187389589 0.021324824750007708 0.0086053251606638664 -0.0059243394241586056 0.01240602801192359 -0.00020911495976004584 -0.0045468142259857854 -0.00317566820290519 0.00023764442304802244 3.1861231354758063e-05 -0.0006905951721816355 -0.010551560184591992 0.0092326736414315592 -0.0019386971979423412 0.010591088148476948 0.0070790079629109472 0.0024617634289029037 -0.00024586704101424125 0.013943896725576803 0.00048886719735435468 -0.0017008799436654602 0.0095416398833586685 0.0021087206541734135 -0.0029218365687038884 0.013385384226947036 0.0047389072480727079 0.002903888947032487
leaf_weight=416.84731405042112 766.08979963324964 302.99769000709057 1997.3934808280319 30.674851883202791 13.325328662991522 13.419402889907358 649.92550599388778 16.905982751399279 135.22256640717387 389.39678829908371 814.64464626461267 41107.062805972993 1510.7062181457877 1932.6219711899757 52.128764450550079 85.153233051300049 1850.3120760545135 97.039630532264709 103.1517333984375 224.17569756880403 246.13169856369495 91.8835768699646 861.37682884931564 2803.5614372976124 53.375658988952637 1225.5408924594522 191.13016563653946 53.410800218582153 335.56246668100357 592.70999556779861
leaf_count=29987 13222 448 20517 378 53 573 13469 180 2321 3512 1343 61857 2230 4090 24 23 944 39 30 695 175 45 490 7217 25 2819 119 26 205 174
internal_value=-1.29208e-05 5.57969e-05 -0.00154212 -0.000553849 0.00010896 -0.00935366 -0.00306888 -0.0045609 -0.00494918 -0.00373343 0.000173105 0.000154415 -0.00109014 0.000210305 -0.000326423 -0.000268513 -0.000356157 3.09085e-05 0.000331331 0.000314552 0.00317606 0.00585218 -0.000107118 -0.00045161 -0.00148547 0.000414848 0.00187166 0.00259443 0.00168834 0.000275754
internal_weight=58963.9 58533.6 3998.93 2430.79 2010.72 430.267 1568.14 802.054 785.148 420.072 54534.7 54231.7 2325.35 51906.3 9541.21 9489.09 9403.93 7553.62 42365.1 42262 562.191 316.059 7456.58 6259.64 2856.94 3402.7 1470.08 1278.95 1196.94 41699.8
internal_count=167230 136670 53652 24460 20570 30560 29192 15970 15790 3890 83018 82570 3573 78997 16021 15997 15974 15030 62976 62946 915 740 14991 14296 7242 7054 2964 2845 695 62031
is_linear=0
shrinkage=0.03


Tree=258
num_leaves=31
num_cat=2
split_feature=22 22 0 13 14 21 22 23 1 13 20 22 20 12 11 21 12 13 17 7 11 7 20 8 12 0 2 12 17 16
split_gain=41.2008 9.27778 9.19254 5.37601 4.6949 4.33195 4.81408 7.77809 3.67103 3.19566 3.49701 6.4556 9.38488 7.09694 5.05473 4.77747 3.9694 6.8324 3.51361 3.18754 5.10643 5.82441 3.11848 2.93257 2.84847 6.45209 3.90332 3.00546 4.89396 6.48626
threshold=0.01679278019124919 0.005666286625885448 0 1.0000000180025095e-35 1.0000000180025095e-35 0.20723205905420547 0.049964047204392299 0.037858312858312863 3.5000000000000004 9.5000000000000018 1.4017857142857146 0.94826290821215797 1.5625000000000002 -0.6523320455745395 -0.099819732675876835 3.633515372553564 0.04621408538533487 1.5000000000000002 9.5000000000000018 -0.85355339059327373 -0.92923668111203805 0.3535533905932739 1.5446428571428574 1.0000000180025095e-35 -0.99983123799342477 1 2.5000000000000004 -0.9292178835113839 2.5000000000000004 1.5000000000000002
decision_type=2 2 1 2 2 2 2 2 2 2 2 2 2 2 2 2 2 2 2 2 2 2 2 2 2 1 2 2 2 2
left_child=1 -1 3 4 -2 6 7 -6 -7 10 15 12 -12 -14 22 18 -15 -18 24 -5 -21 -22 -13 -16 25 -4 -27 28 -26 -30
right_child=2 -3 9 19 5 8 -8 -9 -10 -11 11 14 13 16 23 -17 17 -19 -20 20 21 -23 -24 -25 27 26 -28 -29 29 -31
leaf_value=-0.010650732773927734 -0.0018747061679772051 -0.004136362311809777 -0.0022419418909999699 -0.0037378417877070927 0.0036530106839454974 -0.010959314197383841 -0.0045438663268990084 0.037712958289891171 0.0027229823072075954 -0.0039958462818876338 0.0064454609474311319 0.0022134627714243717 0.0042430433864871957 -0.0038002372317000079 -0.0030117573926386285 -0.0074364792687466102 -0.0018219536551364629 0.0048171311385388979 -0.007262821159691321 -0.0065545062796767443 0.0082446540525308188 -0.0042552777962394641 -0.0001981254366378106 0.00021434698129933381 -0.00081154463197938374 0.0017849432784491125 0.010628795555605768 0.00020762554256652523 0.0046578691466852319 -0.0018777990314819846
leaf_weight=314.74110078718513 3497.5342868100852 541.77397342585027 125.68816974759102 57.325631156563759 14.034447003155949 19.541525427252054 9.710918437689541 10.573685087263582 122.08915576338768 163.27671587467194 405.63868075609207 993.61608552932739 441.45721042156219 230.66828775405884 563.61462914943695 74.17645788192749 344.75053369998932 232.27262580394745 56.74888026714325 33.867040235549212 169.20401291549206 40.428857605904341 929.02885943651199 454.19721502065659 5201.3869218192995 84.053040780127048 101.59583098441362 42976.223534774035 349.22999639809132 221.8072983622551
leaf_count=24307 42997 16849 209 254 240 165 99 93 904 48 148 344 154 87 200 43 143 55 26 193 907 350 325 182 8802 112 109 68651 162 74
internal_value=-1.89913e-05 -0.0065468 7.75429e-05 -0.0013127 -0.00163287 0.00312393 0.0125352 0.0194235 0.000729496 0.000180302 0.000193198 0.000984734 0.00248323 0.00118765 0.000138833 0.000119115 -0.000478095 0.000843847 0.000130799 0.00252607 0.00403454 0.00579673 0.00104556 -0.00156743 0.000139622 0.00299624 0.00634779 0.000121193 -0.000521187 0.00210989
internal_weight=58780.3 856.515 57923.7 3974.31 3673.48 175.95 34.3191 24.6081 141.631 53949.4 53786.2 4595.24 1654.79 1249.15 2940.46 49190.9 807.691 577.023 49116.7 300.826 243.5 209.633 1922.64 1017.81 49060 311.337 185.649 48748.6 5772.42 571.037
internal_count=167232 41156 126076 46202 44498 1501 432 333 1069 79874 79826 1638 587 439 1051 78188 285 198 78145 1704 1450 1257 669 382 78119 430 221 77689 9038 236
cat_boundaries=0 1 2
cat_threshold=78852 2337
is_linear=0
shrinkage=0.03


end of trees

feature_importances:
historical_region_mean=931
slot=814
days_since_start=805
region=746
rolling_mean_56=724
historical_same_slot_mean=658
rolling_std_56=620
lag_1=386
doy_cos=384
doy_sin=276
slot_sin=273
rolling_mean_8=231
lag_16=127
lag_8=125
lag_2=123
dow=100
dow_sin=99
lag_112=97
slot_cos=72
lag_56=65
month=62
dow_cos=42
quarter=5
is_weekend=5

parameters:
[boosting: gbdt]
[objective: poisson]
[metric: poisson]
[tree_learner: serial]
[device_type: cpu]
[data_sample_strategy: bagging]
[data: ]
[valid: ]
[num_iterations: 259]
[learning_rate: 0.03]
[num_leaves: 31]
[num_threads: 14]
[seed: 42]
[deterministic: 0]
[force_col_wise: 0]
[force_row_wise: 0]
[histogram_pool_size: -1]
[max_depth: -1]
[min_data_in_leaf: 80]
[min_sum_hessian_in_leaf: 0.001]
[bagging_fraction: 0.85]
[pos_bagging_fraction: 1]
[neg_bagging_fraction: 1]
[bagging_freq: 1]
[bagging_seed: 400]
[bagging_by_query: 0]
[feature_fraction: 0.85]
[feature_fraction_bynode: 1]
[feature_fraction_seed: 30056]
[extra_trees: 0]
[extra_seed: 12879]
[early_stopping_round: 0]
[early_stopping_min_delta: 0]
[first_metric_only: 0]
[max_delta_step: 0]
[lambda_l1: 0.2]
[lambda_l2: 1]
[linear_lambda: 0]
[min_gain_to_split: 0]
[drop_rate: 0.1]
[max_drop: 50]
[skip_drop: 0.5]
[xgboost_dart_mode: 0]
[uniform_drop: 0]
[drop_seed: 17869]
[top_rate: 0.2]
[other_rate: 0.1]
[min_data_per_group: 100]
[max_cat_threshold: 32]
[cat_l2: 10]
[cat_smooth: 10]
[max_cat_to_onehot: 4]
[top_k: 20]
[monotone_constraints: ]
[monotone_constraints_method: basic]
[monotone_penalty: 0]
[feature_contri: ]
[forcedsplits_filename: ]
[refit_decay_rate: 0.9]
[cegb_tradeoff: 1]
[cegb_penalty_split: 0]
[cegb_penalty_feature_lazy: ]
[cegb_penalty_feature_coupled: ]
[path_smooth: 0]
[interaction_constraints: ]
[verbosity: -1]
[saved_feature_importance_type: 0]
[use_quantized_grad: 0]
[num_grad_quant_bins: 4]
[quant_train_renew_leaf: 0]
[stochastic_rounding: 1]
[linear_tree: 0]
[max_bin: 255]
[max_bin_by_feature: ]
[min_data_in_bin: 3]
[bin_construct_sample_cnt: 200000]
[data_random_seed: 175]
[is_enable_sparse: 1]
[enable_bundle: 1]
[use_missing: 1]
[zero_as_missing: 0]
[feature_pre_filter: 1]
[pre_partition: 0]
[two_round: 0]
[header: 0]
[label_column: ]
[weight_column: ]
[group_column: ]
[ignore_column: ]
[categorical_feature: 0]
[forcedbins_filename: ]
[precise_float_parser: 0]
[parser_config_file: ]
[objective_seed: 16083]
[num_class: 1]
[is_unbalance: 0]
[scale_pos_weight: 1]
[sigmoid: 1]
[boost_from_average: 1]
[reg_sqrt: 0]
[alpha: 0.9]
[fair_c: 1]
[poisson_max_delta_step: 0.7]
[tweedie_variance_power: 1.5]
[lambdarank_truncation_level: 30]
[lambdarank_norm: 1]
[label_gain: ]
[lambdarank_position_bias_regularization: 0]
[eval_at: ]
[multi_error_top_k: 1]
[auc_mu_weights: ]
[num_machines: 1]
[local_listen_port: 12400]
[time_out: 120]
[machine_list_filename: ]
[machines: ]
[gpu_platform_id: -1]
[gpu_device_id: -1]
[gpu_use_dp: 0]
[num_gpu: 1]

end of parameters

pandas_categorical:[["\uac15\uc6d0\ub3c4", "\uacbd\uae30\ub3c4", "\uacbd\uc0c1\ub0a8\ub3c4", "\uacbd\uc0c1\ubd81\ub3c4", "\uad11\uc8fc\uad11\uc5ed\uc2dc", "\ub300\uad6c\uad11\uc5ed\uc2dc", "\ub300\uc804\uad11\uc5ed\uc2dc", "\ubd80\uc0b0\uad11\uc5ed\uc2dc", "\uc11c\uc6b8\ud2b9\ubcc4\uc2dc", "\uc138\uc885\ud2b9\ubcc4\uc790\uce58\uc2dc", "\uc6b8\uc0b0\uad11\uc5ed\uc2dc", "\uc778\ucc9c\uad11\uc5ed\uc2dc", "\uc804\ub77c\ub0a8\ub3c4", "\uc804\ub77c\ubd81\ub3c4", "\uc81c\uc8fc\ud2b9\ubcc4\uc790\uce58\ub3c4", "\ucda9\uccad\ub0a8\ub3c4", "\ucda9\uccad\ubd81\ub3c4"]]
