{"type":"FeatureCollection","features":[{"type":"Feature","properties":{"name":"서울특별시"},"geometry":{"type":"Polygon","coordinates":[[[127.02214829071995,37.6997208220174],[127.0324142885382,37.691839038874726],[127.04862943554828,37.69406226137355],[127.0517981363431,37.6858148464868],[127.0633863131918,37.694921883623124],[127.09599596058983,37.68907104690658],[127.0926944997674,37.64857999351487],[127.11125728398851,37.64237533392683],[127.10406621959581,37.62165311388996],[127.11619333227809,37.61894778380488],[127.11809512146557,37.60547242425238],[127.10114351387524,37.5760709289373],[127.10492928845024,37.556421585556336],[127.17715482863876,37.58120032803303],[127.18353917154177,37.54517039495601],[127.1631627309092,37.54499101097656],[127.14578093977661,37.521941375307804],[127.14113191237908,37.50546377662881],[127.16143108867095,37.50002247972045],[127.14714533170121,37.47722179897961],[127.13285605187727,37.47462645866824],[127.1168948964395,37.45864042153465],[127.10434135861443,37.46217434553484],[127.08785507296487,37.44489387071301],[127.07224980537977,37.442199811541435],[127.06961542955781,37.430611692111725],[127.05345832004603,37.42880858729806],[127.03557372599246,37.439004097845434],[127.03192176568467,37.465518883534436],[127.0150649965327,37.45483188354524],[126.99698554452699,37.46717971600085],[126.96298353095135,37.44029960855669],[126.94022016050745,37.43571237211725],[126.92839869373803,37.450212485076534],[126.90663449172253,37.43359694340164],[126.88626468031083,37.456362515796506],[126.86950267732847,37.4943284018372],[126.8465568595493,37.4816333299397],[126.84503323897347,37.47355891752733],[126.81465604938846,37.47476019094166],[126.82326789220222,37.487907644447304],[126.81301232122506,37.496400259045714],[126.82699050858905,37.50852644025372],[126.82211888581962,37.540677284983985],[126.80719326763626,37.543716129022975],[126.7944237423888,37.535832650042664],[126.76448395898878,37.555369395356436],[126.77784212069545,37.55993305618506],[126.78240829166033,37.5736062075181],[126.8007387495696,37.587839732882806],[126.7999409643932,37.602544661349356],[126.85363177737607,37.571790567151005],[126.87626048539161,37.57818523477585],[126.88526186543075,37.59388967221363],[126.89964366188751,37.58981689102711],[126.91227986298702,37.64431535871456],[126.90481016470824,37.64912804408708],[126.92412291149438,37.646106302483446],[126.94751096505833,37.65918537670232],[126.95710810572574,37.65283722994659],[126.96332878993833,37.63324513322111],[126.95841841881004,37.62946975150265],[126.97536907581623,37.63169817095791],[126.98585532556139,37.64061003938127],[126.97965839053269,37.65603864609282],[126.99401724845113,37.66678312775202],[126.99219764542363,37.67962696011196],[127.00866351690318,37.68444952502072],[127.01541538676437,37.701455283626586],[127.02214829071995,37.6997208220174]]]}},{"type":"Feature","properties":{"name":"부산광역시"},"geometry":{"type":"MultiPolygon","coordinates":[[[[128.82869933734955,35.08996962948658],[128.83516025197935,35.086407885892896],[128.83264298222716,35.05785173440312],[128.84578651951136,35.0594580225084],[128.8511992542531,35.04205241249087],[128.83492047011305,35.01557276057641],[128.83989266649604,34.99747095949631],[128.82853204548385,34.98861948326964],[128.81817396599928,35.004335834306744],[128.8272308991835,35.01361850284595],[128.80468776042508,35.02390447861535],[128.8149579879006,35.02524160428917],[128.80730153028603,35.03281705104613],[128.8123000077217,35.0399842592085],[128.797632005681,35.049077727109214],[128.80332273698104,35.05535034351281],[128.79083534910325,35.05437438038651],[128.79096002765164,35.06168560351297],[128.83239006891765,35.071316365572656],[128.83237964847976,35.0776140857489],[128.81151488477144,35.07758486319552],[128.82869933734955,35.08996962948658]]],[[[128.95929448534375,35.05013896469559],[128.9503280057587,35.08177655244204],[128.95603884739333,35.106438780592875],[128.94882050946586,35.10712959625664],[128.93207453007304,35.073802730731494],[128.939081960133,35.10865190164913],[128.93313477153177,35.11032333628014],[128.93019065584696,35.09272225385286],[128.9132195931897,35.08763838206892],[128.91119077726086,35.07893003242407],[128.89522583987576,35.07892612415523],[128.90562720895284,35.1180564395826],[128.89762749685428,35.120289816109505],[128.88416228135583,35.07932969870996],[128.86924841009457,35.08136118839613],[128.8723976818859,35.082863613497096],[128.870787832967,35.088650053971755],[128.8388854632309,35.082058819368605],[128.83519656291085,35.08841852072899],[128.82068705535576,35.097022951296395],[128.8417004847997,35.105989582474656],[128.83775677579058,35.12398531046931],[128.8021323137244,35.14190154516129],[128.79451966517118,35.15853793387581],[128.82752650490397,35.15558862757369],[128.8673863662962,35.16771486570474],[128.87209641793203,35.162616802127566],[128.86518248479737,35.158185882830615],[128.87630779578356,35.15168359076448],[128.8813917873687,35.16133680802732],[128.87235365780296,35.17227428971299],[128.88114667993673,35.17184523845381],[128.88168089053008,35.182203560232864],[128.8703548119088,35.20155871641412],[128.87898763105366,35.209994551079795],[128.9083578988772,35.21676497756344],[128.9050182578676,35.22007305121041],[128.90931390043934,35.22294374615456],[128.92012804021874,35.216422658627856],[128.94399808520387,35.22832542689494],[128.98970124548322,35.2316762647403],[129.0134843309745,35.273758612416806],[129.0474985266345,35.274213578120545],[129.0583619089777,35.294835534048794],[129.07426637317178,35.290761542749564],[129.08835259859103,35.30261472077869],[129.10856197617116,35.30458064002043],[129.1345872901994,35.3514508251382],[129.1181762915818,35.36903461005661],[129.17613978111237,35.35139800902181],[129.1987624680932,35.36649641788897],[129.19359479526375,35.38208858057543],[129.19936771837598,35.38903744916153],[129.218536288104,35.3789547906518],[129.26552213248237,35.38714429129333],[129.28223140413024,35.36532477229855],[129.27966242511414,35.34137064874476],[129.29993773119435,35.3359683141554],[129.304828765345,35.32988602371056],[129.30574947695467,35.324624445102536],[129.30424733779392,35.3300816290931],[129.3018504865307,35.32024229776828],[129.29145434738848,35.318056134327435],[129.28069618811253,35.326534932444424],[129.26197986561172,35.31544441938622],[129.25559630839092,35.27483742312092],[129.2339564684126,35.26220880164705],[129.25213862235665,35.26021295230353],[129.25342931048382,35.246450095725706],[129.244548801295,35.24426612073792],[129.24990293623938,35.24079881837411],[129.23928606386013,35.221176041374946],[129.22725612754698,35.22428974361671],[129.22199303871517,35.212634164426404],[129.2302256133738,35.198235808031036],[129.224096252725,35.18581615832324],[129.20090175119748,35.179446952289645],[129.194394572486,35.160214557501554],[129.18172376156218,35.15483395339084],[129.164169062176,35.15897922956414],[129.14995749471723,35.15136737718693],[129.15325026683433,35.15803416458885],[129.14631731456288,35.153400011860306],[129.13390847866955,35.162425399561805],[129.13462229762624,35.154836105596274],[129.1184513724918,35.15259266222869],[129.1089173250981,35.13284467996171],[129.11780427216266,35.132114951991646],[129.11685748571094,35.13000777830323],[129.11326443345902,35.126213970138174],[129.11276469020248,35.124974968730065],[129.12243165827647,35.13206252474003],[129.12799275861158,35.110797343957444],[129.12404281532613,35.09925275535374],[129.11049319840563,35.10114540283414],[129.11452462032236,35.0979369634424],[129.10945072518612,35.09153932766038],[129.11060439709124,35.10067217341969],[129.1050964239146,35.091941421486524],[129.09963270129055,35.09118346767796],[129.09520601606454,35.09388030721911],[129.0929620596854,35.10927379080991],[129.0903542553717,35.103617870816706],[129.0749927749293,35.1036242889999],[129.0655125083563,35.10914691673779],[129.07379544858853,35.11676706766784],[129.06553886070003,35.12899934023219],[129.0560698671883,35.11802794002163],[129.05268303543087,35.12570835003514],[129.0486547998429,35.120710495190316],[129.05532647244465,35.11602029966218],[129.04728351923137,35.11657712294381],[129.0379329533428,35.09707917982673],[129.02524256651634,35.09351476641576],[129.0156415148912,35.053216525227676],[129.01058235910773,35.05168773567814],[129.0025206944988,35.086228223538896],[128.99263380867365,35.08014645835126],[129.00140673072846,35.048365581805],[129.00697988453092,35.048947351784086],[128.99249818749573,35.0452254109929],[128.9883706629776,35.057965797048595],[128.97278464339087,35.05687674938201],[128.9827560873833,35.05142038708367],[128.96973075440974,35.04739670887871],[128.97799120319738,35.040206761520366],[128.96559795895453,35.032438943666364],[128.96764569800837,35.043761250440376],[128.95929448534375,35.05013896469559]],[[129.09945459864375,35.091548079190716],[129.1015166562604,35.0916436595954],[129.10326255353598,35.09342615823594],[129.09882516169407,35.09539255178328],[129.09945459864375,35.091548079190716]]]]}},{"type":"Feature","properties":{"name":"대구광역시"},"geometry":{"type":"Polygon","coordinates":[[[128.6960412836524,36.015573348327486],[128.72687792621664,36.003227909723115],[128.73485570829484,35.99295603934055],[128.7309739470314,35.98536143569802],[128.74621025532656,35.9728686278676],[128.73670879972804,35.92957402929761],[128.75693659546423,35.91268363444263],[128.76133223239927,35.88752140085272],[128.75979529418998,35.86607494532021],[128.7507516963533,35.85750873197498],[128.73745356912542,35.85116069423669],[128.72187409452778,35.85694779416847],[128.72507972758893,35.836158570562766],[128.70863734692654,35.82656793858239],[128.71752061389583,35.806847078473346],[128.68250196730435,35.79013130095804],[128.69548563603138,35.75574218388898],[128.69096425387977,35.73088883581245],[128.68323970931894,35.721454443732426],[128.66352370505302,35.720502514107864],[128.6239974730407,35.702296705192076],[128.6139160565601,35.70984087627347],[128.61243466669254,35.738518904838756],[128.58960087702363,35.731503762696896],[128.58241580675866,35.73833344242579],[128.56476718762045,35.73676249042495],[128.5279048674951,35.71274079521916],[128.5317990388664,35.68333411823922],[128.5075511891288,35.67285771487766],[128.50623621235252,35.63955697144094],[128.44647601817388,35.63841361009557],[128.41299870804718,35.61655807423009],[128.37136311624016,35.60941447172455],[128.38837581578707,35.61792828657501],[128.40146041354697,35.639015230255005],[128.35823042427074,35.68079352012515],[128.35179674711554,35.70401563814321],[128.3588782987735,35.70870122966651],[128.41220175681832,35.695841901148995],[128.432146628389,35.70489454662364],[128.4318159130991,35.72559810015625],[128.39124694997963,35.74835267391135],[128.38346927250018,35.760086848407774],[128.42082951598388,35.80935457495477],[128.4704331552507,35.80592233610931],[128.48275579564637,35.815936748022],[128.4810830377874,35.83013312808022],[128.45000155864278,35.84665686952372],[128.3835101740539,35.85283465134426],[128.39897668798204,35.89992652506172],[128.4071287588465,35.90072483535068],[128.42490159361193,35.92804070349798],[128.45033818182017,35.93504165649553],[128.45415527463828,35.94314943773851],[128.47641886715627,35.93443933717815],[128.46837904335263,35.899470833146715],[128.49061697144924,35.89757917605091],[128.50149407053738,35.886765915631514],[128.50768556538776,35.90696204181916],[128.53437507826217,35.93533387119753],[128.52878919727343,35.98038184146571],[128.55333081424817,35.96078037828987],[128.55706575240112,35.972230003196],[128.60287361617594,35.98590060878163],[128.6186696544509,36.006411645288516],[128.6960412836524,36.015573348327486]]]}},{"type":"Feature","properties":{"name":"인천광역시"},"geometry":{"type":"MultiPolygon","coordinates":[[[[126.48207495041588,37.24418826233855],[126.48269982658395,37.24319360339816],[126.48326549325826,37.241873345388186],[126.48260682993691,37.24322563628514],[126.48207495041588,37.24418826233855]]],[[[126.1079847442472,37.27231029912039],[126.11771282837148,37.24786285665617],[126.12799107811578,37.25199422119939],[126.14078746251381,37.23753631036512],[126.16574336973663,37.23065982768945],[126.14359391667843,37.2224769544192],[126.14751209855511,37.21381474362709],[126.11734604064772,37.209182709182734],[126.11132895056996,37.22358541388247],[126.10123571699765,37.22219913846922],[126.10245381009247,37.22993496628234],[126.08473097930535,37.22185856429922],[126.10024010022083,37.27206611455178],[126.1079847442472,37.27231029912039]]],[[[126.48207495041588,37.24418826233855],[126.45881242508248,37.2240485289029],[126.43258816924502,37.23246769766657],[126.42849594921202,37.26257175481258],[126.43611564893396,37.265689616574605],[126.43396086568134,37.27425285411561],[126.44816320351367,37.27202193489199],[126.45036800157183,37.280231989383864],[126.47031407995792,37.28823628805092],[126.4877955772744,37.283194878630255],[126.49756354679256,37.276979193686294],[126.50184377331522,37.25805189571365],[126.47622903055775,37.25349671735877],[126.48207495041588,37.24418826233855]]],[[[126.50276040053843,37.53078962639201],[126.51579507301277,37.53406527928873],[126.52487319009157,37.524931767470285],[126.564863958673,37.51437079907298],[126.58241756171032,37.48919355868119],[126.50631440193229,37.465708204663414],[126.485418849661,37.44447910365201],[126.44231506434289,37.42083305348711],[126.41885918095284,37.42192350570263],[126.41330396006104,37.43521527687746],[126.39998305898581,37.43381172501033],[126.40396133008302,37.439579311941245],[126.39513965334658,37.44606063451401],[126.38079842003627,37.4349810406818],[126.36396141107132,37.44216984274944],[126.37160424211429,37.44718329984554],[126.3562183244406,37.46322762605829],[126.35947233064826,37.473431675588905],[126.3732499044366,37.47187855155826],[126.41833047461806,37.49700443763669],[126.47575908503634,37.49971847559985],[126.49418297131302,37.50779226788249],[126.50276040053843,37.53078962639201]]],[[[126.65554498088474,37.63793838866891],[126.69446850884222,37.62033922124307],[126.70544693890197,37.61205381660397],[126.70468146191645,37.60247463088759],[126.71406736789558,37.60385422639],[126.72546216994375,37.59187463209949],[126.74432404984321,37.59249537050702],[126.75218236624895,37.57971432890787],[126.76766736670146,37.58823160197767],[126.79369544517627,37.581593858784835],[126.77784212058518,37.559933055910804],[126.76448395973051,37.555369396705316],[126.76014484162816,37.51800536891852],[126.74162648271933,37.508825359870166],[126.74241076201584,37.48691444025189],[126.7781972825314,37.47179467991118],[126.7804322329047,37.45497812387767],[126.7706796457779,37.44847223785658],[126.76920609962458,37.427506039290776],[126.75325356568639,37.42270221418585],[126.75160584921127,37.41088799568966],[126.72144855999207,37.382574921519264],[126.68520167854372,37.38670293770759],[126.69563099083406,37.383181118601456],[126.66461097908149,37.35000064198269],[126.65490704228476,37.347365796963715],[126.64202194300313,37.34706028347111],[126.65407909800905,37.34361020288427],[126.61341655542896,37.34736494800931],[126.61027861444873,37.33744039039386],[126.60933836161921,37.343457081115965],[126.59496726538092,37.34332012816327],[126.59399242379367,37.33730389778335],[126.58064153658144,37.33731409243382],[126.59625841030886,37.347247266176495],[126.58295226346453,37.347195508632566],[126.58290859843086,37.35483953176522],[126.63901815129903,37.3549963757518],[126.6219498713221,37.354648198985096],[126.62088100137133,37.3476811007677],[126.64142764163246,37.34773575623507],[126.65152493830196,37.352877568824695],[126.64273722018241,37.35497980768702],[126.65444136018607,37.35590775317504],[126.60990520810597,37.387141484282544],[126.6097379434121,37.41621219318279],[126.59818947573113,37.41607234634073],[126.60405531975194,37.42434183018511],[126.63278730165646,37.426917359203706],[126.6346265638554,37.418072745442466],[126.63733157533161,37.421171421085056],[126.6345813377238,37.43051383010476],[126.61019846284684,37.43010645811136],[126.6141800886408,37.43740263869325],[126.60784809358233,37.44106295290625],[126.618672290034,37.44468603767938],[126.61172032846855,37.45397919182643],[126.59426657880793,37.438314138301315],[126.59339993944448,37.454854888875815],[126.60321677758593,37.45674357338201],[126.59504300257359,37.456859234862904],[126.5924568434166,37.45813643992943],[126.59092316596214,37.46195405722928],[126.6242254952249,37.45767567031577],[126.61422702987814,37.46656554309807],[126.62504652291038,37.46656447494639],[126.612411928306,37.477158424702466],[126.60373720347039,37.46563711898225],[126.59576336121815,37.47307278296058],[126.6063344573474,37.48629605828688],[126.605123164389,37.480107153544026],[126.62515157739581,37.49238066362398],[126.63773857675909,37.482311707169174],[126.62748175117926,37.493353346637655],[126.6406797010754,37.49603867620077],[126.63947314292679,37.50422209555964],[126.60455605547291,37.495878310815556],[126.59654106036255,37.54860749950076],[126.60699846373409,37.55446974022402],[126.58862849268091,37.563961736009354],[126.57484155306976,37.588349706152044],[126.61435599021247,37.6062867274176],[126.62574102731307,37.60259274691934],[126.63719126049969,37.626703160739204],[126.65554498088474,37.63793838866891]],[[126.65256014709779,37.3534769108798],[126.644190376832,37.34761496342888],[126.66283447784936,37.350854585219096],[126.65481855974727,37.355781647806346],[126.65256014709779,37.3534769108798]]],[[[125.70890116772047,37.678688543619984],[125.71654991090853,37.67441226561563],[125.70676476222069,37.66326768348644],[125.68424429461932,37.652824665695064],[125.6780972294285,37.679328345794474],[125.70890116772047,37.678688543619984]]],[[[126.32963733434867,37.74633668783895],[126.3184743773975,37.72999752817409],[126.3193925465275,37.71258036196014],[126.34287004843438,37.697452083910875],[126.36633103299978,37.69459423550699],[126.37897725458801,37.682327440274044],[126.37317680145406,37.66582185250775],[126.34096266617159,37.64409146225743],[126.32565568923285,37.65658919655813],[126.32871855449655,37.67016514310435],[126.31884547046039,37.68194672016941],[126.26935233041657,37.71065306819662],[126.28758215127506,37.713981884808646],[126.2925189846659,37.74469044540916],[126.31797272721266,37.75242430138609],[126.32963733434867,37.74633668783895]]],[[[124.77055147585367,37.77849473519522],[124.76530555393639,37.766495356318416],[124.7518834629238,37.77088491419857],[124.72735803646357,37.760983371794474],[124.74069365581563,37.77816319674676],[124.77055147585367,37.77849473519522]]],[[[126.26637952631884,37.81528381185028],[126.29473172977717,37.80175300942633],[126.32428961854434,37.80819625945217],[126.33130839309295,37.78965079669914],[126.2908370568542,37.76286928196661],[126.27866910751953,37.76887966464838],[126.24826970379684,37.76560047396562],[126.23275309103084,37.75108294989879],[126.20495692123035,37.76852830096997],[126.2221958008215,37.78691308247955],[126.22322007322278,37.80503683106073],[126.2405188485948,37.81730034047995],[126.26637952631884,37.81528381185028]]],[[[126.43875719514885,37.82461629248391],[126.50588537284071,37.7833338438508],[126.51155585682052,37.762340396378654],[126.52642102996504,37.74761576055593],[126.51254944919788,37.71698936489893],[126.52535266116557,37.70188364318476],[126.5169450208561,37.67474314933727],[126.53224148558333,37.66507355542853],[126.52205705713725,37.646150665784134],[126.54395830351022,37.61836868173684],[126.52034756338365,37.61069117722044],[126.51508426853059,37.59685742398703],[126.52377161836542,37.59791044828393],[126.51796254708897,37.59206999224935],[126.52619833980381,37.58664365353305],[126.51725449824659,37.580006976157755],[126.50316474465814,37.59044735142537],[126.51352731184363,37.59349851268542],[126.5129232464019,37.59937629579019],[126.47963125103756,37.60529227171685],[126.46182432801,37.589290628643596],[126.4049929999701,37.59393408110975],[126.37007105864585,37.61349814326017],[126.37753651389464,37.6192846704321],[126.36571020854936,37.63507529242767],[126.39771901729146,37.640065939916255],[126.4110378911868,37.652054485409],[126.40362688420826,37.675789569602806],[126.38805632190544,37.68996433444533],[126.39133636550338,37.6956400885488],[126.35920841233904,37.70357445083784],[126.3513530928989,37.71546776810667],[126.35703307939455,37.74107348665445],[126.34950877219073,37.789714241026076],[126.38695816819333,37.80705542690958],[126.39247160504277,37.823247476727396],[126.41388721094631,37.82188944794],[126.42671419562336,37.83155554400588],[126.43875719514885,37.82461629248391]]],[[[124.71609218697407,37.82559905176358],[124.71609114595061,37.825639669570755],[124.71613073519933,37.82570214408937],[124.71609218697407,37.82559905176358]]],[[[124.71609218697407,37.82559905176358],[124.71787642881104,37.81384244558854],[124.70275500514477,37.804736260981045],[124.69049430677009,37.80819074065377],[124.68521899247756,37.79951347006167],[124.67953214463212,37.802242807805506],[124.6839255350896,37.813860916956635],[124.66250799985957,37.82172845628112],[124.6765356900123,37.819806901411766],[124.70338566339178,37.84968748435283],[124.7277864842828,37.840626578663475],[124.71501863201662,37.83361563370923],[124.71609218697407,37.82559905176358]]],[[[124.68721645986133,37.98049442905462],[124.72179852142422,37.98154640535389],[124.74631896904587,37.959121603759144],[124.7330352410539,37.962287487628416],[124.73011664374015,37.957323365068895],[124.7381956681599,37.9537423974108],[124.70789957065476,37.94455766119766],[124.70000818729481,37.91989790936779],[124.69128374185397,37.91658575215076],[124.63942692379725,37.92388874933306],[124.62581595740342,37.954378296320705],[124.60971767865396,37.96995453168026],[124.61682015465074,37.97953408444864],[124.64057494881996,37.96869933228286],[124.68721645986133,37.98049442905462]]]]}},{"type":"Feature","properties":{"name":"광주광역시"},"geometry":{"type":"Polygon","coordinates":[[[126.76338400861832,35.25651922348385],[126.75525910817434,35.23436123672651],[126.80539043272522,35.21827497876979],[126.87958128576825,35.25152155992977],[126.88953320330775,35.24666850869822],[126.90941983440713,35.258442817290444],[126.92937210416655,35.25241483470501],[126.96553565664333,35.20335954506401],[126.9586242536596,35.19308868661204],[126.968147156731,35.18114273171437],[126.99996890912233,35.188816095062705],[127.02141648348807,35.173038000142206],[127.00774348246355,35.155928691381106],[127.01130021009524,35.125557226649605],[126.9892053321509,35.10987742473747],[126.98895069285446,35.09498758842266],[126.9628064223484,35.08720301879109],[126.95188207956437,35.073156611218195],[126.93229620118422,35.07439232234212],[126.91802841406756,35.091523238045454],[126.8919885689769,35.07795308482888],[126.85560924987976,35.078359530512316],[126.84408498066311,35.06542629652856],[126.80731450050246,35.05102029946565],[126.79522767732452,35.06112215207297],[126.77441725245873,35.05271960401957],[126.76510877551816,35.0643618549842],[126.75673721737171,35.05824441442565],[126.75413845219582,35.06685155771637],[126.7713463632994,35.07018331302879],[126.7618723504983,35.0910330546991],[126.73265603940685,35.11285542786194],[126.66747242485754,35.10512452924236],[126.66910870288044,35.11125796770328],[126.65172349720663,35.12050978737507],[126.6533160563956,35.14395995828655],[126.64497761186632,35.14655554891923],[126.65422288247211,35.16455177949061],[126.67211673117677,35.173089757398344],[126.65320393192,35.192518027362354],[126.67711746793583,35.19104678788776],[126.68705342577476,35.21519405410786],[126.7025561348751,35.20756445054121],[126.7176948712809,35.21238966324122],[126.73724023304037,35.2528853875968],[126.76338400861832,35.25651922348385]]]}},{"type":"Feature","properties":{"name":"대전광역시"},"geometry":{"type":"Polygon","coordinates":[[[127.39892240776403,36.48910466358873],[127.39993281011039,36.45890610866205],[127.40745536395492,36.45480521945139],[127.4358613982396,36.4564450175287],[127.4513305832052,36.449253151398544],[127.47028654427653,36.473663579078774],[127.48403267449552,36.476617493974196],[127.47827845571648,36.45728059106096],[127.50445580208293,36.45189693434617],[127.48972147891861,36.43412517941466],[127.50155457712914,36.408653814606645],[127.52431937690818,36.42343183986958],[127.54228045794464,36.419279192655075],[127.55967899246156,36.39821888949773],[127.53922112129692,36.39789954911622],[127.52493451299569,36.387506564046014],[127.5223955192777,36.35432483678835],[127.5005586085401,36.339294226634934],[127.49897684573848,36.30567287125155],[127.49117725550549,36.29702312551692],[127.49880955833041,36.282814464536564],[127.48604835538839,36.261248473722304],[127.48996984762461,36.23348207640233],[127.4679224922209,36.223037464595116],[127.4696265682908,36.21524316323674],[127.44110168672259,36.194786779977925],[127.40799902239628,36.2128929417252],[127.39927898168098,36.23254278187048],[127.38734289754318,36.23415245978808],[127.38978017533873,36.2627830792761],[127.37762800590468,36.271486494203835],[127.36292220169378,36.269115126623134],[127.36452955432308,36.21981472133481],[127.33403150489698,36.18310005849818],[127.33355037553324,36.2006712975331],[127.32303533503425,36.20372913325976],[127.31526122268697,36.22128808619496],[127.30356655405166,36.22973529062469],[127.29732325499573,36.221524709856354],[127.28183982277626,36.23580303931447],[127.27942346427974,36.2524265726838],[127.29175087527798,36.264688171668006],[127.25877186517843,36.27605058162887],[127.24665299651352,36.290959629730615],[127.25984859178526,36.29565432127998],[127.25976633363753,36.32724814916187],[127.27911807288851,36.34482237145318],[127.27056915722235,36.36085771038103],[127.2810369295096,36.37486360634636],[127.28212371240241,36.41461202987144],[127.34100540419718,36.43096912216175],[127.3586213693065,36.45589556810889],[127.36015125592995,36.48852714735388],[127.38385508731686,36.50023063151507],[127.39892240776403,36.48910466358873]]]}},{"type":"Feature","properties":{"name":"울산광역시"},"geometry":{"type":"Polygon","coordinates":[[[129.1594845651039,35.71585939560544],[129.17645727214477,35.71565538631575],[129.18129279139126,35.723788925134095],[129.19806779607936,35.71451441243829],[129.20710452035974,35.7214201235555],[129.2340076192383,35.70387465634949],[129.25685043744312,35.70070336619333],[129.2625930723334,35.691127112846175],[129.25550370582053,35.660455676727985],[129.29642290824992,35.643512441907056],[129.30448938067184,35.6571743054371],[129.32782069670148,35.65883635694155],[129.35355872615781,35.6793802306364],[129.44978704018808,35.651069277004076],[129.44105377984266,35.6319240001422],[129.46277937630379,35.60689404666857],[129.46465611958433,35.5864051104053],[129.45267382947577,35.57835198335712],[129.45864145479433,35.55784264227963],[129.45351150671226,35.52807713713477],[129.43874580906848,35.52858420544141],[129.4391642865736,35.51984586995201],[129.4499391711462,35.524811944372864],[129.44768937852945,35.50895840321395],[129.43282762004242,35.51096773753476],[129.44355370095963,35.502620639312966],[129.43212341062505,35.49338542775378],[129.44493872230703,35.49211597511694],[129.431288862943,35.478231947667],[129.42518584626526,35.485012261112004],[129.40616937500806,35.4720459905006],[129.40843966606192,35.49325508684224],[129.3957568814857,35.50124626062929],[129.39638568546937,35.513449338457015],[129.37664952446656,35.537993611797866],[129.37244241656762,35.5236117224537],[129.38582883176005,35.516411437176856],[129.3874043766728,35.50187817711189],[129.363204371344,35.50417673473828],[129.37931730865498,35.49987570095233],[129.39086559039413,35.485954025225446],[129.39109613765618,35.478290657407086],[129.38893481904523,35.4875101471721],[129.37482545842542,35.46237707801234],[129.36302283132244,35.46040160904663],[129.3686870769682,35.45423500814448],[129.35451271843374,35.45919336114357],[129.3504697635112,35.46832818475864],[129.33766675453134,35.4821389075206],[129.3311564907333,35.48555101300635],[129.3498948384391,35.44823731286743],[129.35978627962857,35.447911729394185],[129.3552283258981,35.4382629207422],[129.36945315765144,35.448985789846176],[129.3664945461539,35.43704954498804],[129.37364157171967,35.43123855084758],[129.35276701781206,35.42688772244746],[129.36421703471058,35.424809370366745],[129.36391461230946,35.41517019353435],[129.3562576113376,35.41330459254487],[129.3626081085356,35.40651082860622],[129.35396390554,35.402451490588085],[129.34458861129735,35.37810396440543],[129.36084981960855,35.357210478052885],[129.3353269032121,35.3559838425364],[129.31157942092685,35.32950053043724],[129.27966242529786,35.341370647560346],[129.28223140455793,35.36532477179903],[129.26552213275187,35.38714429067908],[129.21853628725367,35.37895479023848],[129.20116989188136,35.38778167660958],[129.21907199592636,35.40768445502736],[129.20015744998284,35.42414774072781],[129.19697791939382,35.4388884407797],[129.16564559562894,35.43212016396898],[129.12176606447088,35.46344269878903],[129.10526757442977,35.496465131922704],[129.0526303684836,35.514472462067815],[129.05582321252035,35.53226752736467],[129.01295538344502,35.5231407607471],[128.99539238610024,35.52782439286851],[128.9965911187793,35.54403528705829],[128.9893478532236,35.55160482416582],[128.9809219869345,35.5463732114998],[128.97236773497315,35.55712263894145],[129.02275488763146,35.59126495791092],[129.02301841721209,35.61343942905364],[129.00791724196586,35.61619166035363],[129.00606462564616,35.62345766819759],[129.02090921593532,35.635083108088104],[129.03696705820343,35.6324617294674],[129.04690108073643,35.65051760718396],[129.08085479958118,35.64325313510232],[129.06715348873502,35.67134646884214],[129.0804648831616,35.69590486751267],[129.13677827047468,35.712864582258305],[129.1420466631695,35.724349688391975],[129.1594845651039,35.71585939560544]]]}},{"type":"Feature","properties":{"name":"세종특별자치시"},"geometry":{"type":"Polygon","coordinates":[[[127.17205661412434,36.7308156314868],[127.20312237557023,36.72614912478065],[127.24802451449123,36.6950683053196],[127.30414733988792,36.68502559536225],[127.30509046856865,36.667569851847766],[127.27565045646033,36.639803673468904],[127.27939744894566,36.63351802331403],[127.29215894539455,36.635640196430295],[127.30660158650572,36.60093821609125],[127.29956170957672,36.586327012101876],[127.32144027362644,36.58377798218586],[127.33808518566265,36.562343274158216],[127.37754879493305,36.56782892999153],[127.37254698336757,36.55972424260349],[127.38388437651975,36.541532740634004],[127.40501266324998,36.537311007177806],[127.40860112993984,36.52369118376823],[127.39763502186219,36.52057828259302],[127.41056225499473,36.496278409176426],[127.39612055427725,36.49172147062538],[127.38385508693773,36.500230631154096],[127.360151255551,36.48852714699282],[127.35862136892771,36.45589556774784],[127.32914910232103,36.42332148758891],[127.26281895710258,36.416734701154795],[127.25079570621944,36.40675840144778],[127.24225929562324,36.418615572198014],[127.19893451127095,36.4398838170172],[127.20473351368781,36.45929023903453],[127.19201740165173,36.4746665138942],[127.19467549918095,36.48959359838972],[127.1770538352768,36.4926039731921],[127.16998970319673,36.50903791393799],[127.18234872958308,36.52143808063452],[127.17424055587941,36.54218951776188],[127.19182686252663,36.54602539060855],[127.18675519612823,36.55294167353716],[127.20775132483307,36.57795949419198],[127.19295597055644,36.58081722633346],[127.19135085302534,36.593937538838524],[127.1558837390755,36.60601103143844],[127.1500533237485,36.619008005681756],[127.16049734939939,36.62445088164694],[127.15316643902662,36.645205583607485],[127.16056873096022,36.656119004835865],[127.15485840608312,36.664274649749515],[127.16412364073703,36.6784975911619],[127.16144490448121,36.69021863045527],[127.15711394498626,36.69565728448553],[127.14174893624921,36.689983826835466],[127.12773391108661,36.70851979204281],[127.15964389553366,36.73284394495652],[127.17205661412434,36.7308156314868]]]}},{"type":"Feature","properties":{"name":"경기도"},"geometry":{"type":"MultiPolygon","coordinates":[[[[126.74268438258082,37.03800103572242],[126.74267678777474,37.038001059318994],[126.74251605592052,37.038079078216285],[126.74268438258082,37.03800103572242]]],[[[126.74268438258082,37.03800103572242],[126.75668090210625,37.05545580125869],[126.67415286015833,37.117160116723184],[126.684718541975,37.119137786844455],[126.67956980022821,37.14314342004322],[126.66029603149053,37.13799299387111],[126.69621237654766,37.151049061691495],[126.6825149961381,37.160470641769415],[126.64982123410952,37.15463958255659],[126.66108754428194,37.16299306198736],[126.65360411479622,37.18104209828635],[126.66001534128127,37.17641898583212],[126.66991732564614,37.18923532091301],[126.64960854882767,37.18353794611726],[126.6608683251618,37.22091996504289],[126.64783810273771,37.24402078041587],[126.6538311195487,37.2694295641953],[126.63273284483515,37.28697989370146],[126.6464480740745,37.27854695379939],[126.66136886790888,37.291381099560816],[126.64796285865694,37.29256558057304],[126.63316360266224,37.28888879885305],[126.62933323762587,37.28490680415347],[126.63291678768026,37.28907060957816],[126.64755331887277,37.29272040184861],[126.66169604804655,37.29254693621895],[126.66175791570035,37.277906623276166],[126.6841996830577,37.28100348817951],[126.67195608512513,37.273182562809296],[126.67961722644203,37.25719778181848],[126.69800517814132,37.26109400856864],[126.73401532875407,37.24939068616258],[126.75626525795423,37.25430855323759],[126.76509875555828,37.24517235345684],[126.77507515025377,37.24741599271715],[126.77638092181274,37.23649027996415],[126.78297159043521,37.22974839940478],[126.77830360264774,37.24579945863215],[126.78956470765755,37.24412990275906],[126.79066149227015,37.26708692172606],[126.81122056122919,37.267628356299184],[126.80475546648745,37.29370370191278],[126.81920830384493,37.290464222205294],[126.82753375537345,37.27734709242083],[126.84277083595532,37.267233939829474],[126.8381025110731,37.276129408905874],[126.81680239975117,37.29804341734051],[126.7676397139641,37.292531024187575],[126.67644891136014,37.320205423158036],[126.67127839583833,37.32903309500179],[126.61617514160234,37.313772892284305],[126.57804814156474,37.29281881345611],[126.58578968070735,37.2909706689543],[126.58386961854566,37.284553822378385],[126.58903311318124,37.29017023565624],[126.60979110486963,37.279381936688694],[126.58921510444706,37.28997383812129],[126.58513636363925,37.285189451531295],[126.62425966403977,37.26404766977359],[126.63678753260741,37.27239647088465],[126.64297166373935,37.26902276113191],[126.63928497577703,37.264473866050714],[126.6414835020104,37.26259590477116],[126.63959974991978,37.26467398085318],[126.64354848997925,37.26767170990186],[126.64268016867119,37.271313363721084],[126.6311672429782,37.28094216212482],[126.64198152047126,37.272838536048035],[126.64355875707673,37.26996808675702],[126.64395167723946,37.26665755542778],[126.63687536296726,37.253624010540015],[126.6546079528013,37.2250702595096],[126.65277973201907,37.19975222889058],[126.64504939578578,37.19224520694923],[126.64679981249989,37.21101603229484],[126.62945994201382,37.218269241654184],[126.6260486087268,37.202398701946066],[126.62203958116424,37.23618844263919],[126.61879971988051,37.22950400078669],[126.58835057949715,37.23331929081155],[126.61520333727732,37.20945392849274],[126.60489757715109,37.2123259792946],[126.60389962266468,37.20968493875496],[126.59945695804245,37.20150854877183],[126.59536340099271,37.198347438301624],[126.6048243299592,37.21241176495837],[126.60129668096705,37.221455225641044],[126.59064376217493,37.21349314679583],[126.57600349401099,37.22077564684111],[126.56243024131737,37.1929629803016],[126.54464726408165,37.20598586544605],[126.5440270190827,37.21499122282533],[126.55710608092278,37.217907126127805],[126.54078130254757,37.228765651377785],[126.56928936655044,37.23698530904471],[126.56099269725944,37.24226068974686],[126.55864305606211,37.26679737639278],[126.53290704451655,37.289079577348275],[126.56167340935102,37.27733888499047],[126.57720320140241,37.29014968373686],[126.5717472978443,37.29776595111399],[126.57785325720077,37.29309602133654],[126.60734543418876,37.31318213421341],[126.69036126356293,37.335255084936186],[126.68850593840008,37.34875644157895],[126.70319947113992,37.351250182532695],[126.73097200631145,37.386568705660885],[126.74201163009528,37.382566650093636],[126.73391598328585,37.38907753700003],[126.7439288092833,37.39836100570095],[126.77704191923654,37.391868600641104],[126.77986442780204,37.3948085509273],[126.78426997696074,37.39159448651729],[126.79156678759206,37.393114292120536],[126.78784693900796,37.407764132203276],[126.78447627011376,37.39214145668071],[126.78013806162527,37.3952341178226],[126.76648004851072,37.39496329893111],[126.74900443752948,37.403587692769605],[126.75325356568639,37.42270221418585],[126.76920609962458,37.427506039290776],[126.7706796457779,37.44847223785658],[126.7804322329047,37.45497812387767],[126.7781972825314,37.47179467991118],[126.74241076201584,37.48691444025189],[126.74162648271933,37.508825359870166],[126.76014484162816,37.51800536891852],[126.76620435742983,37.55424237567195],[126.79442374304126,37.53583265128432],[126.80719326779176,37.54371612833133],[126.82211888561298,37.54067728557008],[126.82699050942098,37.50852643963278],[126.81301232084788,37.49640025944332],[126.82326789207937,37.487907643842945],[126.81465604893813,37.47476019222172],[126.84503323891856,37.473558916968244],[126.84655685958006,37.48163333120845],[126.86950267814478,37.49432840235667],[126.90298757631854,37.434067619565134],[126.9283986946123,37.45021248551224],[126.94022016128086,37.435712373339335],[126.96294293035015,37.44028045810513],[126.97457956204858,37.454412875691716],[127.00367535864628,37.4677203868314],[127.01450961754941,37.45486122896642],[127.03460314176108,37.46417394090841],[127.03557372661676,37.43900409719051],[127.06569800820779,37.42915810264331],[127.07224980662805,37.44219981098453],[127.08785507379594,37.44489387113507],[127.10434135847622,37.46217434595795],[127.11689489762583,37.45864042185997],[127.1574020680974,37.48908854195824],[127.16121949212558,37.500395273600176],[127.13996581231865,37.50864088423144],[127.16316273049847,37.544991011567085],[127.1835391723026,37.54517039564217],[127.1771548281805,37.58120032730928],[127.1049292897392,37.556421585993014],[127.10114351494269,37.57607092928877],[127.11809512231281,37.60547242448591],[127.11619333194815,37.61894778424233],[127.1040662194942,37.621653115073684],[127.11125728366376,37.64237533418824],[127.09269450096893,37.64857999462562],[127.09599596018137,37.689071047239835],[127.06338631284999,37.69492188484199],[127.0517981360114,37.68581484765464],[127.04862943683732,37.69406226268048],[127.03241428866143,37.69183903951266],[127.02702219253754,37.70111540708069],[127.01541538636053,37.70145528488818],[127.00866351764209,37.684449525641874],[126.99219764507868,37.67962696146529],[126.9940172492396,37.666783128208],[126.97965839154993,37.65603864546725],[126.98585532680842,37.64061003958493],[126.9753690754751,37.63169817207531],[126.95841841843499,37.62946975268323],[126.96332879095274,37.63324513450133],[126.95710810643837,37.65283723058115],[126.94751096490558,37.659185377273914],[126.92412291124656,37.6461063037367],[126.9048101642497,37.64912804534364],[126.91227986250577,37.644315359926146],[126.89964366139284,37.58981689131172],[126.88526186643104,37.59388967269961],[126.87626048612833,37.57818523407839],[126.85363177816902,37.57179056840718],[126.80258140129479,37.60503275131527],[126.79369544517627,37.581593858784835],[126.76766736670146,37.58823160197767],[126.75218236624895,37.57971432890787],[126.74432404984321,37.59249537050702],[126.72546216994375,37.59187463209949],[126.71406736789558,37.60385422639],[126.70468146191645,37.60247463088759],[126.70544693890197,37.61205381660397],[126.69446850884222,37.62033922124307],[126.65742209730311,37.6379548614814],[126.63719126049969,37.626703160739204],[126.62574102731307,37.60259274691934],[126.61435581345086,37.60628711392822],[126.59155603569161,37.59303265119737],[126.57795102538347,37.60500615429813],[126.55983489343109,37.601141697107316],[126.53148367870915,37.65480048224597],[126.54415992624484,37.66292297136523],[126.52682694690304,37.674251698534135],[126.53346757256863,37.69395924700176],[126.52168027260882,37.716557998045175],[126.53099546809845,37.74823708719866],[126.5183403291204,37.762790308733145],[126.52450031184628,37.7684553490522],[126.51799769431912,37.77706894557435],[126.52278317322818,37.790098159781465],[126.57534518080807,37.76270390614689],[126.59377256576823,37.761156395381455],[126.62550256091579,37.77913677964855],[126.66262250654893,37.78069984389012],[126.67135243641783,37.834779305852024],[126.6593232441439,37.8403032285562],[126.6795746587088,37.84603034588649],[126.69212941167892,37.86850642412734],[126.67258824831416,37.87012469355387],[126.67204489115082,37.878051146365],[126.6820398177185,37.879783434663],[126.67013629699333,37.88802590641778],[126.6827766642751,37.91286049391227],[126.66599639746539,37.91906089001058],[126.67099027023647,37.955177723409385],[126.68730696068394,37.95719714106956],[126.70371489565902,37.97484077213377],[126.71939400228479,37.964952088109094],[126.73687780418976,37.96603553710386],[126.75835099647459,37.9836601272488],[126.78356883625229,37.98172771689585],[126.79008325012408,37.99895347143324],[126.81684470533625,38.00258632512923],[126.82600180634472,38.02423709218513],[126.8554091413742,38.032088228616296],[126.8525346612011,38.05310298401096],[126.86956927610319,38.07776546916501],[126.85606957253903,38.099660911886986],[126.86236951480723,38.10832922120762],[126.88266668007547,38.11589353199428],[126.9047031626029,38.13789270871592],[126.92785159058404,38.12731363051932],[126.96640600863289,38.13739051944074],[126.96797936499138,38.147460289652805],[126.94943532779669,38.16234160205236],[126.96559799254297,38.17110253970971],[126.96653343511863,38.19895167165696],[126.98365476875183,38.21059852309106],[126.98174452119817,38.227345028384406],[127.00471247548768,38.2215103841483],[127.02044994908918,38.24582792349486],[127.03657199433482,38.24980190726257],[127.0417962263365,38.259112345516044],[127.06620726312406,38.263652560779654],[127.07810965064107,38.27897139042735],[127.1032114511064,38.28078750596526],[127.10140474284253,38.27367876750036],[127.11077025619599,38.270786538312585],[127.11234562182803,38.238140883013855],[127.13115662692957,38.232753536069254],[127.14892257260871,38.24234375687885],[127.16329360203805,38.23848137509685],[127.15971372592452,38.21954632369831],[127.171166328591,38.213492639012635],[127.16970011930852,38.19765158793483],[127.17885546567013,38.18772275847475],[127.18924153933997,38.188227414828226],[127.18893153375745,38.16181940071782],[127.21919295872547,38.13906460804598],[127.25627954429312,38.163170662695684],[127.26644071855915,38.18043650380558],[127.28313330131719,38.182902320143604],[127.29798988546013,38.17520290896025],[127.28404713907346,38.15948550191891],[127.27581333999123,38.12417576523417],[127.28633626802859,38.11463162738146],[127.3095282160256,38.118275679909274],[127.32067032835673,38.09468376923544],[127.33695838537784,38.08976854749209],[127.33976510811938,38.10129491559203],[127.36594138317196,38.10692988258823],[127.37861376028249,38.118428958490156],[127.40345199163156,38.11296110766999],[127.40552360127579,38.10295391933168],[127.41340849654996,38.10201259504702],[127.43093010848582,38.115362078926495],[127.44516749380517,38.097469667758716],[127.44458372750604,38.05726067603937],[127.4615433528539,38.01285378376067],[127.50392252643678,37.99795329296387],[127.53987715445993,38.00056775508817],[127.545225248864,37.96773180137827],[127.60244478025197,37.95499857144834],[127.6165839651355,37.928265647705786],[127.60584941237329,37.87649219687047],[127.57788654176923,37.87401436774505],[127.52480260131034,37.829671865615616],[127.53735445995409,37.810540567783974],[127.52081449704468,37.79254312408875],[127.54488008673586,37.760074591423695],[127.51121495797355,37.73643451209351],[127.50706717122382,37.72059387722686],[127.51180037088466,37.71571506630716],[127.5272048675817,37.72685951510513],[127.54251137762706,37.71986389988433],[127.55660217292905,37.72922660041601],[127.56186269630908,37.720071675906986],[127.55063947659366,37.687042187770416],[127.55281588523754,37.66152834645853],[127.53565507666119,37.65069464251201],[127.5379368975214,37.641478391006586],[127.559402449621,37.62849660332715],[127.60621612420744,37.650793580912335],[127.64698792926255,37.632736800493824],[127.65153164492341,37.62293864793543],[127.66384545793309,37.623796480671416],[127.70789503403958,37.5863531112046],[127.75410574465069,37.5920648723118],[127.78443814194755,37.5781185740604],[127.7940802248331,37.585254629928656],[127.81413011920841,37.56415202428304],[127.84811314078996,37.55033387931032],[127.84202294366524,37.53890089651346],[127.80958058379697,37.53786222284185],[127.78549607508859,37.51331081208976],[127.75990472449381,37.50326630361554],[127.76003488043618,37.49289072873014],[127.77468903750514,37.491746345751295],[127.80048420697253,37.471250948518886],[127.80400590072952,37.428849286876385],[127.79457162629762,37.42434552041368],[127.77665843441879,37.383325899617766],[127.7789362986201,37.37077132147283],[127.75948248921682,37.36729107325516],[127.7589942636738,37.33123218783271],[127.76831985148198,37.306693222706826],[127.74988255075463,37.29715947236423],[127.76048462273937,37.272900670493314],[127.74688265518012,37.2399733035262],[127.7489349632367,37.21833589472021],[127.73525627936539,37.208066691694846],[127.72640685369254,37.182540476090374],[127.71690409475232,37.18342971958073],[127.70678021495989,37.17033255607774],[127.69548408708954,37.1404221425378],[127.67021249645049,37.136108011185236],[127.62831455897684,37.15528638504782],[127.63776772630803,37.14119002919917],[127.63453072589058,37.099831507709936],[127.61194320491605,37.08725417955135],[127.59510786304867,37.08799279343031],[127.60471836799042,37.068779418209424],[127.5779767476246,37.075341042541154],[127.5649579696012,37.06059029546897],[127.56954254702859,37.04816991505607],[127.55683436548024,37.04124688276107],[127.51826138607272,37.0583970727103],[127.49984264253138,37.04763614373111],[127.46821171230116,37.05348651075333],[127.4568572240301,37.04221331378245],[127.45836811245289,37.02047387043505],[127.44708882857945,37.010885491164615],[127.39270053494623,36.99701039621563],[127.38497189254355,36.983636682551996],[127.4015340527299,36.96767809238952],[127.387267511213,36.96446340611527],[127.37565790336183,36.94865962344145],[127.3496305609398,36.952793621337264],[127.32681216189744,36.93593603591829],[127.29563385544448,36.93128665249889],[127.30336477134117,36.91639036667995],[127.2902976663991,36.89432820091333],[127.2531319625751,36.92243637215662],[127.24404861040455,36.91759861522834],[127.21045076185503,36.93053896809356],[127.2021440152432,36.9517106627794],[127.14448359040084,36.97114028447111],[127.11154367300962,36.97128073424401],[127.0965056879264,36.959339718146445],[127.10299942603243,36.953160238893574],[127.0957639425241,36.94237432359608],[127.0862120488126,36.94773790369525],[127.03104086880269,36.92808926380979],[126.99518142102582,36.93535945182557],[126.90970527878991,36.901601846279355],[126.89923074119756,36.92990166431731],[126.88708530755136,36.93626709765699],[126.86742640017644,36.93327022392985],[126.85895285046722,36.950701343105166],[126.85390455377792,36.948306018222475],[126.85886150225167,36.94208612682338],[126.84960857682906,36.94646786665412],[126.82603013984792,36.985986784895395],[126.820806737596,36.98475585673551],[126.81295444581087,36.98731565277449],[126.8233979960614,36.99126918212163],[126.7889474008374,36.995188952891404],[126.77885568152551,37.007429520008074],[126.79763314029638,37.01413102874322],[126.79459718269582,37.026475383892915],[126.75057713875044,37.02971150641563],[126.74268438258082,37.03800103572242]],[[126.75678547197677,37.056012243022906],[126.7708909753152,37.064387438780734],[126.76163737259573,37.06812502346187],[126.77080967317212,37.10160387603956],[126.75828664324072,37.111421736273684],[126.76040941092191,37.11792680184906],[126.77655638861765,37.13221962048558],[126.79500285307732,37.12875322324891],[126.81659593722264,37.143353897345094],[126.80009460563605,37.15389699802988],[126.78174275688754,37.15225387395042],[126.79781361157413,37.16233234937065],[126.7923004708856,37.17323645625025],[126.80064985140844,37.196165507078554],[126.77750148773714,37.16520456905691],[126.74716770693288,37.167582301196134],[126.72694977512741,37.13872524071243],[126.68404696264615,37.114610189643145],[126.75678547197677,37.056012243022906]],[[126.85594927661728,37.26991854793712],[126.85743774253127,37.27266591181366],[126.86473041713487,37.27241356642207],[126.87457105916863,37.27583288155118],[126.87530840584806,37.27739911511097],[126.85285215093694,37.272383570532355],[126.84391413180616,37.26748499314594],[126.84539891615803,37.259891021561316],[126.85594927661728,37.26991854793712]]]]}},{"type":"Feature","properties":{"name":"강원도"},"geometry":{"type":"MultiPolygon","coordinates":[[[[128.73060178567076,38.00709728317819],[128.76412186620783,37.97996428725906],[128.763194603841,37.96631343215736],[128.7891513958723,37.94538208387352],[128.79033084688382,37.933648683171846],[128.83171195061087,37.9041286408732],[128.83023576190325,37.884172936563985],[128.8772165178454,37.84095726526081],[128.87918486242242,37.829443600195525],[128.95713785096223,37.77125302900729],[128.9514073712799,37.7673790709922],[129.05540649928648,37.675422114330665],[129.0569758422194,37.658749975177116],[129.04594052057257,37.63538482315392],[129.0637691421124,37.623299092362224],[129.05418820409366,37.62136639722691],[129.11502367057764,37.57894716678862],[129.1217534965337,37.55789674054994],[129.1206168654463,37.53922607120377],[129.11708145817363,37.551696928430225],[129.11221111348755,37.549390777176754],[129.11547715552825,37.54024286014551],[129.1147306282448,37.53618493622514],[129.13510048926145,37.5049186996281],[129.14901046169993,37.49755849108181],[129.13558899943314,37.504067320952956],[129.13618221293774,37.496423679323264],[129.12440957419926,37.49068833281906],[129.1448897211877,37.4967896724962],[129.1413386278152,37.49288495898625],[129.1875153569627,37.45591383822943],[129.19764969905117,37.415818287566495],[129.25730597030426,37.37984311365589],[129.25082049421377,37.363023233066095],[129.2669938544575,37.343333580732086],[129.27034122607634,37.32159289986008],[129.29729209828753,37.31109288387472],[129.30042607913103,37.29286631506397],[129.32911818774375,37.28039539519695],[129.32772955947235,37.263437046777035],[129.3566546250546,37.23565242067626],[129.341371762029,37.225945330926905],[129.34748426764835,37.212106305399246],[129.34324567285114,37.174871931626875],[129.3584536918299,37.16658532063103],[129.35189280607818,37.16421461354141],[129.36394282022783,37.146244032473994],[129.32482985762607,37.14228621872924],[129.29459162467307,37.11436511545827],[129.27123827138203,37.11638056876184],[129.26599270647972,37.1023240131338],[129.225377709111,37.073720113342894],[129.23801243748272,37.0386653102155],[129.2253141332172,37.04455999489359],[129.18540948714264,37.04171908083635],[129.16613638665416,37.069157801843225],[129.09625112501578,37.100414653995834],[129.07042034332318,37.08822244927804],[129.05740396909798,37.06505100566075],[129.03666832496398,37.07617102063451],[128.98861386442468,37.08437443565132],[128.9592743853552,37.077576641014254],[128.94566317653303,37.09377790258109],[128.92331552694836,37.092116952666174],[128.8964196874656,37.044515657014045],[128.87854418464002,37.05325513240525],[128.87247945211325,37.04394526221324],[128.84687476286518,37.051606614995244],[128.82938357529207,37.07845906012354],[128.80787113032454,37.076004643234235],[128.7994233614046,37.08694425976121],[128.7802822760808,37.09234272313809],[128.76535607788728,37.06403453026152],[128.7565520857035,37.068631836931125],[128.75232021317422,37.05593439948521],[128.76254456260008,37.03785656851258],[128.75097589815047,37.02810180351949],[128.73461836599407,37.04022779909555],[128.70040356737238,37.04082755821737],[128.6890734677299,37.05305455653475],[128.62984589997978,37.074116888131286],[128.62264232384743,37.08740182018254],[128.6064045627978,37.076670233741154],[128.6016230283813,37.08305668644466],[128.59184744165066,37.07815524393225],[128.56170214348123,37.09023627237299],[128.53813095757613,37.089627007680626],[128.5311657038825,37.10001435097479],[128.5141702609554,37.10372559022402],[128.4965835902835,37.12575946628793],[128.47780592422473,37.1101549155271],[128.43523550887878,37.11127014700824],[128.4247004519393,37.102464006264405],[128.41847330899122,37.119814458775714],[128.39600247458085,37.12859407131405],[128.40087428909757,37.146876320925706],[128.38410209644644,37.15797777991211],[128.35971534885076,37.15022082169189],[128.33709310296476,37.15785242820935],[128.29623430314587,37.134107677251],[128.26444154174234,37.16041506456498],[128.28111416059642,37.17340246574622],[128.29807280297433,37.17165940191765],[128.29562354842253,37.1832883381907],[128.32638747641528,37.197291082776815],[128.33218344582278,37.21390322642469],[128.3165856408521,37.22339073831132],[128.26840122160777,37.20791509982117],[128.25093333006018,37.22958236205026],[128.22924385799107,37.227566600722696],[128.20779919326864,37.248823012730696],[128.1740986102841,37.23260505840255],[128.17306865492432,37.21906465180384],[128.1644801237856,37.21345671130031],[128.12532223896505,37.234537319013846],[128.10869886665046,37.20566886991471],[128.04107353166103,37.188990522519966],[128.028298044624,37.20232335612719],[128.03875481890518,37.21603704145859],[128.02301522042976,37.22563352143332],[128.01825682696423,37.24571385769282],[127.97191483570228,37.25637836200493],[127.92172424675225,37.22538230777104],[127.93625929813369,37.188766868810745],[127.92632699117522,37.16552734927454],[127.90863336215642,37.167124323865174],[127.8988942513378,37.149804537891384],[127.87205003829347,37.16434397291821],[127.86129919645073,37.155348304638466],[127.8535420593798,37.16033208179001],[127.84687987633595,37.1528069661945],[127.78782809857776,37.144236375530326],[127.75707415587215,37.16920178607755],[127.74410065593297,37.209546979687254],[127.74688265518012,37.2399733035262],[127.76019239414603,37.26825077643391],[127.74988255075463,37.29715947236423],[127.76831985148198,37.306693222706826],[127.7589942636738,37.33123218783271],[127.75948248921682,37.36729107325516],[127.7789362986201,37.37077132147283],[127.77665843441879,37.383325899617766],[127.79457162629762,37.42434552041368],[127.80400590072952,37.428849286876385],[127.80048420697253,37.471250948518886],[127.77468903750514,37.491746345751295],[127.76003488043618,37.49289072873014],[127.75990472449381,37.50326630361554],[127.78549607508859,37.51331081208976],[127.80958058379697,37.53786222284185],[127.84202294366524,37.53890089651346],[127.8480761713624,37.55230202190986],[127.81413011920841,37.56415202428304],[127.7940802248331,37.585254629928656],[127.78443814194755,37.5781185740604],[127.75410574465069,37.5920648723118],[127.70789503403958,37.5863531112046],[127.66384545793309,37.623796480671416],[127.65153164492341,37.62293864793543],[127.64698792926255,37.632736800493824],[127.60621612420744,37.650793580912335],[127.57934949305307,37.63297818073992],[127.54866881719984,37.632998872398524],[127.53565507666119,37.65069464251201],[127.55281588523754,37.66152834645853],[127.55991207701221,37.72857664420597],[127.54017196892524,37.71945791999629],[127.5247048456156,37.72646830189621],[127.51180037088466,37.71571506630716],[127.50614812606462,37.72415265497314],[127.51121495797355,37.73643451209351],[127.54488008673586,37.760074591423695],[127.52081449704468,37.79254312408875],[127.53735445995409,37.810540567783974],[127.52459197194277,37.82500143332814],[127.52731687383023,37.836457968941914],[127.56329232876433,37.856448037498744],[127.57788654176923,37.87401436774505],[127.60584941237329,37.87649219687047],[127.61714123274649,37.9063618939428],[127.61206564059854,37.94059996288568],[127.60041756821347,37.956536807938164],[127.545225248864,37.96773180137827],[127.53987715445993,38.00056775508817],[127.50392252643678,37.99795329296387],[127.4615433528539,38.01285378376067],[127.44458372750604,38.05726067603937],[127.44516749380517,38.097469667758716],[127.43093010848582,38.115362078926495],[127.41340849654996,38.10201259504702],[127.40552360127579,38.10295391933168],[127.40345199163156,38.11296110766999],[127.37861376028249,38.118428958490156],[127.36594138317196,38.10692988258823],[127.33976510811938,38.10129491559203],[127.33695838537784,38.08976854749209],[127.32067032835673,38.09468376923544],[127.3095282160256,38.118275679909274],[127.28633626802859,38.11463162738146],[127.27581333999123,38.12417576523417],[127.28404713907346,38.15948550191891],[127.29798988546013,38.17520290896025],[127.28313330131719,38.182902320143604],[127.26644071855915,38.18043650380558],[127.25627954429312,38.163170662695684],[127.21919295872547,38.13906460804598],[127.18893153375745,38.16181940071782],[127.18924153933997,38.188227414828226],[127.17885546567013,38.18772275847475],[127.16970011930852,38.19765158793483],[127.171166328591,38.213492639012635],[127.15971372592452,38.21954632369831],[127.16329360203805,38.23848137509685],[127.11356975704942,38.236818060526346],[127.11072945808382,38.270975264190895],[127.0950373212392,38.28108076734428],[127.11106521555762,38.29566127695988],[127.12746915720768,38.298981656834016],[127.132153571177,38.31363757286996],[127.15547244021288,38.30402615486472],[127.24236390691598,38.33313457145901],[127.28545860263097,38.32645302913114],[127.29950249894729,38.312913427849935],[127.34436017731862,38.32865796582565],[127.36196139437152,38.32406129582595],[127.38135215713439,38.33714710442793],[127.44579065865996,38.31673140034863],[127.45821855269925,38.3266504084893],[127.49696568621071,38.299559311372086],[127.57791918211514,38.3363837340423],[127.60904515416335,38.33674558807738],[127.61609371996741,38.32640143235766],[127.633515121291,38.3227859034564],[127.6840227875336,38.32401100994737],[127.70040611179888,38.33615797088893],[127.71507552468395,38.32931631025463],[127.74516543571578,38.342725666215976],[127.75104470179593,38.333872234463165],[127.76934001248684,38.33523809410195],[127.78242003231443,38.348999096192316],[127.79733692902376,38.32305549720545],[127.82173878012277,38.30378765101903],[127.87486417371208,38.31689279330782],[127.88846799602702,38.30876520447177],[127.92679170324175,38.30938097637084],[127.95822431476034,38.30021958361957],[127.98580414365128,38.27347667184651],[128.00256375640353,38.2755106571414],[128.01596573707457,38.289886734648015],[128.0182117600216,38.31418619963309],[128.0687632689045,38.30996315805283],[128.11533793401935,38.33662384634231],[128.13585204821163,38.3330073687151],[128.1454676192432,38.34276597393824],[128.15775393399753,38.34254760724483],[128.19198208581972,38.37288584800594],[128.21245122381282,38.37014583353207],[128.23061587387653,38.398636232360865],[128.2457461484682,38.4056026975336],[128.24577781518857,38.41451096480623],[128.28344163719672,38.43615716396154],[128.3067246771686,38.478581570502435],[128.30124624430903,38.49067995624747],[128.31319907686756,38.51236282894961],[128.30945820420362,38.59344847459944],[128.3567769526114,38.61370930709446],[128.41084011635115,38.555881259992816],[128.40506454679482,38.54452143764136],[128.4235246431148,38.52268705602461],[128.42099312112185,38.506446570857946],[128.46696729048935,38.450087149539115],[128.45504161223826,38.445205224166806],[128.4566910757509,38.43156784545949],[128.4767964721001,38.402059083763945],[128.51068730885845,38.37316720998069],[128.5127533037174,38.34725070270297],[128.52871483974573,38.332493058885014],[128.52857825295334,38.32128805840264],[128.55120445278885,38.303533772171],[128.54708611579676,38.291249329802696],[128.56025628981345,38.2578528930142],[128.60206816098238,38.2146378632639],[128.60270183458715,38.20769172478574],[128.59450785407603,38.210673006804235],[128.5821347998578,38.19331851051909],[128.59349538957815,38.1915531812689],[128.59341897748408,38.200594268348944],[128.60023244090598,38.2020497538158],[128.61480591539,38.1811109748583],[128.60610552157834,38.17375622332872],[128.61095759630314,38.146105562910215],[128.66849282021812,38.08975487717938],[128.6840429693405,38.057988539372445],[128.72544003533113,38.02378200068209],[128.73618141630456,38.022045663545526],[128.73060178567076,38.00709728317819]],[[128.76320220307673,37.97280545033364],[128.76309953713059,37.972819100105916],[128.76311364415707,37.97276708932529],[128.76320365316852,37.972800253067],[128.76320220307673,37.97280545033364]],[[129.11536472302623,37.54018727835667],[129.11240592780567,37.54019006522681],[129.1135181370797,37.53788024213828],[129.1149341592254,37.5372913104162],[129.11536472302623,37.54018727835667]]],[[[128.8772165178454,37.84095726526081],[128.87722457080753,37.84098869719613],[128.8772234545575,37.8409708222342],[128.8772165178454,37.84095726526081]]],[[[128.72544003533113,38.02378200068209],[128.72542091930023,38.02381408204457],[128.72544662318583,38.023798736679105],[128.72544003533113,38.02378200068209]]]]}},{"type":"Feature","properties":{"name":"충청북도"},"geometry":{"type":"Polygon","coordinates":[[[127.31048747232856,36.72428557182188],[127.32830309769254,36.73455516282287],[127.33920284305502,36.729725187117815],[127.33534700316419,36.75240717021217],[127.35881944184322,36.760575410549436],[127.3855932386224,36.759539634997715],[127.40443929092926,36.74601731253284],[127.42041706497398,36.760837712812126],[127.3954971787835,36.78247753954769],[127.40078711910813,36.79909225051003],[127.35444506305232,36.82947489655761],[127.33453827322697,36.8306665671239],[127.33479610358891,36.856180920813415],[127.30729664095158,36.85970293141001],[127.30788411885962,36.885386755261216],[127.28782886883798,36.893778880057454],[127.30336477134117,36.91639036667995],[127.29496924745145,36.930666545237855],[127.32681216189744,36.93593603591829],[127.3496305609398,36.952793621337264],[127.37565790336183,36.94865962344145],[127.387267511213,36.96446340611527],[127.4015340527299,36.96767809238952],[127.38497189254355,36.983636682551996],[127.39270053494623,36.99701039621563],[127.44708882857945,37.010885491164615],[127.45836811245289,37.02047387043505],[127.4568572240301,37.04221331378245],[127.46821171230116,37.05348651075333],[127.49984264253138,37.04763614373111],[127.51826138607272,37.0583970727103],[127.55683436548024,37.04124688276107],[127.56954254702859,37.04816991505607],[127.5649579696012,37.06059029546897],[127.5779767476246,37.075341042541154],[127.60471836799042,37.068779418209424],[127.59510786304867,37.08799279343031],[127.61194320491605,37.08725417955135],[127.63453072589058,37.099831507709936],[127.63776772630803,37.14119002919917],[127.62831455897684,37.15528638504782],[127.67021249645049,37.136108011185236],[127.68859259788154,37.13554068631895],[127.70678021495989,37.17033255607774],[127.71690409475232,37.18342971958073],[127.72640685369254,37.182540476090374],[127.74412984376977,37.214860864653424],[127.75599702681995,37.170852739948174],[127.78952364456934,37.14340827618419],[127.84739138459604,37.15293593885249],[127.85322521945157,37.16028171408004],[127.86129919645073,37.155348304638466],[127.87205003829347,37.16434397291821],[127.8988942513378,37.149804537891384],[127.90863336215642,37.167124323865174],[127.92464122695037,37.164529940017495],[127.93362553405684,37.17580286198719],[127.93247275708242,37.20698954194299],[127.92172424675225,37.22538230777104],[127.96973771170117,37.25569959346576],[127.98694245206175,37.257841410586195],[128.01825682696423,37.24571385769282],[128.02301522042976,37.22563352143332],[128.03875481890518,37.21603704145859],[128.028298044624,37.20232335612719],[128.04107353166103,37.188990522519966],[128.10869886665046,37.20566886991471],[128.12532223896505,37.234537319013846],[128.1644801237856,37.21345671130031],[128.17306865492432,37.21906465180384],[128.1740986102841,37.23260505840255],[128.20779919326864,37.248823012730696],[128.22924385799107,37.227566600722696],[128.25093333006018,37.22958236205026],[128.26840122160777,37.20791509982117],[128.3165856408521,37.22339073831132],[128.33218344582278,37.21390322642469],[128.32638747641528,37.197291082776815],[128.29562354842253,37.1832883381907],[128.29807280297433,37.17165940191765],[128.28111416059642,37.17340246574622],[128.26444154174234,37.16041506456498],[128.29623430314587,37.134107677251],[128.33709310296476,37.15785242820935],[128.35971534885076,37.15022082169189],[128.38410209644644,37.15797777991211],[128.40087428909757,37.146876320925706],[128.39600247458085,37.12859407131405],[128.41847330899122,37.119814458775714],[128.4247004519393,37.102464006264405],[128.43523550887878,37.11127014700824],[128.47780592422473,37.1101549155271],[128.4965835902835,37.12575946628793],[128.5141702609554,37.10372559022402],[128.5311657038825,37.10001435097479],[128.53813095757613,37.089627007680626],[128.56170214348123,37.09023627237299],[128.59184744165066,37.07815524393225],[128.6016230283813,37.08305668644466],[128.6064045627978,37.076670233741154],[128.62264232384743,37.08740182018254],[128.6282129198806,37.07515610593094],[128.65209649938106,37.06544002038647],[128.63292477158816,37.04050187117038],[128.60843685777004,37.052814518554996],[128.60678837374164,37.04339579054932],[128.5835259272167,37.04373364580574],[128.56837213439724,37.03421943053915],[128.57127277745005,37.01593346146497],[128.5547312195863,36.998286065028324],[128.51547480234268,36.98682342034092],[128.506728110484,36.97008244285689],[128.46716959381047,36.9514503350388],[128.46039549437594,36.93400503440263],[128.44174577266668,36.92736453629443],[128.44474973220747,36.913693503649476],[128.42396974996257,36.87652845043453],[128.4479980993784,36.86438835922491],[128.44903106355488,36.84784214079122],[128.4211434041777,36.81180665902478],[128.38333908647527,36.813757910255895],[128.36408420522946,36.80221565653536],[128.35318101693656,36.81244997002551],[128.31645039241647,36.816661643646675],[128.28247575548554,36.855962777888884],[128.24182569833596,36.872325680085474],[128.23465585495953,36.86283064862087],[128.23702254352543,36.84534591718572],[128.2112515576821,36.846901160433255],[128.21536954495934,36.81200227496376],[128.1531252201321,36.82243523896869],[128.1335711066373,36.832795333396014],[128.12987849636258,36.82514924915457],[128.10987767795703,36.8214704453332],[128.10708082589272,36.80730907368423],[128.09006779450607,36.79663753087373],[128.05963656565407,36.81677269234424],[128.03232468973778,36.74757585547722],[128.06798796870874,36.72223411208055],[128.07038380209127,36.70770461482435],[128.0490287114946,36.70800653369561],[128.01484218748385,36.73019132057906],[128.00193910704104,36.717256808296426],[127.98684825802646,36.71754933364749],[127.95845543884973,36.73684485736128],[127.94952836654114,36.70805016669634],[127.93356917396939,36.70648737194478],[127.9289192129787,36.69083859869071],[127.8938900468972,36.694382492324664],[127.87429289752095,36.68196095580244],[127.90036723118277,36.68220456030851],[127.91770939723551,36.66785446584256],[127.92957195274361,36.6687650769403],[127.93920943907722,36.64706147195507],[127.92524168622026,36.60281420622829],[127.91996218857497,36.60111832622401],[127.90717998512012,36.625812696735515],[127.88965316269238,36.62934905666125],[127.87965833354745,36.65676724896347],[127.86128966110813,36.63556482593131],[127.84675317453409,36.63398888324208],[127.85830351949492,36.6135328442359],[127.84069685413549,36.608294874928745],[127.82099780232633,36.61330699315283],[127.79846686983072,36.60207742478277],[127.80489661917294,36.58138656974927],[127.82447119557432,36.570907478871085],[127.86042274822007,36.56795070019126],[127.87609180370082,36.537015190556914],[127.9024632707992,36.52806962087065],[127.90633632795375,36.50694413505585],[127.87609469060993,36.48836808041119],[127.88196125452595,36.46183892946136],[127.87299431628466,36.42428223413968],[127.88271036941605,36.42217364603592],[127.8629046458718,36.3929679528311],[127.87572240285144,36.39059321107005],[127.8912596849594,36.35966403543422],[127.88260665082318,36.345915495129745],[127.85256372303623,36.32963227054825],[127.8414781730661,36.31000161933152],[127.85211948949733,36.27392410647977],[127.88263554985332,36.273749667204804],[127.90428681200392,36.301453962862595],[127.90810924226986,36.285509546313726],[127.93090725300395,36.27801330365111],[127.96016741994232,36.25237120686636],[127.97056216193533,36.250401039068066],[127.98119086753931,36.26364799784621],[128.00907089892746,36.2720084527209],[128.026224893125,36.26789601048097],[128.04735243013974,36.25655105930218],[128.02990214361085,36.24001298616171],[128.05814614425216,36.201245015340305],[128.0386336725765,36.1941580605293],[128.0097480182622,36.20936206997696],[127.97801613324523,36.1981106626904],[127.98259751312496,36.170559116342844],[127.99719738774235,36.15546719429],[127.98748204239503,36.14738360283871],[127.98778402739971,36.12881849436119],[127.96679581961484,36.11806053951238],[127.96087429153964,36.07033899392149],[127.93629479716076,36.051079055478624],[127.91670671035833,36.05430013760439],[127.90269388713834,36.03910387386507],[127.88483652923249,36.03588940840069],[127.87677397654868,36.02251177410954],[127.8485513264261,36.03972171222585],[127.79944095257243,36.026066046266024],[127.78761896156574,36.01450402303288],[127.7642678035511,36.012429965710986],[127.76160501298934,36.0251788569034],[127.70192551078517,36.03527103341058],[127.68808985649925,36.06274473031289],[127.66977609779664,36.05137454274501],[127.67273573390678,36.041630097635284],[127.66022890937349,36.03854131101576],[127.65442685505415,36.05590289097727],[127.61727469179536,36.09357814605035],[127.61909578456354,36.10888516998423],[127.58948065396574,36.13429691002066],[127.60166451317083,36.16002404134051],[127.59306102863748,36.17737721361396],[127.59777893528177,36.217500141155895],[127.57954880364892,36.232796436990995],[127.54533119791357,36.225513666206886],[127.54986145830311,36.23842436302429],[127.53791797784694,36.242777690670366],[127.5362426882028,36.25123064897632],[127.49257720278914,36.23795395193175],[127.48604835601654,36.26124847408353],[127.4988095582889,36.28281446571563],[127.49117725553796,36.29702312577242],[127.49897684556103,36.305672871471835],[127.5005586085454,36.33929422593694],[127.52239551893028,36.354324836520064],[127.52493451254624,36.38750656530086],[127.5392211222754,36.39789955048422],[127.55967899325847,36.39821889076793],[127.54228045748339,36.41927919402972],[127.52431937760615,36.42343183925158],[127.50155457707345,36.40865381439112],[127.48972147963958,36.43412518068708],[127.50445580293504,36.451896935475865],[127.478278455763,36.45728059176546],[127.48403267455629,36.47661749463203],[127.47028654434386,36.473663579392394],[127.4513305826964,36.44925315272615],[127.43586139805831,36.45644501779554],[127.40208537006602,36.45604053947925],[127.4041441260445,36.481114259764],[127.3961205547975,36.49172147215137],[127.41056225489146,36.49627841083747],[127.39763502200287,36.52057828429476],[127.40860112998266,36.52369118541352],[127.40501266324159,36.537311006938154],[127.38388437648662,36.54153274236463],[127.37254698384831,36.559724242269276],[127.37754879537471,36.56782893161521],[127.33808518568061,36.56234327393532],[127.32144027369074,36.583777983661285],[127.29982091936635,36.585953249182346],[127.30653405490963,36.60138419846485],[127.2921589456716,36.635640196176176],[127.27939744896273,36.633518024994515],[127.27565045691584,36.63980367499702],[127.30509046867992,36.66756985193493],[127.30762518196235,36.682022472651695],[127.2852900690544,36.690671453376645],[127.30839798719903,36.70480548109512],[127.31048747232856,36.72428557182188]]]}},{"type":"Feature","properties":{"name":"충청남도"},"geometry":{"type":"MultiPolygon","coordinates":[[[[126.51955510905317,36.33490609662295],[126.52090715523846,36.335413672248116],[126.5283162173433,36.33548774895951],[126.51630225292554,36.33221124289721],[126.51955510905317,36.33490609662295]]],[[[126.3749422317159,36.54201505966645],[126.386602490205,36.524287585048306],[126.37809708900063,36.51920204251079],[126.40175939766522,36.50546577537476],[126.39895313991904,36.48824075329888],[126.41028678499327,36.49166004832873],[126.40872364790317,36.47455734622926],[126.4174597905349,36.46461983370027],[126.406487876314,36.4531152566074],[126.43189634455433,36.437365388798995],[126.43457168796498,36.41961807051229],[126.42222571918987,36.41007335818106],[126.42746836487245,36.39928954539792],[126.38999291395851,36.42191804530376],[126.3759620983917,36.41175792288455],[126.36234712984827,36.41552088918926],[126.35101625206458,36.425351531506365],[126.36401663322432,36.440585897228964],[126.33030892052584,36.44130369456541],[126.3308563365333,36.46497485468158],[126.3241763843479,36.46819593322868],[126.33021264282235,36.49998685698957],[126.3387336177725,36.50511242382717],[126.32786712043375,36.512333508199546],[126.32774055749024,36.55485195035555],[126.31162203262538,36.58542421770964],[126.32324193994135,36.58343123134283],[126.32251054933093,36.598525443524856],[126.35917518628055,36.6124508596509],[126.37484215051337,36.596558970734726],[126.37513836668644,36.578791311729624],[126.3588199171987,36.57215022706059],[126.37516634849719,36.56452071890833],[126.3749422317159,36.54201505966645]]],[[[126.8063792294367,36.931272159572735],[126.81159920571704,36.92623552651326],[126.81728396710818,36.8964749700093],[126.86251629210739,36.88001497770139],[126.90588880558398,36.88868921750824],[126.91674273601883,36.906208528315474],[126.99518142102582,36.93535945182557],[127.03104086880269,36.92808926380979],[127.0862120488126,36.94773790369525],[127.0957639425241,36.94237432359608],[127.10299942603243,36.953160238893574],[127.0965056879264,36.959339718146445],[127.11154367300962,36.97128073424401],[127.15918128535657,36.969755132522366],[127.15540247941736,36.96442721792336],[127.2021440152432,36.9517106627794],[127.21045076185503,36.93053896809356],[127.27345133815531,36.911452563625275],[127.2845460711657,36.895324227701764],[127.30788411885962,36.885386755261216],[127.30729664095158,36.85970293141001],[127.336494706038,36.854686812298475],[127.33453827322697,36.8306665671239],[127.35444506305232,36.82947489655761],[127.40078711910813,36.79909225051003],[127.3954971787835,36.78247753954769],[127.41295016984195,36.773216509475155],[127.41969848913928,36.75766218725836],[127.40443929092926,36.74601731253284],[127.3863711952085,36.759285379203796],[127.36854973251984,36.761348334474235],[127.33550795394811,36.75264184791827],[127.34253028074761,36.73378562502946],[127.31048747232856,36.72428557182188],[127.30839798719903,36.70480548109512],[127.28526315262242,36.69060604474417],[127.24571086381326,36.69589150663069],[127.2031223759767,36.726149125443506],[127.1646945386025,36.73382187453518],[127.1277657298181,36.708832049140135],[127.141748936343,36.689983828306644],[127.15711394496266,36.69565728463669],[127.1614449047768,36.69021863010819],[127.16412364078225,36.67849759082027],[127.15485840773401,36.66427465129035],[127.16056873084051,36.656119004981484],[127.15316644000474,36.645205585244106],[127.16049734944684,36.62445088179128],[127.15005332386666,36.61900800660631],[127.15588373919812,36.606011032111226],[127.19135085336335,36.593937540331446],[127.19295597206637,36.58081722737865],[127.20775132478902,36.57795949574644],[127.1867551973311,36.552941674260296],[127.19182686402213,36.54602539208774],[127.17424055596918,36.542189519259466],[127.1823487298098,36.52143808121247],[127.16998970475373,36.50903791556907],[127.1770538363186,36.492603974907965],[127.19467550032674,36.48959359898585],[127.19201740281116,36.47466651400706],[127.20473351422655,36.459290240674974],[127.19893451118492,36.4398838175785],[127.24225929606956,36.418615572952426],[127.2507957072552,36.40675840111961],[127.26261276515079,36.416681499574864],[127.28210044359052,36.41499938053749],[127.2810369295068,36.37486360613347],[127.27056915793608,36.36085771156497],[127.27911807374046,36.34482237262059],[127.25976633450243,36.3272481495001],[127.2598485928111,36.2956543215076],[127.24665299603024,36.29095962947974],[127.25877186625883,36.27605058136622],[127.29175087530776,36.26468817104225],[127.27942346528856,36.252426572994864],[127.28183982290281,36.23580304064784],[127.29732325466723,36.22152471119422],[127.30356655413023,36.22973529000076],[127.31526122247391,36.221288087561234],[127.32303533470512,36.20372913462764],[127.33355037505679,36.20067129880131],[127.33169767700456,36.18405551896411],[127.36419690233846,36.21890129371049],[127.36020024675646,36.26221279002162],[127.37246025335207,36.27217851775854],[127.3902577031145,36.26227094727489],[127.38734289827453,36.23415246047127],[127.39927898229647,36.232542782316656],[127.4079990233931,36.21289294115473],[127.44110168795002,36.19478678122012],[127.45559170072747,36.20080079652053],[127.4778571710394,36.22966879007404],[127.53257275677103,36.25088933812988],[127.54943688915769,36.23933171408086],[127.54533119791357,36.225513666206886],[127.57954880364892,36.232796436990995],[127.59777893528177,36.217500141155895],[127.59306102863748,36.17737721361396],[127.60166451317083,36.16002404134051],[127.58943705009978,36.13445511090423],[127.61909578456354,36.10888516998423],[127.61727469179536,36.09357814605035],[127.63829543502092,36.06793987035404],[127.6205509622062,36.06420525104299],[127.61909972488671,36.03917307108993],[127.63053477829837,36.042152380951165],[127.63974825537692,36.032252394592376],[127.61073511302895,36.02534853874003],[127.61866295044162,36.00798197903783],[127.61459364421651,36.00119898347258],[127.58977046968819,36.02604632472209],[127.57453298472628,36.023302416625924],[127.53369144133823,36.04093579476471],[127.53665554334971,35.9964505710769],[127.50888925311578,35.97978123821592],[127.49933641874522,35.98737967608746],[127.48772769068873,35.9782641246846],[127.46836976852289,35.98808743436845],[127.45578622920381,35.98382142660939],[127.43724345214196,36.009332495698594],[127.43455716600364,36.02949512621749],[127.39751325709388,36.01025036908101],[127.37648712620172,36.02292396136178],[127.37364002315215,36.04108876596383],[127.36037151460488,36.054518173439426],[127.36005792179432,36.089380773938736],[127.34768539758285,36.09827182262326],[127.35492077402094,36.10833801005783],[127.33847704047159,36.13049701596973],[127.3228047405336,36.13063168254871],[127.31532187889182,36.11909856115403],[127.301690383266,36.12520363490968],[127.29393504172802,36.11307207479922],[127.27452164347918,36.10742506785079],[127.25213028936467,36.113131336742455],[127.24558596580853,36.100973181225264],[127.2547172691677,36.087443670868105],[127.24870234799762,36.08306647984071],[127.22870121723665,36.098078573565815],[127.2059130865326,36.10059006253],[127.1980423253372,36.08579161209189],[127.18244088274562,36.09469045441049],[127.16877672198113,36.08398058631941],[127.13964962144651,36.08786730384804],[127.13211595017839,36.0668630647743],[127.12269403170524,36.063581834655494],[127.06114886348222,36.088998488130365],[127.05696561258748,36.11508706989128],[127.06300879335946,36.12522328707007],[127.04533354103647,36.13525897456088],[127.04483886635327,36.14608602089652],[127.0240604163479,36.13650346495122],[127.01543703059713,36.14876316441623],[126.98080533233234,36.1479587106798],[126.95662650251546,36.15657043634726],[126.91969152097386,36.136299422654695],[126.89775647530189,36.14268410299807],[126.8877544449982,36.137951414118106],[126.87381158293418,36.110438285348266],[126.8655296964396,36.06092496384832],[126.82109757065435,36.04991852500497],[126.80582172037677,36.03436092538641],[126.74804736965092,36.02575058648411],[126.7364827145305,36.0004319066456],[126.67638087580964,36.00922893904032],[126.66797003599866,36.004249674243496],[126.66170687562155,36.028900316971864],[126.66872538070683,36.03123550003475],[126.64463367379133,36.056777428077446],[126.63116636542804,36.05468257683098],[126.63069586089784,36.0773061498124],[126.61890764382477,36.07753592610861],[126.6467186249141,36.08839618299532],[126.64467843835807,36.09394077917315],[126.63066954607949,36.09150479609148],[126.631736100722,36.09932016766465],[126.62003007916637,36.10229323668441],[126.61168213624623,36.09551183248215],[126.593163393571,36.12682771203472],[126.5700312592706,36.1402629378394],[126.55599321887046,36.12843703225458],[126.53902724618622,36.14788647875711],[126.51550370229232,36.15198136049465],[126.50102912109777,36.14105631450548],[126.5089011959082,36.12942741695868],[126.49420147641777,36.133358054637874],[126.49283636014358,36.15865950179478],[126.5169998090734,36.15896183141825],[126.526180766685,36.16941365677591],[126.52366201491235,36.1852676419307],[126.53784266360641,36.20149439979794],[126.52902045570283,36.23833458933622],[126.54813185127931,36.265107042762146],[126.53472919760986,36.2765569997769],[126.52818149371056,36.29713325964415],[126.51694938725842,36.29903820023366],[126.5043062702244,36.32984322935336],[126.51506749804076,36.32752297309755],[126.56012537201183,36.351022569829645],[126.50107903160935,36.37985367561715],[126.50150001401762,36.382909701648714],[126.50761451519703,36.38357858495684],[126.5080296395429,36.386498765364564],[126.4798437694315,36.38476549140282],[126.48942724016945,36.41497830146695],[126.50022169336229,36.42179204265316],[126.49524835898018,36.425744603337904],[126.53160701802729,36.440964761818634],[126.52562125617162,36.445811370804705],[126.49807831704851,36.43270167356746],[126.50024499361452,36.44485622144464],[126.48670789465581,36.454796618126544],[126.4899568709801,36.468418476606885],[126.47932447571986,36.49156025371163],[126.48207492320404,36.5160925900009],[126.48809673238411,36.52654899034493],[126.4746812178033,36.53830927406765],[126.46625468825243,36.53480670782957],[126.47141665577854,36.559615694379154],[126.46410840026424,36.58349149518297],[126.45527679845634,36.595386616537155],[126.41085779583015,36.60355082874225],[126.41421567226914,36.61496914557969],[126.36572936793655,36.62685334115681],[126.33540576155929,36.61867239414615],[126.31397000053151,36.58838994069749],[126.30688945363427,36.59544586750416],[126.29220761107766,36.58481191963145],[126.28313598109436,36.59388978667094],[126.28880239614975,36.602305441853524],[126.28309197155482,36.62219383369838],[126.28877981042926,36.61511195616302],[126.29783884241968,36.620358752259584],[126.30097210562462,36.63843992840707],[126.28427993912307,36.671711242502546],[126.26550903977768,36.67163272551681],[126.26129907949141,36.69386137051057],[126.27313234422978,36.70353387749585],[126.27060661191561,36.726815678674555],[126.2794203635566,36.729895369423964],[126.26989759562737,36.730241649021835],[126.25147575590042,36.71374958710888],[126.23502542994056,36.7180985876105],[126.23907597051584,36.70291560933135],[126.20923525166384,36.693078670584214],[126.19624839506126,36.674319715159704],[126.15557816343158,36.67778576418695],[126.1468370892443,36.702821210212],[126.16320412912204,36.70795991898626],[126.16614398828028,36.71660236887307],[126.2072553281235,36.70519422622496],[126.222908790524,36.72195755211237],[126.21494815922769,36.72726582088856],[126.20461827882971,36.721826530505446],[126.20217416057545,36.72128321856517],[126.19920203629324,36.7215749583378],[126.21150536368039,36.741012671963134],[126.19633831225195,36.73834064362041],[126.18251062714856,36.74650169862976],[126.1849673097914,36.75326461949058],[126.16639299344435,36.75831699365846],[126.14081930746694,36.75404073904534],[126.14992304793958,36.747997905851584],[126.15048827521073,36.73052097196318],[126.12012159488788,36.70784511902072],[126.13408744693243,36.74845420439616],[126.12208320467387,36.75314685844289],[126.12186277852099,36.764450146855744],[126.11317008331207,36.769104551702284],[126.11159934135543,36.7728115625922],[126.13528819126361,36.775537323714296],[126.13066198618857,36.78709851026031],[126.13868039967035,36.78361873140796],[126.14582780218511,36.79110016747676],[126.14973518272967,36.80355419718062],[126.14301029284788,36.808724398983166],[126.15402585917316,36.8109319906635],[126.14935371214426,36.81697054202989],[126.16068583138272,36.826441200174514],[126.14549106106395,36.83770812115089],[126.15490750609351,36.83802922998027],[126.14985027734656,36.846272252263105],[126.17106751346628,36.84069854103031],[126.1663165755435,36.830562974132945],[126.17452085134624,36.824706545238286],[126.17193976800439,36.811719801850316],[126.18572203303496,36.814453315326986],[126.18716446854536,36.82766115266205],[126.17544855514153,36.83241588094659],[126.19851936979971,36.85570105697043],[126.18379019072017,36.8670283115737],[126.19154547997564,36.8771817191962],[126.17685822978187,36.884543697603775],[126.19749544868002,36.88855587111485],[126.20272048573645,36.9048596671684],[126.21234350713307,36.89951077418257],[126.24936641272122,36.913979926069615],[126.27652124196344,36.89779876113505],[126.2924828699524,36.901088934924516],[126.28419219947466,36.90708514210503],[126.29417823593812,36.92927632523951],[126.28469536414816,36.96326384868684],[126.30171089079978,36.97789730114946],[126.30386481946121,36.967740533552146],[126.29203417599389,36.96285617141376],[126.31022812306855,36.956153302841656],[126.3016635673726,36.94235301184028],[126.30959725194691,36.92963583141693],[126.30034439906325,36.91926874259008],[126.31932462999008,36.90330495583952],[126.31936121055512,36.891980455430684],[126.33072794195148,36.89111646675809],[126.31319902208173,36.88351301098603],[126.29560134323492,36.85279658280251],[126.29460813612452,36.84202752277533],[126.31699047134131,36.83735734200449],[126.28280071793044,36.82505218381659],[126.28729796793986,36.799510442203534],[126.30480625367791,36.81468010967259],[126.33741164722369,36.81623042352932],[126.31781493850826,36.843056730951005],[126.33249932622444,36.863451858579985],[126.34771245567244,36.86083901884043],[126.34320711969393,36.84627160635172],[126.3651060148668,36.82954830128925],[126.35833869956735,36.84912184249714],[126.37190699843975,36.867975543286285],[126.3644937527686,36.87652913598515],[126.39787166989545,36.880639282434856],[126.39604089033239,36.89293310668123],[126.40535036648515,36.89111340848249],[126.40704103582267,36.90166674492563],[126.41346022351365,36.89360021778676],[126.4323777516568,36.901092638938195],[126.41066928172292,36.90816366044203],[126.40468119875067,36.919182727012135],[126.41779560011516,36.92344050967435],[126.41889641002949,36.93740537825028],[126.41615296976987,36.93133054367479],[126.39602707880708,36.93546443754935],[126.38896217069828,36.92676073574085],[126.38026232125996,36.94527109806443],[126.36822144406484,36.94700322671427],[126.35968032128794,36.93880851630668],[126.36197175753287,36.9497365645065],[126.35098963325963,36.952525346297854],[126.35017913137256,36.961445227860175],[126.33314735432293,36.96114931754019],[126.33482746903687,36.97355741675113],[126.34354268783392,36.96672882988138],[126.36347904977613,36.96831567953744],[126.37039365485673,36.960261544659794],[126.38867101329201,36.96980391298908],[126.3759685521489,36.97404980074284],[126.3746262280236,36.982593096702],[126.33054486557802,36.98543876523423],[126.32761117604393,36.9996374329796],[126.3568319886978,37.011516277454504],[126.36149296976593,37.006544576904915],[126.41768908788627,37.01219043576711],[126.4174942029337,37.01729078147923],[126.42080424274373,37.01982276004995],[126.41834746266044,37.01495393042277],[126.45210414852689,37.00682227787793],[126.45440176307366,36.998955161877944],[126.47018204887156,37.006756039110634],[126.46021972515753,37.02016553054639],[126.49833338791548,37.06494267828204],[126.51914796037315,37.059434913473645],[126.54194720219515,37.03505457212433],[126.56124479384968,37.037034117758495],[126.56235757756146,37.028940469859606],[126.63154102836872,37.00215283764348],[126.69484001970108,37.00043699488053],[126.78278102171608,36.97512480083138],[126.79163324872901,36.93699960819466],[126.80246828069298,36.924588353096844],[126.8063792294367,36.931272159572735]],[[126.56311329725455,36.50590100261915],[126.55913874691211,36.52425696683587],[126.56052706477374,36.51090525772768],[126.5532418073121,36.50645267016271],[126.50215324288803,36.531866995866864],[126.48353690358101,36.516864642777584],[126.4879588688802,36.50851578539663],[126.5055413925432,36.52398338322678],[126.5240244061011,36.519588445523546],[126.54054944552452,36.50396550126265],[126.56311329725455,36.50590100261915]],[[126.52615855392659,36.44732291761172],[126.5331544738428,36.440367815527374],[126.5490382468032,36.450021059327554],[126.5558043588961,36.467584110720935],[126.55256815903236,36.452826467056546],[126.56554059346375,36.45207463051972],[126.56837719204297,36.471865742775314],[126.5917066666845,36.469238671737386],[126.61117070791525,36.47950263134804],[126.61864785704486,36.49503325871901],[126.61521626451511,36.48827885580251],[126.58935817295124,36.47524017705069],[126.5614440887275,36.484047258165525],[126.52696660816305,36.45635248790892],[126.52615855392659,36.44732291761172]]],[[[126.37509947335036,36.596679063206025],[126.37489178966047,36.596565466872356],[126.37484215051337,36.596558970734726],[126.37509947335036,36.596679063206025]]],[[[126.37509947335036,36.596679063206025],[126.38020000939885,36.60640861616322],[126.38573521216018,36.60428155174074],[126.38084969561059,36.59155065140971],[126.37509947335036,36.596679063206025]]],[[[126.15820747493213,36.75355768459621],[126.16048907624028,36.74864446608563],[126.15887781009397,36.74679444328131],[126.15736154668886,36.74865172595658],[126.15820747493213,36.75355768459621]]],[[[126.15890123691602,36.75554291472877],[126.15859507630861,36.75399683260982],[126.15820747493213,36.75355768459621],[126.15890123691602,36.75554291472877]]],[[[126.69483278666502,37.00125228572467],[126.69555322887325,37.00152198056835],[126.69484001970108,37.00043699488053],[126.69483278666502,37.00125228572467]]]]}},{"type":"Feature","properties":{"name":"전라북도"},"geometry":{"type":"MultiPolygon","coordinates":[[[[126.69981801757831,35.99574796340624],[126.68426890259599,35.98603582338787],[126.65586463653766,35.98729739000817],[126.65794273440159,35.990541941886626],[126.69981801757831,35.99574796340624]]],[[[126.9952453625077,36.14684508948849],[127.01543703059713,36.14876316441623],[127.02423263467465,36.13649424262732],[127.04483886635327,36.14608602089652],[127.04533354103647,36.13525897456088],[127.06300879335946,36.12522328707007],[127.05696561258748,36.11508706989128],[127.06114886348222,36.088998488130365],[127.12269403170524,36.063581834655494],[127.13211595017839,36.0668630647743],[127.13964962144651,36.08786730384804],[127.16877672198113,36.08398058631941],[127.18244088274562,36.09469045441049],[127.1980423253372,36.08579161209189],[127.2059130865326,36.10059006253],[127.22870121723665,36.098078573565815],[127.24870234799762,36.08306647984071],[127.2547172691677,36.087443670868105],[127.24558596580853,36.100973181225264],[127.25213028936467,36.113131336742455],[127.27452164347918,36.10742506785079],[127.29393504172802,36.11307207479922],[127.301690383266,36.12520363490968],[127.31532187889182,36.11909856115403],[127.3228047405336,36.13063168254871],[127.33847704047159,36.13049701596973],[127.35492077402094,36.10833801005783],[127.34768539758285,36.09827182262326],[127.36005792179432,36.089380773938736],[127.36037151460488,36.054518173439426],[127.37364002315215,36.04108876596383],[127.37648712620172,36.02292396136178],[127.40122304501153,36.00873586139775],[127.43455716600364,36.02949512621749],[127.43724345214196,36.009332495698594],[127.45578622920381,35.98382142660939],[127.46836976852289,35.98808743436845],[127.48772769068873,35.9782641246846],[127.49933641874522,35.98737967608746],[127.50671305176628,35.97961412632971],[127.52442455254585,35.985077350919696],[127.53586845367987,35.994904267026875],[127.53884194730793,36.025879223910735],[127.5314210707921,36.04084277568407],[127.57453298472628,36.023302416625924],[127.58977046968819,36.02604632472209],[127.61415302368978,36.000804143554525],[127.61866295044162,36.00798197903783],[127.61073511302895,36.02534853874003],[127.63974825537692,36.032252394592376],[127.63053477829837,36.042152380951165],[127.61909972488671,36.03917307108993],[127.62392426212813,36.067271577696026],[127.64455041256755,36.066813771673715],[127.66441318590331,36.03751058831004],[127.67273573390678,36.041630097635284],[127.66977609779664,36.05137454274501],[127.68901549977724,36.062671557092],[127.70192551078517,36.03527103341058],[127.76160501298934,36.0251788569034],[127.7642678035511,36.012429965710986],[127.78761896156574,36.01450402303288],[127.79944095257243,36.026066046266024],[127.8485513264261,36.03972171222585],[127.87677397654868,36.02251177410954],[127.87559740964423,35.996912756317904],[127.89321827712475,35.98678448963047],[127.88960534826786,35.979660856874695],[127.91136737877143,35.949181509183774],[127.88223681367494,35.9288840290095],[127.88785632471328,35.912062214148605],[127.85954023517924,35.90649058812202],[127.84175147422786,35.866247035348614],[127.8265619234433,35.86834682752404],[127.81392291579405,35.853616906030105],[127.80435552963498,35.858689185183515],[127.76884985349798,35.838313136176566],[127.7444528966724,35.84442172561445],[127.71938601972022,35.797315999190445],[127.66350242598655,35.76403500587731],[127.6609563435904,35.70990593349083],[127.641795300804,35.69289273032582],[127.64046236562164,35.67281387930652],[127.6200982254466,35.64613880174996],[127.63533525999546,35.61848395539026],[127.61301734954489,35.6082480759552],[127.61119353223663,35.583892548555895],[127.58486117653266,35.55390555183609],[127.6127236234378,35.53564363616741],[127.6286936196484,35.535984819248156],[127.62574920553241,35.52532047094257],[127.65310684051795,35.48686870315233],[127.63660851368881,35.47820839943762],[127.63668809101772,35.45935201703272],[127.64518643758745,35.44912742669785],[127.67406933810477,35.44572002254196],[127.66047379894496,35.41443375347581],[127.63633563458863,35.39919901138642],[127.62565372097822,35.376910823549146],[127.61075824845231,35.366953489487955],[127.62333074919242,35.34216601499151],[127.60478061671479,35.31837468924385],[127.57748101215579,35.308901047301546],[127.50201542588438,35.35836280726887],[127.47076581279624,35.36533557829809],[127.43088799127959,35.358112275885674],[127.3845673820592,35.3024577027343],[127.35425602872525,35.32235508914199],[127.30988775335942,35.30451554528125],[127.28671443387992,35.3140222815576],[127.25716770225168,35.312459926906456],[127.22205455181461,35.33488566031039],[127.21230217488272,35.3168373615925],[127.20359760193514,35.31566754693864],[127.18476023184613,35.3261126980765],[127.18616259066543,35.3369492383063],[127.16087480937355,35.32773811831358],[127.1454725472247,35.30898042614223],[127.10523541321376,35.29923259882334],[127.04309201006686,35.32188539010636],[127.05233393455218,35.340264817458205],[127.07024925127855,35.339636574104716],[127.06517043285896,35.35654546376401],[127.07063269055314,35.365211419961945],[127.05761859407329,35.38265334184526],[127.0390976834195,35.380143306422],[127.02746315606812,35.394679437836444],[127.04692990026275,35.40219371648966],[127.05231520767603,35.42651610478841],[127.03735355703495,35.433855261358445],[127.03472214767118,35.46657185056906],[127.01429200862074,35.457819349312075],[127.00001615803517,35.4628747820538],[126.9945455275285,35.439804128793185],[126.98162538009501,35.42664641951679],[126.9713806131773,35.42767121570588],[126.97610144454029,35.40004563571896],[126.93536776407325,35.39455619416447],[126.93316210303831,35.406081319957664],[126.91742715513972,35.40213905117973],[126.91635576182637,35.4156237902802],[126.90306752922808,35.4206269843714],[126.89744675539298,35.434749183943865],[126.90511347547827,35.44081782173378],[126.89677488020078,35.44798569567405],[126.86953579501039,35.46164021494127],[126.83954288007006,35.462321564163226],[126.84329985677132,35.4783305004913],[126.82334269157165,35.48691382643168],[126.81387963722395,35.48419149495859],[126.81397304969305,35.46879903982747],[126.76490262067252,35.46705829314999],[126.73771534769612,35.44949358375131],[126.7517284642124,35.43590499842133],[126.75420029432895,35.41650415517158],[126.72246863446107,35.399932545550406],[126.73218542390674,35.3831873471688],[126.72250016674757,35.36685980721208],[126.70461505391268,35.36513050221681],[126.69934334572098,35.35008795009797],[126.68572617825261,35.34423552838287],[126.66644498281119,35.351486895027115],[126.64479907522991,35.31977534663954],[126.62641615644718,35.32135437910849],[126.60417090732201,35.33565839769684],[126.58496293097485,35.33018239387025],[126.58490433399288,35.30078698217979],[126.55108283576622,35.313675242750875],[126.53038019911445,35.30815062024854],[126.51385575820362,35.32747244043218],[126.52052989144525,35.348348142679114],[126.51275773270416,35.36203464110273],[126.49354741210944,35.350384756907395],[126.4974142365676,35.373200664292426],[126.4773810898037,35.38617868754816],[126.49057726206426,35.39514849802777],[126.49287527755209,35.40923813987369],[126.47966336248628,35.426503610256724],[126.42985301195151,35.432924806771375],[126.43665044064612,35.44851839963794],[126.42947138866589,35.44963933366304],[126.43913233275305,35.4502996514661],[126.4850105140379,35.52235918949291],[126.49682093891971,35.50992179047609],[126.49361753046512,35.516300173873695],[126.50251697914362,35.52527125276904],[126.52638691790747,35.534817413680926],[126.5442616982503,35.52733170048698],[126.55986307786095,35.54326294186429],[126.59454923697008,35.540976108637956],[126.59233945094243,35.53373418606429],[126.59538547632685,35.5297488861867],[126.61400729663106,35.5704093568775],[126.63319495672764,35.57473496507719],[126.64916299981688,35.570892077484686],[126.67419931839999,35.54645693109395],[126.67632690180781,35.547611749946704],[126.66472768728514,35.560392400888695],[126.67317157454502,35.569967945654895],[126.65754248836737,35.58687821775662],[126.65119224275628,35.580612258055254],[126.57519616342194,35.590415149782466],[126.52798253981176,35.57929907365987],[126.51668292684226,35.58068028471692],[126.51512425351285,35.58768701970689],[126.50869639036587,35.57920026877725],[126.47803322060987,35.602339905033894],[126.46652057705651,35.59864691786994],[126.45996962056205,35.610222910382966],[126.46927959958951,35.62823401935806],[126.45811967328243,35.63779975517269],[126.48102862301099,35.645387582511724],[126.52625459330338,35.67489089183902],[126.53326756182754,35.69004382357987],[126.55637036576901,35.697803004478494],[126.52021809613463,35.73168244231767],[126.48224146959804,35.815172535639235],[126.51952672944309,35.73804090985504],[126.5693742843691,35.68642534937894],[126.62862178440481,35.74906634268764],[126.621372538804,35.78688758525699],[126.63146006552945,35.799486137653695],[126.65280556736504,35.791936935437164],[126.70676187865575,35.79651550328926],[126.69001492784399,35.84144932125715],[126.68344848981143,35.84201771998635],[126.6745509242807,35.88915483571081],[126.66750166048777,35.88359004844813],[126.62970691898211,35.89188853379064],[126.61236288711267,35.886284047189136],[126.61748310170888,35.939876051784765],[126.59359601716531,35.948341490433585],[126.58803653824388,35.94780780511114],[126.58827056440603,35.902722180756165],[126.58111302563923,35.902690761057436],[126.5756814605323,35.90311871426324],[126.58809976865045,35.90295217167879],[126.58791521348309,35.92075808833399],[126.57152454225766,35.91982294461569],[126.56477916967431,35.90531042896429],[126.56481060695121,35.93618185133557],[126.53441233622884,35.93400159239546],[126.49835253051909,35.83544175362774],[126.47284295474286,35.810953317105756],[126.4618948462041,35.819144540052214],[126.44938922761398,35.806726476253814],[126.44321757950527,35.813674422405974],[126.45328087737163,35.81845499534738],[126.44212456717091,35.828908432777546],[126.47529648372706,35.82232526226726],[126.4907379893489,35.83817089850361],[126.48540971033995,35.84554482596592],[126.49654616315075,35.84708529277656],[126.531284379224,35.931891411058665],[126.53230465757629,35.937917364885074],[126.52487116256918,35.93569175956376],[126.52978454845625,35.94366934689981],[126.52182222431371,35.948037264141675],[126.52129292606978,35.97222012805363],[126.51750005742596,35.97234518739],[126.51281129261108,35.974935377344174],[126.52225042500788,35.973066809915736],[126.52331887778551,35.96630489609594],[126.52583997984992,35.97363194014033],[126.61316561976561,35.97884994642269],[126.62437600442902,35.971014146017325],[126.62233116506691,35.977947612819385],[126.68341187743759,35.98416104639398],[126.70600860636296,35.99470918927432],[126.73668235547667,35.98575511770542],[126.75593195816528,36.01054240267899],[126.74166067123393,36.01220594633797],[126.74804736965092,36.02575058648411],[126.80582172037677,36.03436092538641],[126.82109757065435,36.04991852500497],[126.86803651365925,36.0624111301569],[126.87381158293418,36.110438285348266],[126.88969655536464,36.139622323580525],[126.91969152097386,36.136299422654695],[126.95662650251546,36.15657043634726],[126.9952453625077,36.14684508948849]]]]}},{"type":"Feature","properties":{"name":"전라남도"},"geometry":{"type":"MultiPolygon","coordinates":[[[[126.55035974511978,34.17716246673154],[126.55546838081749,34.16774094725498],[126.57011325581135,34.16961924459655],[126.57265012858589,34.161283742061826],[126.58344150979603,34.16993568129339],[126.6208323613025,34.164599794958576],[126.62065303254496,34.155231263452244],[126.61563713468175,34.14854514472007],[126.60319109361338,34.161133260370995],[126.604142427943,34.14597901392004],[126.58967622069416,34.1623406916124],[126.56378970834811,34.13530713107625],[126.5118743784998,34.12205796498334],[126.50449037958677,34.1596837223768],[126.53932662219606,34.18195386860711],[126.55035974511978,34.17716246673154]]],[[[126.6543629764217,34.1983573177621],[126.68470904168778,34.181588876319665],[126.65598965875552,34.17168096369722],[126.65746251119968,34.16397045621638],[126.66839420038893,34.161658935534874],[126.6700663675006,34.147511621925425],[126.68286407344652,34.148562080457324],[126.68026518786672,34.139498641902584],[126.66866780131626,34.14322326432585],[126.67240812329999,34.131001502379405],[126.65992782233938,34.11098973262546],[126.65005605408437,34.11502136153864],[126.64975289621857,34.130361912837444],[126.63756383062915,34.12249484244621],[126.62781071413008,34.14562264349297],[126.65214765304721,34.17008896741335],[126.6332552431714,34.18802958192302],[126.64293527781815,34.18652516402121],[126.64620387432818,34.198135099647025],[126.6543629764217,34.1983573177621]]],[[[126.89039279206143,34.217413436476996],[126.91044746325092,34.21265420649989],[126.90361972176514,34.20201114761564],[126.91174254499083,34.19456959237773],[126.90834352679244,34.1833368976299],[126.92847149985712,34.189573721837746],[126.92087651793986,34.185489665169946],[126.92479555905166,34.175085521495184],[126.91788586022376,34.15826962174697],[126.88127907663568,34.14971916364224],[126.86491268843605,34.16585130226839],[126.85645601584916,34.15051500461099],[126.84835913792908,34.16281525758981],[126.8595237613473,34.170602137508446],[126.84705521256627,34.17425626780179],[126.85756372784667,34.17773411648594],[126.85728673892122,34.19928646644017],[126.89039279206143,34.217413436476996]]],[[[126.56791349111752,34.2338087190389],[126.57253300334371,34.22246375809417],[126.59541278648051,34.22694123624324],[126.6151681346757,34.21564424721537],[126.62485920937245,34.2025974605831],[126.60285031561217,34.19970575103543],[126.61644274872884,34.18319152771216],[126.60092939384188,34.18190941338098],[126.59834538741083,34.190846721146066],[126.58673657103638,34.19101261837685],[126.58769769542467,34.17271747952822],[126.561265024658,34.17887700741133],[126.56225726088935,34.18918254997974],[126.54846662595043,34.18925950473874],[126.55660370974212,34.19494732932179],[126.55333935372883,34.206121448056464],[126.56487622171986,34.21188876910508],[126.55454638716114,34.211938207317196],[126.55655381615004,34.21819534572056],[126.56734537551122,34.22345288027475],[126.55315790758395,34.233477772774286],[126.56791349111752,34.2338087190389]]],[[[126.8392889132624,34.31239317160946],[126.83910201261548,34.312366355307006],[126.83911088871862,34.31238398337274],[126.8392889132624,34.31239317160946]]],[[[127.02981523883034,34.33964935423017],[127.02617035775955,34.3364866818482],[127.01788467793105,34.33892979075644],[127.02734531767395,34.33868155054465],[127.02981523883034,34.33964935423017]]],[[[127.02981523883034,34.33964935423017],[127.0298713683557,34.33967349161002],[127.02990490149197,34.33968368118702],[127.02981523883034,34.33964935423017]]],[[[126.8392889132624,34.31239317160946],[126.82879971745515,34.325753933533164],[126.80485024836277,34.32626585334467],[126.79396110936456,34.315376055298636],[126.78016791329242,34.32806927628465],[126.75168044955886,34.33531816312545],[126.77805610713713,34.33230323660872],[126.78701727169884,34.34610483797539],[126.8016742558481,34.33364378816962],[126.81572693370852,34.33643328534813],[126.81865167745022,34.34762915676933],[126.83480680892882,34.358691699505826],[126.84796281087911,34.344278960215426],[126.8560906728992,34.35128507252166],[126.85881657691107,34.343821475615506],[126.8754282368306,34.34760381135133],[126.88065370161289,34.336336366997195],[126.89924729600399,34.34218277332983],[126.89485777504431,34.330616773901944],[126.8804397304668,34.32959226406654],[126.88255239351219,34.31086400726733],[126.87183078271525,34.30958982649651],[126.86585613771408,34.322336361044286],[126.86652446784137,34.31376127857096],[126.84209114276604,34.29894561082991],[126.8392889132624,34.31239317160946]]],[[[127.02990490149197,34.33968368118702],[127.0194421366153,34.35331734016082],[127.00728274290249,34.34931946205179],[126.9862976131338,34.36045651365367],[127.00687083127731,34.356927421603345],[127.00774931443421,34.3666633399302],[127.0171391329474,34.36865727197149],[127.01403769422653,34.377258959872506],[127.02868356203297,34.372428658484274],[127.0298933746227,34.3808465840469],[127.04515128936114,34.368213488775766],[127.04493879548761,34.351062419346995],[127.07612048853828,34.36158196992561],[127.10099722126209,34.33804502806412],[127.06752855339057,34.34731953078364],[127.06201234977814,34.340678077814765],[127.07860402107747,34.33740672269913],[127.07714535563433,34.33241514486084],[127.05661371643076,34.330262565324624],[127.0421243575708,34.30834490563416],[127.03677725750103,34.32539216945416],[127.0508424645261,34.32863162960438],[127.05359468396237,34.33698309443528],[127.041891256086,34.341192408608734],[127.0330771772892,34.331703812524395],[127.02990490149197,34.33968368118702]]],[[[126.69443410968064,34.398474590542946],[126.69442315138997,34.39876227948244],[126.69466407637637,34.399608556935505],[126.69443410968064,34.398474590542946]]],[[[126.69443410968064,34.398474590542946],[126.72916623880448,34.38001468602291],[126.73569362357611,34.34291043609168],[126.75416999283085,34.3157603434164],[126.76851734568285,34.31685354977236],[126.77165089412118,34.311208786425624],[126.7615954479668,34.30041356899085],[126.77772184428112,34.28757464212205],[126.74824698492577,34.291517644736],[126.73447416319425,34.30466651722867],[126.73797724779696,34.2866468980302],[126.71732040923176,34.297064476350826],[126.69479120978437,34.29249610340597],[126.66945841571092,34.32320309279077],[126.6455634137079,34.32813132976783],[126.63898074218136,34.38214324139682],[126.64859320835274,34.39407863909829],[126.67098763544703,34.401282428648045],[126.69443410968064,34.398474590542946]]],[[[126.94316324784496,34.39294679181914],[126.93498518127018,34.38366732788065],[126.9477409007337,34.37740047146466],[126.94788962373396,34.36776934264792],[126.92875393640631,34.37035883684307],[126.90742897793461,34.35346602148204],[126.86370303432858,34.373380782045466],[126.87198941789494,34.39759456823517],[126.8617516131372,34.40671289846272],[126.86664587754129,34.41123749043766],[126.87774813113636,34.39941638381647],[126.88215994571868,34.406977619067305],[126.89390728803998,34.39590102692047],[126.89595654574418,34.404271060151494],[126.90005216616748,34.39785572571974],[126.90400931428749,34.402356967188254],[126.90820541497727,34.4022698605275],[126.9119952210636,34.39183481096202],[126.93072730607652,34.390635675802486],[126.94337455085785,34.4129046535673],[126.95112627258847,34.40384037884656],[126.94316324784496,34.39294679181914]]],[[[126.65710790873182,34.42047520700242],[126.6572083652899,34.41997164835339],[126.65726154906255,34.419104949983996],[126.65716521671555,34.41945076108109],[126.65710790873182,34.42047520700242]]],[[[126.83319147346666,34.43708187647673],[126.84503762075106,34.430608826020844],[126.8435228425538,34.42063423447587],[126.82405102052866,34.41927639474452],[126.84014770640945,34.41059068810886],[126.85015723589437,34.41825977921291],[126.84870417302446,34.40653888851065],[126.85730728293119,34.40813265819838],[126.8656489463695,34.38983157441543],[126.84713796624538,34.390139274983284],[126.83014202988352,34.378079452654354],[126.82335181052316,34.38699719483387],[126.79330438408194,34.3823282622099],[126.78041580679692,34.369035746570525],[126.78075695486027,34.353090964196205],[126.76768312452404,34.35740926497063],[126.77938209593563,34.38195448193538],[126.74976633416159,34.380099459848104],[126.76819592490476,34.39893128552737],[126.76386993356535,34.408768480109266],[126.77492853538918,34.42261432240149],[126.78867892652785,34.432796030481626],[126.8168720113191,34.43372457470899],[126.83459545909706,34.44371390671431],[126.83319147346666,34.43708187647673]]],[[[126.890432055908,34.456143781376724],[126.89148462210089,34.45478541271799],[126.8902853751868,34.455602597440304],[126.890432055908,34.456143781376724]]],[[[127.47850309021027,34.46412427530353],[127.4897175770443,34.46595929916454],[127.48285277731007,34.460068371180434],[127.49357606287764,34.45867700996654],[127.49803422140972,34.467475110815315],[127.50542193710179,34.464198404123465],[127.50450138926317,34.47304130628036],[127.52061475992372,34.45355074190408],[127.5371345758023,34.44795335926626],[127.53836068759908,34.43122202091461],[127.53014405516264,34.42229990065073],[127.52046497842153,34.42670821312368],[127.4872786080729,34.41346323103116],[127.49299358222615,34.431482388359086],[127.48312431441077,34.437461808820494],[127.47525083752352,34.432744390476074],[127.46280151403134,34.443641447116505],[127.48533944319136,34.44769719258851],[127.44966983494362,34.44898808412773],[127.45835994820138,34.45256500185355],[127.4548214061053,34.475794047254816],[127.47850309021027,34.46412427530353]]],[[[127.21737144382692,34.49521123941564],[127.23501508195366,34.47575208866942],[127.20850835602256,34.42941545201269],[127.1672021377755,34.4351828997011],[127.15763159312358,34.42654433997719],[127.14430208552605,34.42889961635408],[127.14146645412613,34.4204875106898],[127.11559923115811,34.439258757682595],[127.11627641629772,34.44773861780502],[127.09925933283704,34.44319102948576],[127.10640637108948,34.454778719971],[127.09294406022637,34.47073248468574],[127.10505973813306,34.469916575314265],[127.11690749300102,34.48021153182012],[127.11065609657133,34.4852886132364],[127.12111227459003,34.49022563297543],[127.14164048441555,34.472771755641396],[127.18881290886071,34.493940018002625],[127.19889953581833,34.48794885253168],[127.21737144382692,34.49521123941564]]],[[[127.76967029444576,34.53045815777469],[127.76969713068972,34.53046558149537],[127.76971787822778,34.530456140538014],[127.76967029444576,34.53045815777469]]],[[[126.78221082656205,34.53089215373127],[126.77868022304915,34.53238203405114],[126.777123563966,34.538057797880754],[126.7846268745257,34.535086200318275],[126.78221082656205,34.53089215373127]]],[[[127.46627968175402,34.543640536198744],[127.47881115185217,34.53617131480254],[127.45857301278376,34.525705060890694],[127.47566540953264,34.51504879837788],[127.45767063284266,34.51378452731001],[127.49110864998295,34.508155399685094],[127.5064371710052,34.492016116523416],[127.45256252546312,34.47862484850216],[127.44089093199022,34.492802994840424],[127.45847178836996,34.502438340267645],[127.45173304683972,34.50678172463493],[127.45608398966642,34.51090271824783],[127.43387112731567,34.51999409379242],[127.4532522183798,34.543760665217214],[127.46627968175402,34.543640536198744]]],[[[126.79425036144112,34.54721869257628],[126.7935516761702,34.54708034353648],[126.79287470887985,34.54715753343831],[126.79425036144112,34.54721869257628]]],[[[127.76967029444576,34.53045815777469],[127.78215788522334,34.51203339916129],[127.76690438190072,34.510313061152345],[127.78647677668077,34.50776619232464],[127.79855508154466,34.4963666154177],[127.79025295548954,34.487016971366366],[127.76263906202554,34.491010240329736],[127.7694507118801,34.49248965454245],[127.7730158375616,34.50005380903992],[127.7347986614035,34.503143245111],[127.74069801369825,34.51044693235681],[127.72551591572075,34.51586587889885],[127.73176938512051,34.527263830201704],[127.71986201233995,34.523112519450116],[127.69630344360138,34.53887067939739],[127.71168427190413,34.5380048440974],[127.74041589978401,34.55314353933729],[127.75776007332145,34.55149831829895],[127.76967029444576,34.53045815777469]]],[[[126.25220730281148,34.584216345797174],[126.27853626124366,34.5839464116972],[126.30362735304095,34.57096960924507],[126.30976151128218,34.562795988409945],[126.30088449489132,34.556824827186965],[126.3146329471052,34.54359442315996],[126.32528200601357,34.540312219545875],[126.33898390542866,34.55160144476736],[126.33691793965414,34.54337705246492],[126.34487330927463,34.54244873122178],[126.35115355884295,34.527556059786846],[126.37737926505318,34.51240894779384],[126.3831874572247,34.50368849400392],[126.37312271672477,34.49620525775205],[126.3850158623677,34.4807260256632],[126.35824181259892,34.48085331422583],[126.37221620765192,34.47067828141384],[126.35839937638406,34.45700518986784],[126.36566519261959,34.44329478504487],[126.33550636703659,34.4144611377189],[126.33758123799,34.40267944521471],[126.32899830496805,34.39415026021568],[126.32011761675686,34.405056915823685],[126.32770052066577,34.40590533241296],[126.32022803134575,34.424508496269716],[126.31108867015507,34.415904222643995],[126.31425121953872,34.40006315106335],[126.3030171387742,34.41428046803442],[126.30644327506619,34.401992845454075],[126.29261477977401,34.408896581483916],[126.29712349516237,34.39747745540257],[126.28949286993337,34.39402681413147],[126.30248438337524,34.39541527820702],[126.29665224245964,34.384578473829045],[126.31028227172521,34.3816875991035],[126.30216374135512,34.3700548270117],[126.29185310056097,34.373907174425185],[126.28854558980677,34.364213926811715],[126.2796458211767,34.37196987597844],[126.29187610512807,34.39131826680972],[126.26548841413934,34.39730771440319],[126.25957350424252,34.38702253636823],[126.26727293120469,34.37789964376151],[126.2460636682616,34.37939518708472],[126.23929101991367,34.370491132200776],[126.23024697455887,34.37448455639777],[126.21974643846104,34.367128887915555],[126.20224617601389,34.37108918148571],[126.19855494500439,34.367691363992535],[126.21417993083932,34.360328141992454],[126.18004151516394,34.348948871806165],[126.18128130196183,34.359320015058685],[126.17278091571237,34.352656519907],[126.15640622216834,34.35673467465614],[126.16374964199652,34.36405981427393],[126.16111954940271,34.365248180963796],[126.12999640268735,34.35927319936075],[126.1430227584504,34.385153487357854],[126.11453962128414,34.38127684079758],[126.08922881825498,34.4185261772591],[126.09760171209706,34.422153813686336],[126.09608098133769,34.43570482773197],[126.11765690513018,34.44930719731582],[126.12826757113237,34.44337563151981],[126.11661431422752,34.45962875102977],[126.17241834655806,34.484727865359424],[126.19067408950426,34.514315590328614],[126.18833648973693,34.49619275799346],[126.20489536444279,34.49570401382244],[126.20783845186187,34.50157654872084],[126.1983090163883,34.5099771439933],[126.22335453827696,34.51640258718419],[126.21179788322227,34.526866925512394],[126.22491628960967,34.53007442412031],[126.22566244750183,34.541307892573776],[126.2359698350471,34.536546420035876],[126.25090637438078,34.56301674284636],[126.23975056821662,34.56489476461358],[126.24469702053257,34.58062781548112],[126.23839429282425,34.58383284420408],[126.25220730281148,34.584216345797174]]],[[[126.05819394429015,34.62848636437279],[126.07461229018048,34.62558442507916],[126.08908309850965,34.60766743579662],[126.10006914641298,34.60815802479596],[126.09847508882287,34.59687584017838],[126.11142482268386,34.58861067829792],[126.09192244343068,34.56876395944405],[126.1019831317431,34.55797622094585],[126.09940996588978,34.552279586958726],[126.08337522055628,34.556155807632514],[126.08634363149599,34.54638556814085],[126.0766843518907,34.5403424318804],[126.06256202852128,34.540159077151614],[126.055635425438,34.53041154515078],[126.03123070750819,34.53098531379811],[126.02938119139814,34.5438191723372],[126.0447075136069,34.537604768826036],[126.04578002801827,34.54628832444877],[126.06093691693876,34.54871959559837],[126.0534898353263,34.55690213742571],[126.02768158393943,34.552609804952134],[126.03082938986633,34.56117831981143],[126.06394171424778,34.55933044702625],[126.08701815531418,34.58446124235683],[126.07462401536326,34.58414057421524],[126.05975876484251,34.612168647676626],[126.04732137978618,34.610119549154604],[126.049626327072,34.628023408560836],[126.05819394429015,34.62848636437279]]],[[[126.01744132540513,34.635530042232524],[126.03940602453993,34.630269901145354],[126.03322948488584,34.611097666120614],[126.05601383590141,34.60264965532323],[126.06442967910087,34.58320732845307],[126.05594925463717,34.56821723161709],[126.03369580237627,34.572340971109995],[126.01917251516434,34.56416958575201],[126.01453315311365,34.58546823690685],[126.02674680549892,34.59224074439385],[126.01960652075414,34.600361484200484],[126.01108076132473,34.59643310494984],[126.01675369682242,34.618082126484595],[126.00996538180411,34.63099048455018],[126.01744132540513,34.635530042232524]]],[[[126.16036351575872,34.66903611765239],[126.18721256182899,34.65236809834924],[126.18525782314397,34.63782019111979],[126.20026245072873,34.6424305923081],[126.20122529360316,34.63537862601802],[126.17388577009392,34.62190852645309],[126.16263759414016,34.62811903684535],[126.12203016218093,34.61544038849292],[126.1291488197046,34.62053730585912],[126.12197043430693,34.629258186859516],[126.13219980741718,34.6416741783294],[126.11027504788204,34.64483773606578],[126.10968090223362,34.64867424538406],[126.12746617381931,34.65211384045351],[126.14979213959838,34.672013715248255],[126.16036351575872,34.66903611765239]]],[[[125.42513933496132,34.69665650620166],[125.43183407913946,34.69599221075574],[125.42929579362979,34.68490405317823],[125.4409985289112,34.68354032948911],[125.44412743294214,34.6946175080607],[125.45169242234311,34.68942349884377],[125.45420111177708,34.695483250673824],[125.46409029114461,34.687345744645036],[125.44386166695263,34.681214880531044],[125.4380005495175,34.66125556732183],[125.42258939501585,34.66033064895147],[125.42755501810215,34.645681307273094],[125.41147415083599,34.64320860077033],[125.41166976923668,34.6246767773066],[125.40126150446376,34.62509791924706],[125.38461894251789,34.643409878762064],[125.39912783003393,34.648638739464],[125.38670810826353,34.65726987734682],[125.39731000241395,34.66187964127295],[125.41205771237293,34.69687617128422],[125.42513933496132,34.69665650620166]]],[[[127.78639441731664,34.712025638659966],[127.7889003655139,34.699498925015284],[127.77586893623084,34.70225862043134],[127.77851413400101,34.71198401691573],[127.77353498552573,34.70418185497806],[127.76376230449033,34.709508642369464],[127.77052565869808,34.702423345961236],[127.75917106880641,34.703895201202435],[127.76595900246451,34.694264362956005],[127.7791724558391,34.69698963461906],[127.77627269412075,34.681354190974815],[127.78299702037663,34.67161968887481],[127.80069469148405,34.667542257912984],[127.79491360640499,34.66063779580314],[127.80654173113291,34.66080680553088],[127.79362017821117,34.64368346947602],[127.8000635730908,34.63013678125051],[127.79223955748412,34.630229822577355],[127.78795163745326,34.60709915255651],[127.80792905623306,34.59661615876668],[127.80369343047713,34.58784872658785],[127.78966699197203,34.584790284002025],[127.74926352563796,34.59289768512671],[127.73766392361638,34.61055942458637],[127.71170703857904,34.621465088307886],[127.72460154653575,34.63756721618999],[127.71220057178807,34.64338797408917],[127.76304227714012,34.687589180789224],[127.73691294094087,34.73130842017963],[127.75605180029208,34.73136716372784],[127.78639441731664,34.712025638659966]]],[[[127.6724800687979,34.74204945489868],[127.66973230580413,34.74535365081996],[127.66973881082924,34.74540727469328],[127.67354724341615,34.745522644948096],[127.6724800687979,34.74204945489868]]],[[[125.97001748017297,34.725566988592114],[125.9789690693183,34.715849373925735],[125.9819754261231,34.72210337916226],[125.99061999232894,34.71930176330341],[125.99965250682783,34.70307503659924],[126.0135894448339,34.703081029106336],[126.00774599711296,34.68515263762347],[125.9876528791056,34.67855215471781],[125.96518227257901,34.65633891941055],[125.9537015433436,34.65861066257777],[125.9548123848084,34.67253640029765],[125.93926408261184,34.66548487760729],[125.93286396243761,34.67924830219649],[125.92061246557985,34.67148014332756],[125.9157359315644,34.71097041083632],[125.94662132115437,34.71466463678303],[125.96138108413892,34.73739196372804],[125.97001748017297,34.725566988592114]]],[[[126.10464754328207,34.766521181194975],[126.12478301013526,34.770977277453326],[126.143864647109,34.75193702106256],[126.15660323265558,34.75803121636312],[126.17366759413348,34.753334180333326],[126.16740749777054,34.7470375353994],[126.18283032270035,34.723703410949064],[126.17457913935196,34.70084011021837],[126.14556542098168,34.70145568592561],[126.14979462124776,34.71414803448975],[126.13713306412947,34.7285660579349],[126.11781222126677,34.71475506339179],[126.09769325131718,34.720736017030326],[126.07478743381009,34.70888968003182],[126.08127413226352,34.72019834281677],[126.07111160531102,34.74162541870203],[126.08189265587377,34.750693601556634],[126.07681232567332,34.76378015948176],[126.0677465189643,34.764577392685915],[126.06435894187045,34.76857803133469],[126.08362106367171,34.76364528063257],[126.08873778210156,34.77485842101434],[126.10464754328207,34.766521181194975]]],[[[126.35780150587003,34.77966965326585],[126.37567126114054,34.77052797129949],[126.37282875746202,34.75927486712171],[126.35863989458687,34.752181804420324],[126.3602993561497,34.74477593049083],[126.35044740138979,34.75058552971333],[126.35223283493065,34.76554056062511],[126.35856860387305,34.76581493778285],[126.35538464193803,34.78536426440256],[126.35780150587003,34.77966965326585]]],[[[125.99344292880606,34.80695171160644],[126.00053017460931,34.789454972494504],[125.98507336503509,34.774542630491204],[125.99881615497428,34.77358079063611],[125.99832771309647,34.76167291035149],[125.97708211995479,34.75389614862614],[125.9682767194619,34.75883357401594],[125.96102373370921,34.747234422157696],[125.96268744932196,34.76220794752491],[125.95427541942416,34.7668746064024],[125.9561428231194,34.75353053087792],[125.94873155237975,34.75747774742047],[125.9369671046437,34.7484468665958],[125.93072208754359,34.75408158418664],[125.94978045660434,34.73361084709572],[125.93934175971484,34.731531885726646],[125.93626900751727,34.72021566761046],[125.91757086621794,34.71690529420436],[125.89284304903725,34.72777420248666],[125.88637685259918,34.74005320905007],[125.89586109230964,34.748228968583845],[125.89086088432315,34.75898445708914],[125.89792554535039,34.76040477950557],[125.8895056087115,34.766622331620944],[125.90242678159979,34.771643107321786],[125.90001169362641,34.78025489996235],[125.9375337078873,34.77700613549161],[125.95195507108934,34.78897477634515],[125.96438000784067,34.78741676237595],[125.97349980569564,34.80207165986137],[125.99344292880606,34.80695171160644]]],[[[126.14069169130318,34.834765601027456],[126.1406794623937,34.83476416059881],[126.14066075543752,34.83476537966584],[126.14070395704655,34.834768252067875],[126.14069169130318,34.834765601027456]]],[[[126.29446632113857,34.84996339212508],[126.29412540136858,34.849297389425],[126.2930237295466,34.84776775979159],[126.29446632113857,34.84996339212508]]],[[[126.1158674272887,34.88197815363232],[126.13793582858153,34.87513330446726],[126.14383607698862,34.88098646666598],[126.1571305907038,34.86633496776527],[126.1569884425164,34.86057081178515],[126.1327375323831,34.85989692594875],[126.1490098748217,34.8397744168206],[126.13973975941693,34.83558709711606],[126.14166591252629,34.82715290084944],[126.12023174433993,34.83408059687558],[126.11460653485913,34.82609572965466],[126.12293491366725,34.8125162070632],[126.11852648468182,34.80027153361431],[126.09404163952567,34.79713548400852],[126.09060436010344,34.81509456404796],[126.08010785100853,34.81893653491509],[126.07132775103798,34.81333407347964],[126.0753386053387,34.79444970295388],[126.04299807259493,34.82582426712388],[126.06643010960713,34.813140749018764],[126.07992419954762,34.81895894401713],[126.05964693760805,34.84768393732609],[126.08263343416047,34.85920578428471],[126.11518912270644,34.85074124670949],[126.12018260012843,34.8577440668151],[126.11040375269538,34.86474300583878],[126.10851493779163,34.87926940691736],[126.1158674272887,34.88197815363232]]],[[[126.29446632113857,34.84996339212508],[126.27653939931594,34.85569480427278],[126.2628263138463,34.83974056694193],[126.22594727838789,34.84960640287905],[126.23302037978293,34.86471414875535],[126.25978840303308,34.85822922859275],[126.27005663609839,34.8728838818515],[126.27941251343539,34.8634022070995],[126.2810764261069,34.887071902480805],[126.29259663236063,34.881337099285126],[126.30342201982033,34.88714162645346],[126.28054683673943,34.909843194844846],[126.29670127273678,34.92203804819788],[126.31312648982188,34.90786803988642],[126.33592522605738,34.90919250385299],[126.35046703410408,34.89872894025903],[126.34936623811961,34.88722019533995],[126.34518263024754,34.89449412448277],[126.3353141639806,34.8868334685735],[126.3263641196012,34.891659586715335],[126.32959619216622,34.879415898343616],[126.31695058325369,34.8828845901258],[126.31317551793752,34.87768778721035],[126.32573488816357,34.87280716562374],[126.31446482175656,34.866586009362166],[126.35696336576433,34.86368884421964],[126.36883114525963,34.85535038043332],[126.36531787182567,34.83648181586803],[126.37305124089887,34.83304726903753],[126.34982828101828,34.81367782413784],[126.32732947294299,34.82211916842653],[126.3459069888787,34.835304328713036],[126.33428592824474,34.848499100286936],[126.29446632113857,34.84996339212508]]],[[[126.06307682547113,34.93279281394613],[126.07551360227743,34.93369975685437],[126.07627528415956,34.92136212714865],[126.09145650007599,34.9214042291981],[126.08380285687215,34.911562451030235],[126.09861639368266,34.909777226005],[126.08364913918855,34.895596174351326],[126.09900082009655,34.88945829446299],[126.09528189718512,34.87653786646337],[126.07883239999282,34.881187816429374],[126.08436904465633,34.8642390086103],[126.06848916876935,34.86417220562554],[126.04242814969444,34.84446025869523],[126.02021467463433,34.86176069252929],[126.02511936213405,34.872245408356555],[126.00803814945121,34.859171070277235],[125.977375704588,34.86421879939067],[125.97945858222681,34.87331665000482],[125.96747779009856,34.8728650675633],[125.99016165924212,34.876735507446746],[126.01364541875547,34.91190541389687],[126.03190449498102,34.90912168191576],[126.03470012961212,34.919633851911264],[126.0409663787819,34.91085562900461],[126.05460201205109,34.912181914502725],[126.06147998180577,34.921326552718455],[126.05639733277197,34.93866551475597],[126.06307682547113,34.93279281394613]]],[[[127.73795412390304,34.94011421543666],[127.7377327464921,34.93212174095884],[127.76520808132828,34.93166736372779],[127.78449501500059,34.91551574564088],[127.78424059386799,34.88653062996962],[127.74215421478381,34.90558804910535],[127.76028776280933,34.902677579255595],[127.76099775697229,34.90848094960662],[127.70462769267303,34.913290031968614],[127.70391965449065,34.92944382900402],[127.72404897174947,34.9471411617218],[127.7315189846212,34.95191303285569],[127.73795412390304,34.94011421543666]],[[127.76834966972775,34.911862028534735],[127.76723553035897,34.89646306554193],[127.78172455912996,34.89638922276735],[127.78143576734942,34.91251026259456],[127.76834966972775,34.911862028534735]]],[[[126.13534775638968,35.026193509222125],[126.16552806694916,35.02055280792115],[126.16187180048261,35.01038690781241],[126.17802664618836,34.99650706857447],[126.17991118997142,34.97491589882364],[126.16351550476318,34.96292998055765],[126.16229059343526,34.97157557444714],[126.1441411844339,34.96877499280828],[126.14386965995395,34.956387562304776],[126.12487709409332,34.94690049682734],[126.13647495556228,34.96659228386872],[126.13429197563993,34.990449376078494],[126.14515877441275,34.988649065407024],[126.13291465030338,35.001585541617025],[126.10604347612053,34.996653509668384],[126.0980021163195,35.00266422146664],[126.13534775638968,35.026193509222125]]],[[[126.05561275030041,35.075191036170615],[126.05557401546304,35.07514798539209],[126.05500021344473,35.07451636992996],[126.05561275030041,35.075191036170615]]],[[[126.05561275030041,35.075191036170615],[126.04218514451571,35.08460787878984],[126.05604540342652,35.09578586934177],[126.04895761414814,35.10275144901039],[126.08075078336748,35.10753839876969],[126.11403068664066,35.14326652070873],[126.16387073003729,35.145770270781604],[126.12440995248527,35.134737687074434],[126.11638573602286,35.09667005478432],[126.12353298303547,35.081493072073314],[126.11076827281707,35.08360461556192],[126.10536128277006,35.088098343070385],[126.10214536335934,35.08800596040639],[126.12237958345328,35.07714326962858],[126.1089443933819,35.06963154273781],[126.11746838475376,35.06094233790787],[126.10242291580039,35.05685694924118],[126.1013070228179,35.047994397744816],[126.0741143136633,35.059501672911146],[126.07726443096487,35.069648916200144],[126.06037964657129,35.06826543593853],[126.06288658786727,35.05549410508644],[126.05721575578153,35.06368392634541],[126.0376593150934,35.06560493207452],[126.05493741678222,35.0676864983592],[126.05561275030041,35.075191036170615]]],[[[126.890432055908,34.456143781376724],[126.87058400976882,34.455272324916635],[126.88681837710601,34.43347955847628],[126.8835643566563,34.42198283282116],[126.87476801031555,34.43570191529998],[126.86517521179705,34.43393493757469],[126.84422962364421,34.45164642683322],[126.8294251091848,34.44774170330402],[126.80728857441443,34.4544335142135],[126.80810762693177,34.46821454265017],[126.78832531979411,34.46093237659963],[126.78662502049276,34.475720378172085],[126.79748006901782,34.48007355714512],[126.78659017343023,34.51273085398613],[126.79689210044495,34.54733609648043],[126.79050401507699,34.55299261780299],[126.78891044132638,34.58633225455278],[126.77776923062163,34.59478747246026],[126.7788908904723,34.61310397278598],[126.76539376000314,34.563064951708625],[126.76916577606258,34.52662290426614],[126.75842967844801,34.52591523676657],[126.76577302389488,34.4991937037271],[126.73862690626244,34.486329320856775],[126.75450357683609,34.47195344673526],[126.72456658963435,34.44327364239879],[126.69886014378748,34.44060148980185],[126.6733549004379,34.42737198526651],[126.67714087769576,34.416324996933255],[126.66441791727945,34.42698495522665],[126.65062838101763,34.423252521293435],[126.64767288238053,34.40947554634995],[126.63487925081681,34.41202120160261],[126.62810772588269,34.40203752100523],[126.61607311491673,34.40201024308094],[126.62201178235497,34.392780185403645],[126.61115899863704,34.38611998459385],[126.62080161544097,34.37850194046349],[126.62033783558519,34.359161967821834],[126.60200609144495,34.34906471364909],[126.60941323217541,34.342768612722566],[126.59985923648975,34.335259437728965],[126.6056309905724,34.315103996010336],[126.55889518074919,34.321938602897724],[126.54454605270897,34.30308666484155],[126.52185215457101,34.29276000094631],[126.5123137675634,34.31914553565368],[126.52691529926943,34.334440850225754],[126.51579053396846,34.33915245298118],[126.52223532372983,34.341564525867184],[126.51988791518204,34.360844352479056],[126.50211878292816,34.36474676980398],[126.49855469245243,34.356963903529994],[126.49071705475058,34.35956850063382],[126.48910035597183,34.35659291909363],[126.48147295125682,34.354012918780676],[126.47873270120579,34.34929169902309],[126.47645422060602,34.34815809090357],[126.47522039880889,34.348108997008474],[126.46469134894913,34.36214144138265],[126.47619465078687,34.35544548700072],[126.48127126918854,34.3586160209513],[126.47614811435842,34.364844252335466],[126.48695093079988,34.36454721797694],[126.47344320279188,34.37830795194956],[126.48097663033185,34.38272002271835],[126.47501441773622,34.38171418708233],[126.47138437865983,34.38260513373545],[126.47183884207473,34.38469689894855],[126.4973502842892,34.38556105198005],[126.48734624183173,34.40846848033792],[126.5049965570583,34.40533456112776],[126.51679101730751,34.414237061110846],[126.5069826516953,34.440707530064564],[126.49756763098647,34.43174722303536],[126.4843653181633,34.43415802956813],[126.48194527544344,34.42574820003498],[126.4562310020535,34.44778299208334],[126.46472082674957,34.45405336438038],[126.47758776683891,34.450119967735326],[126.4678138623622,34.45686905469818],[126.47203491708036,34.46845308274981],[126.45564627781435,34.47724548643724],[126.46625648984288,34.48531439606024],[126.45636147329772,34.50163359004199],[126.47121739698824,34.50688282611039],[126.45729317251566,34.523349817176516],[126.44206533091001,34.52249706366465],[126.46045504159844,34.53200944870122],[126.44330743347962,34.53934995126912],[126.43437165177657,34.53527298126873],[126.43568918027351,34.54978191332975],[126.41499903644025,34.558164448487574],[126.41765957544507,34.547159988052655],[126.40225004985373,34.54674874895777],[126.40314626974804,34.53902009341612],[126.3864620559938,34.53249341903017],[126.37846715078715,34.53907771518888],[126.38926065093051,34.55074419252376],[126.38335220314052,34.561830814161844],[126.36269815508338,34.5601400264181],[126.35454892639578,34.56997568487401],[126.3342074364571,34.573316455709715],[126.31358435870162,34.56762871851334],[126.30376726853135,34.577440911457295],[126.3126986830517,34.5877708600368],[126.29924332895206,34.59024990088503],[126.2953361825358,34.6007116319012],[126.29156652985905,34.592015989676256],[126.2801474023333,34.595421721214514],[126.28787646487433,34.604922304911284],[126.28025004240746,34.61162235858593],[126.26343362985956,34.60882647715022],[126.25900477940374,34.61215111205888],[126.27989438903175,34.61193823032303],[126.28055518803767,34.62181333851571],[126.28950218944895,34.620716950176096],[126.29416818350734,34.62941663976056],[126.26055717125368,34.640664757733546],[126.26843172405168,34.64766955784831],[126.25534300942746,34.66422635482525],[126.25899998081186,34.70068659438709],[126.26201182378256,34.70780330688309],[126.27148476349434,34.70316405484421],[126.27452661521211,34.71743876980927],[126.28090194813639,34.71796383624332],[126.27461410324628,34.72727048225731],[126.28581254005611,34.757796958919414],[126.29880219229936,34.76211504776102],[126.3106908799004,34.753367634436465],[126.30763742650112,34.74783258207874],[126.31748838020286,34.750774742949126],[126.33248499351218,34.740394191206995],[126.33054057695234,34.720838072879005],[126.35841539961687,34.69354791136784],[126.38935535255595,34.73038482254685],[126.36056177964754,34.742002641772935],[126.36568124828659,34.75121108237794],[126.380449956478,34.752644892567744],[126.38017711767309,34.75786604268794],[126.37175590689989,34.75401717333244],[126.3811185028362,34.768591452699766],[126.44976946301034,34.782765619161935],[126.44098252899941,34.79927905379532],[126.38771586158282,34.78090501734953],[126.39165970197816,34.788256036427725],[126.38198439676428,34.77927354701045],[126.35000005044623,34.79635704042506],[126.36533770794514,34.80398419237495],[126.35970104552551,34.805430606473465],[126.38830048471134,34.836763906837],[126.41243734154213,34.842750938068185],[126.39504409073201,34.869409805108454],[126.40146034486311,34.880385757692764],[126.38667554582246,34.87813086468845],[126.39130368151892,34.899799231333915],[126.40061752639116,34.90047897224862],[126.40502192603886,34.91139969167932],[126.38863992350747,34.92821983503472],[126.3985231542988,34.935239218198696],[126.3878259327624,34.94695140853034],[126.39352232047244,34.96489533003433],[126.37950059450033,34.971210281085355],[126.37366448284017,34.998905848133866],[126.36701125606996,34.993169843077894],[126.37008150447944,34.974787623066206],[126.35919908576027,34.968520590400544],[126.37319828811077,34.95753498331577],[126.36556659784141,34.943469772522484],[126.37339793005228,34.94149963632343],[126.36753601468355,34.92004928880554],[126.3297237223488,34.91641065038609],[126.32637064611511,34.93064499187963],[126.30682500212036,34.928190360098995],[126.32091027217945,34.94345235905048],[126.295068697276,34.96557808221447],[126.31340760354263,34.988394161205136],[126.3278013062187,34.96684134489364],[126.35807202160314,34.98429971669751],[126.35863409851503,34.99289504551686],[126.332386439507,34.99337765606829],[126.39023135557613,35.024295498200544],[126.38172535968776,35.04875171346558],[126.35290142783816,35.038644008863834],[126.34900449275857,35.05696069203742],[126.33138774897431,35.061836942483026],[126.34458525959938,35.06968420884736],[126.33632984644292,35.08385111383326],[126.31903641122173,35.088572231377235],[126.31133449080049,35.07583426956678],[126.31645978889493,35.070537717151154],[126.30046467080906,35.06201537336099],[126.31443089569923,35.05507246010775],[126.3048234057945,35.04548300073522],[126.29593525818396,35.041589542674366],[126.30200170309294,35.04683523071611],[126.28553645719442,35.06207548852295],[126.26066548407833,35.05342530408858],[126.27454513143721,35.03444169230705],[126.24983395287775,35.011772494693474],[126.2440265119161,35.02720053515627],[126.23892015111214,35.018267197885834],[126.2273057200122,35.019784981653636],[126.23273412180616,35.052968741726595],[126.20908741540008,35.053526685424075],[126.19881012944688,35.06295707046054],[126.18246982870691,35.057804120384304],[126.16821746217175,35.07230396991549],[126.16163840951937,35.066662635834234],[126.16541888297166,35.08314000365902],[126.1569638708897,35.09060078658543],[126.15927030235315,35.09880012250437],[126.1904095988441,35.11259881355988],[126.2315460306923,35.09918227011472],[126.2563306203792,35.10177683720067],[126.25939046691484,35.093664551002036],[126.25989549458743,35.10440172744987],[126.24334279202954,35.11144843839698],[126.25905679828398,35.1428876986434],[126.27297471760663,35.150129105886855],[126.27896684585957,35.13569576224732],[126.30740540698316,35.137703861644106],[126.30791889453506,35.12754338104484],[126.32061668515239,35.1274815914264],[126.33091102718824,35.14153392435876],[126.32600042972119,35.14958583263049],[126.34581107769533,35.15972443768479],[126.34683144374793,35.13871580311957],[126.32962533293478,35.109145637933715],[126.33194354632859,35.09324820073418],[126.35308631258626,35.09969909202876],[126.35113501095908,35.08702851284356],[126.34245472841144,35.086401058961194],[126.34455119756663,35.076660511076184],[126.36629734268107,35.07841799598791],[126.37013263573259,35.06177872129054],[126.38066556478077,35.082046560187216],[126.39161632750513,35.08580544680502],[126.38439471393845,35.06671873409605],[126.39072539121827,35.06464475189953],[126.39683847716398,35.07602321330866],[126.40883506463727,35.06249780257974],[126.39049685165206,35.04301944086719],[126.40090251703505,35.0419236493701],[126.40353036129723,35.02699091300371],[126.42749616349269,35.02741561507986],[126.41979451639,35.044276346898066],[126.45756262301117,35.07398569226008],[126.43594498708092,35.08632330484232],[126.45739878793295,35.08986413207195],[126.46505080039663,35.09996519482145],[126.42167555456854,35.10706926837074],[126.40295442076574,35.136806556375326],[126.38869908127597,35.141789381909696],[126.38329269012782,35.15871106499109],[126.35911677498436,35.168896835321526],[126.35430476270815,35.18407423699561],[126.37247300669844,35.19006988842342],[126.37679743743809,35.211896335479466],[126.33840980947923,35.19094057657101],[126.3422512695848,35.21395411485675],[126.33546203312474,35.20459168086801],[126.32133432956789,35.20388382886977],[126.31498369938392,35.20755380096704],[126.31834001842232,35.2152399464652],[126.31590263237047,35.21749604318738],[126.31425996511659,35.21000506258391],[126.2995538041533,35.210803576488765],[126.29684194610105,35.223099638862045],[126.3080514165331,35.250904857265084],[126.32844644405183,35.2439836529505],[126.32235476021351,35.26305574097745],[126.34724553167239,35.273799361492145],[126.33256005309404,35.26808804137614],[126.32492480761874,35.271141090697554],[126.32958446216239,35.27998491073686],[126.33940768735845,35.28603835275876],[126.37150704221777,35.28430918908841],[126.36585709169107,35.29232659548705],[126.37806837319572,35.30587252304227],[126.37848354937971,35.32763990328937],[126.39718543432315,35.369227474478386],[126.40436847779053,35.362883053251934],[126.42168302736441,35.36536359167745],[126.4287242198842,35.357933169261415],[126.44314779269601,35.35741824678404],[126.44798658773004,35.34858896775998],[126.44417880481033,35.35773700990159],[126.42844449540061,35.35950767932405],[126.40731486737974,35.382030055664735],[126.4020038164014,35.39614744580718],[126.41110038235425,35.40561119522994],[126.40287232753887,35.404626646588724],[126.41972551121171,35.4258995567918],[126.40989356664961,35.4326235772307],[126.4194348860895,35.42650472395523],[126.47602825505498,35.42932853496387],[126.49287527755209,35.40923813987369],[126.49057726206426,35.39514849802777],[126.4773810898037,35.38617868754816],[126.4974142365676,35.373200664292426],[126.49354741210944,35.350384756907395],[126.51275773270416,35.36203464110273],[126.52052989144525,35.348348142679114],[126.51385575820362,35.32747244043218],[126.52435097786675,35.313943046438986],[126.53232360916931,35.306743536125715],[126.56834431206555,35.31124942873621],[126.58490433399288,35.30078698217979],[126.58496293097485,35.33018239387025],[126.60417090732201,35.33565839769684],[126.62641615644718,35.32135437910849],[126.64479907522991,35.31977534663954],[126.66644498281119,35.351486895027115],[126.68572617825261,35.34423552838287],[126.69934334572098,35.35008795009797],[126.70461505391268,35.36513050221681],[126.72250016674757,35.36685980721208],[126.73218542390674,35.3831873471688],[126.72246863446107,35.399932545550406],[126.75420029432895,35.41650415517158],[126.7517284642124,35.43590499842133],[126.73771534769612,35.44949358375131],[126.76490262067252,35.46705829314999],[126.81397304969305,35.46879903982747],[126.81387963722395,35.48419149495859],[126.82334269157165,35.48691382643168],[126.84329985677132,35.4783305004913],[126.83954288007006,35.462321564163226],[126.86953579501039,35.46164021494127],[126.89677488020078,35.44798569567405],[126.90511347547827,35.44081782173378],[126.89744675539298,35.434749183943865],[126.90306752922808,35.4206269843714],[126.91635576182637,35.4156237902802],[126.91742715513972,35.40213905117973],[126.93316210303831,35.406081319957664],[126.93536776407325,35.39455619416447],[126.97610144454029,35.40004563571896],[126.9713806131773,35.42767121570588],[126.98162538009501,35.42664641951679],[126.9945455275285,35.439804128793185],[127.00001615803517,35.4628747820538],[127.01429200862074,35.457819349312075],[127.03472214767118,35.46657185056906],[127.03735355703495,35.433855261358445],[127.05231520767603,35.42651610478841],[127.04692990026275,35.40219371648966],[127.02746315606812,35.394679437836444],[127.0390976834195,35.380143306422],[127.05761859407329,35.38265334184526],[127.07063269055314,35.365211419961945],[127.06517043285896,35.35654546376401],[127.07024925127855,35.339636574104716],[127.05233393455218,35.340264817458205],[127.04309201006686,35.32188539010636],[127.10523541321376,35.29923259882334],[127.1454725472247,35.30898042614223],[127.16087480937355,35.32773811831358],[127.18616259066543,35.3369492383063],[127.18476023184613,35.3261126980765],[127.20359760193514,35.31566754693864],[127.21230217488272,35.3168373615925],[127.22205455181461,35.33488566031039],[127.25716770225168,35.312459926906456],[127.28671443387992,35.3140222815576],[127.30988775335942,35.30451554528125],[127.35425602872525,35.32235508914199],[127.3845673820592,35.3024577027343],[127.43088799127959,35.358112275885674],[127.47076581279624,35.36533557829809],[127.50201542588438,35.35836280726887],[127.56783121611986,35.31851551572595],[127.59569677455306,35.268133309044885],[127.61015829928097,35.26204555867816],[127.61525043351988,35.250390034032094],[127.61814412459712,35.19089806232645],[127.64837176045448,35.16039172782714],[127.68868386537079,35.13517112081151],[127.69726290630601,35.10177829727502],[127.74326140300624,35.06095584110517],[127.7653215186811,35.053628035220214],[127.7862648708647,35.01761030090484],[127.78003573040766,34.98919103221399],[127.75271827432282,34.961994103960805],[127.76772667615815,34.95382504624352],[127.76854019033479,34.93379405191505],[127.74475952825419,34.93483896453063],[127.7397718833481,34.94887147320394],[127.7515590048173,34.96194214435985],[127.73109121184787,34.954852787109],[127.70110666685073,34.93189778723088],[127.69586246492393,34.91895281092062],[127.67232074713839,34.931492885548],[127.66275929557224,34.912416666649136],[127.67099374990018,34.90309224064078],[127.63933848916076,34.88378495460671],[127.6243593157974,34.902178583830526],[127.65637722460542,34.90925983659049],[127.62273541592053,34.9053379304651],[127.5989408665834,34.92628883767015],[127.57858543744896,34.91883126483283],[127.59069648406722,34.9186984966902],[127.61353014798,34.89478099221212],[127.58959486576464,34.874693175179914],[127.60429824952008,34.854336021544135],[127.60960417030785,34.85753664150302],[127.61228407176387,34.857959243658655],[127.60773349025861,34.85076504732348],[127.63631750514246,34.84649425951931],[127.62680847084377,34.83534918505465],[127.63621028566996,34.82808078221604],[127.66163850852959,34.844608597006584],[127.67036452208585,34.83714449744509],[127.69499682453913,34.86473728664409],[127.69864521639936,34.85923594864813],[127.72827751888391,34.861807049803424],[127.74303867757216,34.850816940563],[127.7397808860516,34.86148089952268],[127.77408235170039,34.86067154231538],[127.76890438092677,34.80274407973132],[127.75888203795607,34.80051906002689],[127.75686129927398,34.78681350702669],[127.74517542830733,34.77740974771193],[127.75747256821306,34.75212732030758],[127.74839202555242,34.74804595090611],[127.75480780305914,34.73867698170835],[127.73297000030513,34.73897115993992],[127.73167345369497,34.72934054391733],[127.69839762780508,34.721008174416724],[127.66424843046612,34.75597498065704],[127.65806431649241,34.75560799224852],[127.64012390800801,34.72413814887566],[127.64279270765736,34.706211526171685],[127.62503705077353,34.71837414675341],[127.61349967744277,34.70609495095029],[127.62789151656949,34.69585339807249],[127.62334186552005,34.687231284581706],[127.63945840609932,34.68342149712112],[127.61734472333723,34.682976128007695],[127.63311792303219,34.67014623206931],[127.62991449010143,34.64934213451657],[127.64265789724985,34.65045155257555],[127.63316995417252,34.63616170271838],[127.64618995440756,34.628814375578266],[127.62546333888591,34.629684300097],[127.61515908569943,34.64318208986535],[127.582954850517,34.652106452607704],[127.57461234252108,34.647679212517396],[127.58099847589673,34.630557713816835],[127.56465018694806,34.6548076628533],[127.55359218802654,34.65859623277903],[127.55253070922782,34.66910129037901],[127.5635556498845,34.67533322167855],[127.55044451453797,34.68211554896945],[127.55937805963009,34.70024175221318],[127.58135290290183,34.69389127526105],[127.57220436841006,34.70381749486457],[127.56428779464734,34.70143103738585],[127.56322556106333,34.70889258468756],[127.5531684870567,34.70079706581703],[127.55686243767164,34.71370938815341],[127.54841273466899,34.71244676250558],[127.56397360835707,34.724047326513386],[127.56126740940653,34.73190270047054],[127.57622093372841,34.73148922892918],[127.58177031314571,34.745164527075794],[127.59411449152603,34.74845560678768],[127.58553501624847,34.7508827966757],[127.58507211638393,34.76736293198123],[127.57234201450765,34.760200339114604],[127.57169289573433,34.77449378556139],[127.56007368603387,34.77748881389888],[127.57145346052687,34.78271543125411],[127.55743106284382,34.80674046445593],[127.5232650806213,34.810094154787585],[127.54298340650767,34.843568732519095],[127.52585113471763,34.845154114343465],[127.51785100575195,34.8786768159481],[127.49022396918224,34.874408167423525],[127.49442670174047,34.863227347994595],[127.48595837394275,34.841743010884855],[127.46695989256065,34.844723621832834],[127.43989206121896,34.83645184095761],[127.4391692865976,34.846126189141685],[127.42588188482551,34.832355938758745],[127.41161977141383,34.8385115237417],[127.41799888250982,34.828963033429346],[127.40077586160298,34.82509842412511],[127.35500979336997,34.84047706490775],[127.39205383082133,34.814551628983594],[127.42615834651383,34.81517304153674],[127.39078378991928,34.791260910784814],[127.38565577958211,34.77462835189784],[127.40257606583374,34.76703175127061],[127.37292751593026,34.74154629172643],[127.37880715136706,34.72719277420305],[127.3931777966581,34.71877911495318],[127.39069873105326,34.71110093944751],[127.43299351593166,34.679744721184655],[127.42815758006122,34.67403221016175],[127.43959357119786,34.677459205313816],[127.44906783170133,34.6715607955995],[127.44530428724332,34.66201994672781],[127.4568898440188,34.66843059405014],[127.47044790431998,34.66484770676867],[127.47419290369864,34.65448393309876],[127.48950146567292,34.64934586565367],[127.49031348954733,34.64224771739022],[127.45835805616038,34.646974237889296],[127.47423849522929,34.63523779763674],[127.4963704407237,34.631889997435046],[127.50629919719854,34.603273019732214],[127.50808708564313,34.59219052401829],[127.4965376045895,34.589904194693815],[127.487478236585,34.57360280628698],[127.461805387577,34.58065027910367],[127.45793186875179,34.59162961818864],[127.44512157044338,34.57695470853598],[127.43330231423472,34.588567288863835],[127.41980610338379,34.582744002802244],[127.41106737212168,34.59005107072783],[127.39536439192159,34.58677014492164],[127.39903528948471,34.57593240776978],[127.40872263325632,34.5787379917024],[127.39633328774212,34.559603109331306],[127.42279752787829,34.55707581669647],[127.41706234513374,34.553451783281524],[127.41968438061727,34.55079210262435],[127.43126466917789,34.55593680120568],[127.42650363217508,34.549156552073065],[127.43846566384654,34.54869717534188],[127.42673938776399,34.542367780695216],[127.43620960329831,34.537443623184934],[127.42343608952329,34.52879113629603],[127.42956430039142,34.512290646879094],[127.41354927215434,34.52116999162714],[127.40411297567832,34.51546085618043],[127.40463970486996,34.5062743865958],[127.38900886730373,34.50991734025975],[127.37610773764851,34.50372909979099],[127.3912929072356,34.4886337957967],[127.38684712931544,34.48345534902119],[127.3782389011094,34.48757463820546],[127.37065153440842,34.480244047151416],[127.358661862936,34.49202261218701],[127.34859138890458,34.47754182821636],[127.34009228082238,34.48843909808491],[127.34101774760522,34.480599529366884],[127.32512390285802,34.4765319911328],[127.33726219939224,34.46764123702919],[127.32375162532071,34.47033981604888],[127.31752027429165,34.463469972027596],[127.33712429967942,34.45711785161493],[127.33966194597083,34.44768390036819],[127.32162539600347,34.441510118053046],[127.30484138405379,34.45000064929541],[127.31627143160058,34.4538492274613],[127.31019490481359,34.46206412479163],[127.30228431707364,34.45758370631617],[127.3009200148502,34.4706840089585],[127.26760198751433,34.48298159559255],[127.28345829540267,34.49742273825129],[127.25526690034715,34.520750740799535],[127.23243948120876,34.518271067899896],[127.22087664702968,34.5346684646655],[127.20936398720652,34.526729624557404],[127.20927778841917,34.51663956725602],[127.1948027094959,34.532377631315086],[127.17840779045741,34.531154349386576],[127.1717069534277,34.519389001429275],[127.16678210191192,34.5261366024655],[127.14581871271287,34.52101585415383],[127.12158903225748,34.53014870868787],[127.11408304280431,34.55954460859094],[127.13602202746027,34.57355607080469],[127.14895503535254,34.600442839262406],[127.15933723124851,34.59099322667615],[127.171234644018,34.59421300431408],[127.17289592779753,34.62707184720475],[127.19607554962805,34.651390779698254],[127.22779707655222,34.65470373244507],[127.23261614279507,34.67981124742111],[127.24325545833894,34.68321696854051],[127.23675555819266,34.69283981793455],[127.25137887353789,34.71173652936275],[127.28099051366881,34.718325983933624],[127.27953373801745,34.699379431768314],[127.28652608785868,34.69648267357719],[127.27757411038966,34.674477064456006],[127.28481557905319,34.66673191011419],[127.31421594414726,34.6644088687128],[127.33217827759337,34.70629438887945],[127.34448442100401,34.70963736650558],[127.33287251383709,34.7148300692377],[127.32687215886959,34.751834428631724],[127.30377165868829,34.749732484962394],[127.29269760646837,34.73094614733309],[127.2721274532864,34.74170968899503],[127.264294020639,34.73167387995382],[127.24184491604996,34.76000808278853],[127.22931078184511,34.75759280000547],[127.20898577938341,34.73759460615715],[127.20591987801188,34.718659351082685],[127.18464778740439,34.6945416033161],[127.14328215153746,34.69316195597806],[127.12425770129434,34.701355108667556],[127.1067980995696,34.677422305392795],[127.06668240308171,34.663241908220044],[127.0461406453927,34.63496590271999],[127.01378863179961,34.62490479162151],[126.95698606856763,34.630561301985274],[126.96712729903523,34.62292323038843],[126.99413167855421,34.62327818234997],[126.99417521691012,34.61456861094699],[127.00905676672438,34.607603672573255],[126.99719653601662,34.603966449029045],[126.99261224544856,34.58276529344779],[126.97897745391391,34.57411658538781],[126.9979711839537,34.56577710596116],[127.0032611020997,34.57000536500174],[127.00679723221822,34.569656476320006],[127.003185292036,34.554939918628435],[126.98912961973885,34.56166125733618],[126.98932823435834,34.5396908630812],[126.96374940935632,34.496547824711364],[126.97728168616572,34.48773531178705],[126.97874160228329,34.47128411531135],[126.96772748451812,34.47759781975355],[126.95607552384178,34.46835404033036],[126.94414864330673,34.48288412855347],[126.93773822232826,34.476471131984084],[126.94702624502979,34.45692486521929],[126.93882006800368,34.44726579047039],[126.890432055908,34.456143781376724]],[[126.4781766832088,34.73899137100212],[126.45680367838251,34.72814427534952],[126.44972702492325,34.743709305869054],[126.43962764324642,34.7378581541358],[126.42553434659278,34.74422232841252],[126.41942392121538,34.73690148680744],[126.42381181883005,34.72804879197156],[126.40074710401477,34.73160992153461],[126.40355045113587,34.738142007572655],[126.39588291847829,34.740374361239816],[126.38828115928808,34.72577768134506],[126.46285940080094,34.709453035631526],[126.4781766832088,34.73899137100212]],[[126.80948678873477,35.0522879255687],[126.84408498157323,35.06542629720994],[126.85560924986574,35.078359530915726],[126.89198856848735,35.07795308538841],[126.91802841359552,35.09152323781616],[126.9322962010619,35.07439232281724],[126.95389907819676,35.074100329684256],[126.9628064232547,35.08720301942665],[126.98895069277263,35.09498758880731],[126.98920533175013,35.10987742505561],[127.01060803919837,35.12431397265535],[127.00774348238956,35.15592869188907],[127.02141648463245,35.17303799991619],[126.99996890910434,35.18881609534899],[126.96814715788656,35.18114273195472],[126.95862425376183,35.193088687186815],[126.9660997429702,35.201990509243885],[126.95027468298044,35.21642724603703],[126.94879315722136,35.22915880695411],[126.92937210387359,35.252414834517126],[126.91460834648304,35.25820978072081],[126.88953320311387,35.246668509057564],[126.87958128564456,35.2515215592372],[126.86315043930257,35.24554047791707],[126.83504182924254,35.22877060547799],[126.82505053661582,35.23183450920607],[126.8053904335687,35.21827497924767],[126.75525910775748,35.23436123652334],[126.76028936539896,35.258703976894076],[126.73724023258804,35.252885388310894],[126.71773631733403,35.21241581683423],[126.70255613453277,35.20756445185203],[126.68705342689479,35.215194053459555],[126.67711746773739,35.191046787661165],[126.65320393318322,35.19251802676467],[126.67211673125263,35.1730897572018],[126.65422288349347,35.16455178077207],[126.64497761146252,35.14655554948627],[126.65331605743687,35.14395995886285],[126.6517234971702,35.120509787671736],[126.66942088915559,35.1046024488576],[126.68489984942086,35.1120172271141],[126.72838657397217,35.10741098294297],[126.7326560389449,35.112855427168824],[126.76187235006398,35.09103305413396],[126.77134636437033,35.07018331327052],[126.7541384521951,35.06685155895726],[126.7567372175313,35.05824441464519],[126.76510877549121,35.064361855226366],[126.77441725236868,35.052719604618886],[126.79522767717282,35.06112215276086],[126.80948678873477,35.0522879255687]]]]}},{"type":"Feature","properties":{"name":"경상북도"},"geometry":{"type":"MultiPolygon","coordinates":[[[[129.47619521426864,35.69276853112101],[129.4762420085839,35.69274013976357],[129.4762310236074,35.692739216443414],[129.47619521426864,35.69276853112101]]],[[[129.4011633479729,36.0389802739782],[129.40117368909077,36.038984114252614],[129.4011919975682,36.03898945397004],[129.4011633479729,36.0389802739782]]],[[[129.47803673729229,36.76826806158635],[129.46804303452885,36.75736479813401],[129.47696916562256,36.727934476343464],[129.47499996569437,36.697902946158685],[129.46535028978693,36.67968049360541],[129.4385640468575,36.67139436440739],[129.41210463840986,36.62235974845745],[129.41216414552179,36.58604744925386],[129.44031422904507,36.552274357367345],[129.44393077191455,36.51248025150313],[129.45329759216563,36.508185748488124],[129.43292102429714,36.481188770156365],[129.43595240245665,36.42546366513081],[129.38802693223056,36.355539925534664],[129.3745756595391,36.28817487110127],[129.38137576106718,36.27484306980066],[129.37290401928257,36.255078966202205],[129.3863947954753,36.23985567173453],[129.38093770265203,36.2302736072309],[129.38656318699438,36.217482665009044],[129.37255634272276,36.207016416787745],[129.37269619554812,36.19680751376448],[129.39344625133515,36.1814012779646],[129.39795321449586,36.134591028458736],[129.42577637876218,36.11379264106009],[129.4301546962119,36.11216536779781],[129.43120194838258,36.113650219560235],[129.43706023110488,36.113610426731],[129.43990117893364,36.11248478301318],[129.4312411027579,36.11244236911875],[129.43973165509112,36.110645318028006],[129.4395794620288,36.09727293083939],[129.43067005291576,36.10059035872535],[129.41774380000624,36.08557874778792],[129.41798048264312,36.07371686830126],[129.3960415736825,36.06307277262547],[129.38350922727832,36.063271334728505],[129.37813304662882,36.0544851552332],[129.38316563324113,36.04785866566007],[129.37621145209727,36.05189400331328],[129.37259383478042,36.04986702873999],[129.3857900843152,36.02849341937856],[129.40138099437422,36.03872729365342],[129.4118951207714,36.0358847836572],[129.4015040049055,36.03908944279255],[129.4315411636477,36.03037628105357],[129.40747458907325,36.02930600726171],[129.3955644816055,36.017941553342176],[129.4070199392206,36.00890186076539],[129.41009985445095,36.01604925849887],[129.4224756854651,36.01345845171974],[129.42394591914643,36.022385829875624],[129.42314721480247,36.011171030283876],[129.414144393089,36.004578008825746],[129.42358907929497,36.01012359992232],[129.4176780930915,36.00626978312814],[129.4225906768127,36.00039830471442],[129.45149052564616,35.99157834029212],[129.4587684182607,36.00338931402879],[129.50323449562018,36.02568745378743],[129.50482397517084,36.03707442345668],[129.55560601456182,36.086082779609725],[129.57028518781038,36.07785519058331],[129.5686232007224,36.0688246827932],[129.58360685568454,36.04628971921262],[129.57720860089077,36.02457232175584],[129.5844189688276,36.01653784447272],[129.56726857193865,35.989956142137025],[129.55254469658254,35.987294199996605],[129.5585279277297,35.98414990602548],[129.546433636845,35.95344078268264],[129.53101743482378,35.93189226093611],[129.51905557545126,35.929033866211306],[129.5341400183427,35.900299887228115],[129.5253201628764,35.895905605664545],[129.52926539240835,35.883537443676246],[129.51883658401266,35.873666416992016],[129.5343363979421,35.868413003308554],[129.51012747442118,35.82604056167556],[129.51213228993112,35.80639999964765],[129.50361244442814,35.807436398673595],[129.49170703306083,35.78809893215669],[129.49662817250623,35.771560370870475],[129.49407075855578,35.75266161917443],[129.48380405024332,35.7431402781452],[129.48184882814732,35.70710082856176],[129.47888264186585,35.71240592149412],[129.4736650748827,35.70632912252636],[129.4715827592743,35.680264772196466],[129.44978703975872,35.65106927727356],[129.35355872627363,35.67938023173084],[129.32782069770903,35.65883635813166],[129.3044893807639,35.65717430670629],[129.29642290889075,35.6435124421618],[129.25550370700174,35.66045567801478],[129.2625930731946,35.69112711344297],[129.25685043747347,35.70070336738684],[129.23400761910509,35.70387465658401],[129.20863037315115,35.721169132892705],[129.19806779585156,35.71451441219078],[129.18129279200758,35.72378892554472],[129.17645727327945,35.715655385658316],[129.1603149592459,35.714810106181616],[129.14453259120646,35.72482706301264],[129.13677827040817,35.7128645827075],[129.0902909909315,35.70267501017212],[129.0772210756866,35.692935621615426],[129.067273361175,35.66199195187784],[129.080854799271,35.643253135570546],[129.04690108178696,35.65051760735464],[129.03696705885028,35.63246172980092],[129.0209092165518,35.635083107504705],[128.9867497197116,35.60912019472016],[128.9608768336547,35.61558127301489],[128.94114515687306,35.635073437945714],[128.91505369893332,35.640618745267666],[128.89191615567395,35.62930966730708],[128.87707838615063,35.6337049406249],[128.87196571530373,35.61825125436864],[128.8447332199951,35.58962403019352],[128.83364828436495,35.597354136591434],[128.80264546325506,35.589146947770466],[128.78552869204586,35.56688816239579],[128.7571786528678,35.567706479429056],[128.72400855083654,35.58156005462439],[128.70330840903276,35.57801011194237],[128.68760366503247,35.59502512845749],[128.65632122409758,35.59787511024008],[128.63653240385102,35.584697924349335],[128.605796396629,35.58024381496336],[128.5847525781015,35.586464754427844],[128.56057974613415,35.60344883306608],[128.55873261443728,35.61480002898646],[128.53662565938913,35.62426142838317],[128.53743417898696,35.659760798218265],[128.52680844831224,35.67350443898845],[128.5338866664108,35.70326018574973],[128.5279048674951,35.71274079521916],[128.56476718762045,35.73676249042495],[128.5805159048656,35.738666603619826],[128.58960087702363,35.731503762696896],[128.61243466669254,35.738518904838756],[128.6099344756857,35.724875763269495],[128.61977671181702,35.70285006020669],[128.68323970931894,35.721454443732426],[128.69548563603138,35.75574218388898],[128.68250196730435,35.79013130095804],[128.71752061389583,35.806847078473346],[128.70863734692654,35.82656793858239],[128.72507972758893,35.836158570562766],[128.72187409452778,35.85694779416847],[128.73857236616468,35.851298225672885],[128.75979529418998,35.86607494532021],[128.75980136846368,35.906833322022365],[128.73670879972804,35.92957402929761],[128.74621025532656,35.9728686278676],[128.7309739470314,35.98536143569802],[128.73485570829484,35.99295603934055],[128.72687792621664,36.003227909723115],[128.6955964292214,36.016165123106596],[128.6186696544509,36.006411645288516],[128.60287361617594,35.98590060878163],[128.55706575240112,35.972230003196],[128.55333081424817,35.96078037828987],[128.52878919727343,35.98038184146571],[128.53437507826217,35.93533387119753],[128.50768556538776,35.90696204181916],[128.50149407053738,35.886765915631514],[128.49061697144924,35.89757917605091],[128.46837904335263,35.899470833146715],[128.47641886715627,35.93443933717815],[128.45415527463828,35.94314943773851],[128.45033818182017,35.93504165649553],[128.42490159361193,35.92804070349798],[128.4071287588465,35.90072483535068],[128.39897668798204,35.89992652506172],[128.3835101740539,35.85283465134426],[128.45000155864278,35.84665686952372],[128.4810830377874,35.83013312808022],[128.48295230651252,35.818005752514004],[128.4704331552507,35.80592233610931],[128.42082951598388,35.80935457495477],[128.38346927250018,35.760086848407774],[128.39124694997963,35.74835267391135],[128.4318159130991,35.72559810015625],[128.432146628389,35.70489454662364],[128.41220175681832,35.695841901148995],[128.3588782987735,35.70870122966651],[128.35179674711554,35.70401563814321],[128.35823042427074,35.68079352012515],[128.40146041354697,35.639015230255005],[128.38837581578707,35.61792828657501],[128.37174762478122,35.61088094214918],[128.3521377161815,35.644582793042225],[128.30598968357222,35.655476191817336],[128.2623438096533,35.64273693880354],[128.2422130532368,35.65524616741931],[128.22973165098122,35.639459295213754],[128.20123098850607,35.643721920016716],[128.1852370336955,35.65767256639335],[128.16149826241755,35.653787361055294],[128.16367580349703,35.67297466774575],[128.2048184971348,35.6839232063381],[128.20196836105794,35.719174467929015],[128.18927941161286,35.751759722666925],[128.16499976543616,35.76348937547892],[128.15903514139754,35.78367170443461],[128.12885872909618,35.78939996272983],[128.12305598178688,35.822432663245635],[128.06978579014685,35.841201899584334],[128.05165367191003,35.82988263695808],[128.0297816895132,35.83564868225484],[128.01121554174077,35.82907886731658],[127.98174909158139,35.858735241913536],[127.97397995051132,35.85206813682502],[127.95118257877449,35.86164477206554],[127.9257827934255,35.855622736193574],[127.93308162615936,35.86400486893741],[127.92022246507635,35.89321888597834],[127.89352074475015,35.88679852874049],[127.88478334943456,35.89310653346139],[127.88223681367494,35.9288840290095],[127.91136737877143,35.949181509183774],[127.88960534826786,35.979660856874695],[127.89321827712475,35.98678448963047],[127.87559740964423,35.996912756317904],[127.87678791734713,36.02270684058005],[127.88483652923249,36.03588940840069],[127.90269388713834,36.03910387386507],[127.91670671035833,36.05430013760439],[127.93629479716076,36.051079055478624],[127.96087429153964,36.07033899392149],[127.96679581961484,36.11806053951238],[127.98778402739971,36.12881849436119],[127.98748204239503,36.14738360283871],[127.99719738774235,36.15546719429],[127.98259751312496,36.170559116342844],[127.97801613324523,36.1981106626904],[128.0097480182622,36.20936206997696],[128.0386336725765,36.1941580605293],[128.05814614425216,36.201245015340305],[128.02990214361085,36.24001298616171],[128.04735243013974,36.25655105930218],[128.026224893125,36.26789601048097],[128.00907089892746,36.2720084527209],[127.98119086753931,36.26364799784621],[127.97056216193533,36.250401039068066],[127.96016741994232,36.25237120686636],[127.93090725300395,36.27801330365111],[127.90810924226986,36.285509546313726],[127.90428681200392,36.301453962862595],[127.88263554985332,36.273749667204804],[127.85211948949733,36.27392410647977],[127.8414781730661,36.31000161933152],[127.85256372303623,36.32963227054825],[127.88260665082318,36.345915495129745],[127.8912596849594,36.35966403543422],[127.87572240285144,36.39059321107005],[127.8629046458718,36.3929679528311],[127.88271036941605,36.42217364603592],[127.87299431628466,36.42428223413968],[127.88196125452595,36.46183892946136],[127.87609469060993,36.48836808041119],[127.90633632795375,36.50694413505585],[127.9024632707992,36.52806962087065],[127.87609180370082,36.537015190556914],[127.86042274822007,36.56795070019126],[127.82447119557432,36.570907478871085],[127.79847590883888,36.58644225642325],[127.79615213400243,36.595264536409864],[127.82099780232633,36.61330699315283],[127.84069685413549,36.608294874928745],[127.85830351949492,36.6135328442359],[127.84675317453409,36.63398888324208],[127.86128966110813,36.63556482593131],[127.87956569324764,36.65676418893802],[127.88965316269238,36.62934905666125],[127.90717998512012,36.625812696735515],[127.91996218857497,36.60111832622401],[127.92524168622026,36.60281420622829],[127.93920943907722,36.64706147195507],[127.92957195274361,36.6687650769403],[127.91770939723551,36.66785446584256],[127.90036723118277,36.68220456030851],[127.87429289752095,36.68196095580244],[127.8938900468972,36.694382492324664],[127.9289192129787,36.69083859869071],[127.93356917396939,36.70648737194478],[127.94952836654114,36.70805016669634],[127.95845543884973,36.73684485736128],[127.98684825802646,36.71754933364749],[128.00193910704104,36.717256808296426],[128.01484218748385,36.73019132057906],[128.0490287114946,36.70800653369561],[128.07038380209127,36.70770461482435],[128.06798796870874,36.72223411208055],[128.03232468973778,36.74757585547722],[128.05963656565407,36.81677269234424],[128.09006779450607,36.79663753087373],[128.10708082589272,36.80730907368423],[128.10987767795703,36.8214704453332],[128.12987849636258,36.82514924915457],[128.1335711066373,36.832795333396014],[128.1531252201321,36.82243523896869],[128.21536954495934,36.81200227496376],[128.2112515576821,36.846901160433255],[128.23702254352543,36.84534591718572],[128.23465585495953,36.86283064862087],[128.24182569833596,36.872325680085474],[128.28247575548554,36.855962777888884],[128.31645039241647,36.816661643646675],[128.35318101693656,36.81244997002551],[128.36408420522946,36.80221565653536],[128.38333908647527,36.813757910255895],[128.42047892150907,36.81151370806567],[128.44903106355488,36.84784214079122],[128.4479980993784,36.86438835922491],[128.42396974996257,36.87652845043453],[128.44474973220747,36.913693503649476],[128.44174577266668,36.92736453629443],[128.46039549437594,36.93400503440263],[128.46716959381047,36.9514503350388],[128.506728110484,36.97008244285689],[128.51547480234268,36.98682342034092],[128.5547312195863,36.998286065028324],[128.5729059505509,37.020799655313574],[128.56564472197607,37.03153024901712],[128.5835259272167,37.04373364580574],[128.60678837374164,37.04339579054932],[128.60843685777004,37.052814518554996],[128.63292477158816,37.04050187117038],[128.6533039079889,37.06551499177621],[128.6890734677299,37.05305455653475],[128.70040356737238,37.04082755821737],[128.73461836599407,37.04022779909555],[128.7537649458195,37.02783249070373],[128.76254456260008,37.03785656851258],[128.75232021317422,37.05593439948521],[128.7565520857035,37.068631836931125],[128.76535607788728,37.06403453026152],[128.7802822760808,37.09234272313809],[128.7994233614046,37.08694425976121],[128.80787113032454,37.076004643234235],[128.82938357529207,37.07845906012354],[128.84687476286518,37.051606614995244],[128.87247945211325,37.04394526221324],[128.87854418464002,37.05325513240525],[128.8964196874656,37.044515657014045],[128.92331552694836,37.092116952666174],[128.94566317653303,37.09377790258109],[128.9592743853552,37.077576641014254],[128.98861386442468,37.08437443565132],[129.03666832496398,37.07617102063451],[129.05740396909798,37.06505100566075],[129.07042034332318,37.08822244927804],[129.09625112501578,37.100414653995834],[129.16613638665416,37.069157801843225],[129.18540948714264,37.04171908083635],[129.2253141332172,37.04455999489359],[129.23801243748272,37.0386653102155],[129.225377709111,37.073720113342894],[129.26599270647972,37.1023240131338],[129.2720191330518,37.11700813295539],[129.29459162467307,37.11436511545827],[129.30229009029432,37.127536228179636],[129.33950600512884,37.14682968691675],[129.3659512251415,37.1446315922882],[129.38007189163525,37.119309625516706],[129.37698139499412,37.1040880642505],[129.3830126780053,37.10272552308581],[129.38618971444168,37.09994256404691],[129.38192171012284,37.102369700150255],[129.379603455884,37.09906484029462],[129.43017211089787,37.05831441826113],[129.41507968726,37.053254745859306],[129.40944240753896,37.027864084816805],[129.41784984619943,37.00011329282633],[129.4080372941722,36.979694600650824],[129.42102393915565,36.94080026505688],[129.41918202696016,36.89238162230832],[129.42352653699822,36.85944379558991],[129.45705256227592,36.81429440262326],[129.4623386240483,36.788639120487005],[129.47803673729229,36.76826806158635]],[[129.41134200968452,36.07199119737413],[129.41160396298594,36.071672322287576],[129.4115911455146,36.07245057324274],[129.41134200968452,36.07199119737413]]],[[[129.41962581434095,36.891509480709736],[129.41950891089928,36.89154927208535],[129.41918202696016,36.89238162230832],[129.41962581434095,36.891509480709736]]],[[[131.8701467116995,37.24096226644236],[131.87023295771624,37.23817136137972],[131.8672130036536,37.238900547845866],[131.87032928683368,37.24198187120638],[131.8701467116995,37.24096226644236]]],[[[131.86620962308538,37.24317889691563],[131.86548683238235,37.240051432944576],[131.86308348759715,37.24063661315154],[131.86275409123107,37.242269679866894],[131.86620962308538,37.24317889691563]]],[[[130.90992468425938,37.49537447297557],[130.9208286362783,37.48633827870108],[130.8840490227764,37.47054942897753],[130.8750471798226,37.4535879076992],[130.81217489300568,37.4737084185684],[130.80208909977134,37.4840211089518],[130.80489043731112,37.50391355685425],[130.79292898156356,37.51373066416138],[130.79368901451997,37.523031864549836],[130.80246822427665,37.5189976473684],[130.90295914570052,37.54899543987619],[130.9114368383002,37.54132441724162],[130.91954530613424,37.54082179474119],[130.9080704316508,37.528336345416264],[130.91758305190612,37.5134358436183],[130.90992468425938,37.49537447297557]]]]}},{"type":"Feature","properties":{"name":"경상남도"},"geometry":{"type":"MultiPolygon","coordinates":[[[[128.35485849682547,34.83885127293364],[128.35612035793645,34.83178992338621],[128.37829600717842,34.82947056605426],[128.38526941313532,34.81352301256356],[128.38399295345053,34.82952480416658],[128.39278692765976,34.82321832117425],[128.4213242437999,34.8356803430021],[128.44069929775685,34.828060781458454],[128.44226150389466,34.80356313456648],[128.43353547889635,34.80899884549215],[128.43114792322586,34.80230393978299],[128.44013804212776,34.79467836097631],[128.4195801958197,34.792448166942805],[128.43581168856096,34.780565135955676],[128.42376741646297,34.7620209719576],[128.39754555820133,34.76538582512963],[128.39731373781498,34.77956227216208],[128.38581711818878,34.77992327023726],[128.39128785694845,34.78632106226432],[128.38365975987054,34.79688288604418],[128.37507025802333,34.7887449022359],[128.36368407147674,34.796492307027854],[128.37226706949812,34.80300770993229],[128.37826735619143,34.798618504365734],[128.37891863913796,34.81540598690105],[128.35733790370762,34.825482383158246],[128.33493553707433,34.81808936463097],[128.3297320579368,34.82960778906664],[128.3371440449262,34.827390595909385],[128.3333831821757,34.83443386306702],[128.34027237833124,34.82821690959393],[128.338073709546,34.84265499450585],[128.34443119172371,34.83144754993101],[128.34841643348744,34.8422610792324],[128.35485849682547,34.83885127293364]]],[[[127.90384841017635,34.860690833276365],[127.90390046720022,34.86071010617865],[127.90429697674821,34.860720525650926],[127.90384841017635,34.860690833276365]]],[[[128.03274779960404,34.920028872653866],[128.01507805298743,34.892460530732905],[128.00998837808956,34.867391104630535],[128.02430553850786,34.86581564659601],[128.02180871216257,34.88162544857745],[128.03552529102248,34.89747206029594],[128.03868214383075,34.891966196934526],[128.04124546950203,34.894721080604555],[128.0477389571473,34.896974816165574],[128.0406789251244,34.8887988548398],[128.06691539699477,34.87433138914238],[128.06465120735112,34.86127840591755],[128.0533517418161,34.8526471911636],[128.06263910602803,34.85521569206706],[128.0606979457217,34.8447902088611],[128.0764458654335,34.843719070594474],[128.0868274322809,34.82802035633766],[128.02413184076428,34.84729011618515],[128.0240928467392,34.83928934187978],[128.0013829996238,34.83596877465669],[127.9692900813279,34.84339176264191],[127.96346532537501,34.87135529785111],[127.97736191353022,34.87909486719224],[128.0028389144726,34.91526369077201],[128.03274779960404,34.920028872653866]]],[[[127.83131967443498,34.9394920536355],[127.83107557258396,34.93947788186627],[127.83116356876899,34.939538861711235],[127.83131967443498,34.9394920536355]]],[[[127.90384841017635,34.860690833276365],[127.91718135198373,34.835484396437806],[127.9406302283394,34.82774254786922],[127.94364223750831,34.81010738013549],[127.9536370209372,34.805010658790295],[127.9897061305701,34.83228836531291],[128.03060038822628,34.83431549104707],[128.0414266321485,34.82281435352919],[128.06664462176616,34.81815397807923],[128.0628881370762,34.799810184311745],[128.05091868633892,34.79631979635662],[128.0598434015433,34.795607846415],[128.04908102859667,34.780971924278035],[128.0564414832574,34.74568872339943],[128.03393766346807,34.723800493457006],[128.06022192046578,34.70938064783769],[128.01950880197447,34.70244890469752],[128.02614957172128,34.71842561865547],[128.01496868995252,34.72416757579319],[128.00719599772734,34.711128056658346],[127.98907029979065,34.72041322507798],[127.98434128802461,34.70923290883845],[127.95710634065996,34.70939064967131],[127.94414498191804,34.74692927610821],[127.95451158593563,34.772663663678124],[127.94900885705957,34.77755229619709],[127.90339525555996,34.76500621332984],[127.91301234645366,34.740345149878905],[127.90608497316622,34.72773286545986],[127.89066499720971,34.7217350896625],[127.857431687731,34.727947814230205],[127.86233663575632,34.733194704627685],[127.85205599332505,34.73666101540465],[127.85344465004046,34.74755752837914],[127.83770027137948,34.74927310213223],[127.83543969725383,34.75603535568586],[127.857806889785,34.7761523490647],[127.84903756964665,34.77532635910114],[127.8536515313473,34.782446553343185],[127.84453619404405,34.77894229964495],[127.80770630738856,34.85331211530313],[127.8178321946182,34.874555425329],[127.82844990745275,34.875777942759576],[127.83308668216618,34.89275089823777],[127.82395087495755,34.89418560045754],[127.8311398471552,34.89556592594196],[127.82571419690136,34.902648059329884],[127.86210691862347,34.90141199691616],[127.85155188010526,34.91587588967827],[127.87070980697432,34.94197468989835],[127.89434324991194,34.94698619074426],[127.90869021847051,34.938735306045615],[127.92545636359561,34.94066611398446],[127.92081276821966,34.93369549649283],[127.93070627164,34.92457046172992],[127.92369056265241,34.92714219368178],[127.92540517289878,34.891648774256076],[127.90129147474761,34.88398544184592],[127.90384841017635,34.860690833276365]]],[[[128.02176965558004,35.030669936600646],[128.02238699450902,35.03054445828882],[128.02241561425504,35.03043879331553],[128.02176965558004,35.030669936600646]]],[[[128.67367048570114,34.786636845323834],[128.65807377244232,34.77422986726764],[128.6453704591821,34.77812859702046],[128.63782477119048,34.763891146622534],[128.65250972877107,34.74229911692096],[128.68101504229662,34.74010744674493],[128.6761234653789,34.72895120404168],[128.67159110649257,34.739069454902825],[128.62917345490638,34.73126554018407],[128.62737686340563,34.73695310671828],[128.62009636936392,34.730403417544316],[128.64181471913096,34.71488387020332],[128.63819056591328,34.707622692945975],[128.62579171150102,34.71369224657313],[128.61028417009558,34.70183275253464],[128.58985298434385,34.70860504561106],[128.57683617405436,34.70255170585145],[128.57895476516663,34.71497160144197],[128.5880457189636,34.71723307127364],[128.58473602051947,34.72264120421629],[128.60739368231893,34.73181895993011],[128.57567184309963,34.739327338231725],[128.57967817001148,34.76224658468751],[128.60104525616495,34.763960576862466],[128.59156846229135,34.77065218948742],[128.5977761507284,34.7770366502615],[128.57531421352724,34.778596247486114],[128.5553988287135,34.76652839061085],[128.55287369419344,34.77598909149071],[128.56873032684348,34.7864648920686],[128.55651834942688,34.78939777890952],[128.54302431216038,34.77528445677938],[128.53865121000507,34.78747371958448],[128.5841744047051,34.79783163716345],[128.58461413125366,34.81759651279278],[128.59545318780647,34.82766033693165],[128.57858755131295,34.843181477585354],[128.58731132769282,34.840770957421896],[128.5887750704812,34.84697889875813],[128.57301632264196,34.854289120434125],[128.56249860211943,34.842899973090894],[128.5636686197303,34.83286217284754],[128.52401570495644,34.83248282003948],[128.52829419943723,34.821427227941676],[128.52018567277483,34.82317426845629],[128.52374295406588,34.81658328065839],[128.5106786725404,34.808959731937996],[128.50092396080575,34.82388539099687],[128.50476249192604,34.83538417686668],[128.48213189091194,34.840227450196195],[128.47262465337437,34.872114385795676],[128.49188801189555,34.900630098087106],[128.50228661698185,34.90249160744789],[128.49686401218483,34.90700076245664],[128.50661765213812,34.90529970313413],[128.5000931870983,34.91102727806337],[128.51576519119516,34.90968223829866],[128.52750784192955,34.92358471547836],[128.56887673549252,34.89845244974249],[128.5816891834534,34.91287272477041],[128.58156216663275,34.91343893703661],[128.57893379608296,34.91315993887717],[128.57778262845355,34.91379014320038],[128.5770264276865,34.9176643348083],[128.58825050391,34.91499080831723],[128.59097752037383,34.905722615886475],[128.59528939145886,34.91360471611763],[128.597201438537,34.90257222328472],[128.59936586502994,34.91385504422983],[128.60641866943337,34.8975100108819],[128.6105524860358,34.902466285749945],[128.62391334342095,34.892017644555054],[128.61705758566276,34.91374518066872],[128.60818867978097,34.91478652435291],[128.6112447049161,34.92330613156303],[128.58603067174437,34.94296474205462],[128.58803480502604,34.95253873072571],[128.59657865608278,34.95079483593642],[128.59814450765705,34.966276402813016],[128.6062403835749,34.96998400741884],[128.60509676683856,34.95792230688597],[128.63242565964737,34.961163604563815],[128.63253528710968,34.966923418244036],[128.6493965867145,34.95730459611029],[128.65029113561317,34.97935989093502],[128.65966312971008,34.98142879766058],[128.65398693531367,34.988795004896076],[128.66722060936723,34.988221753659566],[128.65953699430844,34.99767479454878],[128.6814940911259,34.9898015045759],[128.67316993112456,34.99915318584901],[128.68178981718714,35.00705259043525],[128.66744226277058,35.00787201796835],[128.67531750024852,35.03179781628226],[128.68473387342857,35.034004674137584],[128.67871845411003,35.04075138403507],[128.6936546492526,35.03045965081036],[128.69891705133014,35.036907290182086],[128.71237248622566,35.031546792187925],[128.7199919868799,35.01921559884013],[128.71791059571683,35.00990096436495],[128.70207282757676,35.00615456536783],[128.70656924980642,34.996201699387434],[128.69291276709816,34.99573302461368],[128.70093312833214,34.990810787937015],[128.69678520429403,34.97293345616541],[128.71651790851257,34.96416190476429],[128.72707779502943,34.946062851697825],[128.72619758983083,34.93740896700994],[128.71491532854768,34.93632022368153],[128.72387640805934,34.915088360337585],[128.71040480409252,34.910739513452405],[128.71734210934838,34.90057350453216],[128.69667396110563,34.891306980516916],[128.69486976577357,34.87875956234134],[128.69803327929168,34.88366962022243],[128.70147535103075,34.88634381863156],[128.6976631555054,34.87493470295169],[128.70758441918898,34.88140783522137],[128.70984462510452,34.86883766715019],[128.72578119983098,34.88782645349298],[128.71962822972324,34.89462444521158],[128.73995982132627,34.88487724529775],[128.75250525494607,34.894233929502455],[128.73856545107247,34.878421102548614],[128.74384294457863,34.868212930758354],[128.72374545915437,34.86486182595164],[128.73508166030277,34.84330376752477],[128.72503249018484,34.84150659257943],[128.71756580210135,34.849650641303704],[128.7017912818774,34.83917076496737],[128.70993331827844,34.82843739416141],[128.71641078779356,34.83573438452777],[128.72064602289868,34.83843167243289],[128.72614290023196,34.82801033166855],[128.7183689821106,34.82423843927995],[128.72178705962105,34.81408834327417],[128.73989433658662,34.78694222605847],[128.70952395019694,34.79512929055335],[128.71532617181413,34.800825241399835],[128.7095229500082,34.81236085723317],[128.69046996265755,34.79699874965629],[128.69222968467773,34.807602815146815],[128.6732349258502,34.8141259078476],[128.66616956453277,34.81055104434067],[128.66616769045729,34.79339368604281],[128.67367048570114,34.786636845323834]]],[[[128.46107770385126,35.08964614618116],[128.46108789492436,35.08966317731979],[128.46169834522323,35.090142948822525],[128.46107770385126,35.08964614618116]]],[[[128.46107770385126,35.08964614618116],[128.47926895419818,35.078399365728295],[128.43940029666487,35.07233428149454],[128.42785674330636,35.0551226962804],[128.41215581932116,35.0619070292985],[128.38312763047523,35.04593921339632],[128.36427203281525,35.046892272169785],[128.38221635574956,35.035919084867004],[128.3694305833129,35.03136310166773],[128.3751247921529,35.02402803439159],[128.36770191832912,35.01682305739239],[128.38890081806773,35.01695788731266],[128.38361954791077,35.035596485266645],[128.4381323239849,35.04567164273261],[128.45061764238517,35.051804162231676],[128.44521539716598,35.06697998039908],[128.45265369647754,35.071267928901484],[128.46025499313797,35.0631528562653],[128.46892723156154,35.07560603207346],[128.48200035961753,35.0655403435249],[128.47507417966915,35.054887038379995],[128.48209115223764,35.05242063994995],[128.4590999742761,35.046766481889634],[128.47361501142933,35.034585672899546],[128.47647458908935,35.0421422292415],[128.48604152868145,35.03838254811396],[128.4814689520824,35.02830244579912],[128.5004281605617,35.02076305633926],[128.49265520285235,35.005621318898044],[128.4832867988284,35.01035804062547],[128.4781504117615,34.992806530843986],[128.46413365086715,34.99783287016765],[128.46663895826808,34.98804791234077],[128.40734689946262,34.99406330723508],[128.40951971692206,34.9835401942837],[128.4342726540249,34.98508719774037],[128.4436828264941,34.97766066431644],[128.42477074009932,34.94029806697695],[128.43599421678374,34.93144799214641],[128.4284674654889,34.92834811387608],[128.42868832983044,34.91410438132873],[128.41773703365195,34.910203779830525],[128.4258011114537,34.90382985498736],[128.41837004359596,34.891627263548145],[128.42137369307318,34.87296403753783],[128.4325618395304,34.87729284548029],[128.43206502664563,34.8883489991486],[128.44553118296844,34.88849917150751],[128.43887999415284,34.89300479698898],[128.4514336780604,34.902859899334516],[128.44041983168847,34.91334042041833],[128.45262102665737,34.91476211517927],[128.46052999304288,34.90495427371295],[128.4539182419042,34.90070998424829],[128.47548635220744,34.890125774886876],[128.46857147990772,34.88749907239887],[128.46629643646182,34.87112509673175],[128.455514989572,34.88202215276355],[128.45648222295245,34.86480565040734],[128.44685047114106,34.86557127088569],[128.45227875983628,34.84665665447054],[128.43361786299732,34.84466085123093],[128.4400414651963,34.84035601709007],[128.4351771764737,34.838182366474435],[128.42458638304956,34.84448098103294],[128.39269671089798,34.82947770384378],[128.3834450638834,34.83555839591561],[128.38790562116523,34.842528837721474],[128.37691697114616,34.84024494954104],[128.36960070940106,34.85002063569889],[128.38851343617313,34.86281055189162],[128.41806463561528,34.85942742784743],[128.41936832158976,34.86546877420939],[128.38558869329373,34.86818276720897],[128.3909591075941,34.87361410805647],[128.3811974064755,34.87315667331481],[128.38521868787527,34.88170553079478],[128.3763207566443,34.89113158005721],[128.37889305633442,34.883261067193075],[128.3688547501672,34.8852863489606],[128.37437774313062,34.86947557820888],[128.35600579344396,34.87109820284463],[128.34908191656228,34.88749812605143],[128.3482840413155,34.873095266880554],[128.34067732406032,34.882300826940586],[128.32832048425252,34.87590070992376],[128.32846422412138,34.886283612273274],[128.31697180646285,34.87979461338908],[128.2979718618684,34.89979929718535],[128.30858461960955,34.908768510270264],[128.35446356448367,34.908018426699954],[128.3506406274768,34.923646829009755],[128.33547586688653,34.921436002342624],[128.3466099506238,34.93283350995829],[128.34427171706142,34.939909223725174],[128.33506775309849,34.93642935927428],[128.34049893760536,34.9484369076152],[128.33263951091018,34.94552301272746],[128.3325557294044,34.95676611715013],[128.3202795598598,34.962917174496916],[128.31993594947588,34.94446462716899],[128.29933610245251,34.935931662619645],[128.30031311748365,34.91266264258897],[128.28117565314508,34.916083198531084],[128.2828104086279,34.904486041032676],[128.2728603235848,34.89970914209673],[128.27601363358775,34.909850344491275],[128.26593940723083,34.91221417626577],[128.25756604853177,34.93000446341592],[128.2685641986278,34.93002303848503],[128.26766550925328,34.9389295656753],[128.24810403761006,34.941030366170715],[128.24545004528633,34.935572510538314],[128.24585839020298,34.943322362588106],[128.22280449808233,34.94628630608491],[128.20913943716806,34.935555178139886],[128.19698954828385,34.93720623662071],[128.20394344144367,34.93173205524596],[128.19631309876524,34.911712995248635],[128.20219330565575,34.89398780699629],[128.18751532102436,34.89362612103452],[128.18587405645042,34.90599969057884],[128.1838183510613,34.89485903972388],[128.17542338840857,34.906146356385285],[128.176513999442,34.89539884563552],[128.165588266687,34.90274162971458],[128.1670993135323,34.89693462887894],[128.15625660241238,34.909034215879046],[128.14582195917768,34.90510508834609],[128.14859223939737,34.89973257700972],[128.14104912673903,34.90284334993418],[128.13318021926156,34.88819015446654],[128.12082404434716,34.90474818036088],[128.10306933950528,34.90015409491862],[128.1111433275416,34.90267736903319],[128.10346213873643,34.919072838780046],[128.11190835549883,34.92296976924994],[128.11683165017922,34.92071657299733],[128.121589450375,34.9228528169299],[128.1014985113478,34.92516272833608],[128.09813763352975,34.92041050363313],[128.09568810608255,34.92639215448626],[128.0887283104407,34.91894850888932],[128.08322721392773,34.91700292493836],[128.08801070259122,34.92617337213504],[128.05473807474945,34.92872151681769],[128.02982870581408,34.95780640169277],[128.05235516416087,34.97696619317467],[128.03873736793764,34.996653286889746],[128.05049525882754,35.01609459874103],[128.0431183955059,35.02459223332857],[128.03962422678308,35.0155189386617],[128.0353838308162,35.02355596715522],[128.04216739659424,35.03133434901279],[128.03947534605982,35.05677267363494],[128.06132964363297,35.07834860433743],[128.05412447492756,35.081710979949904],[128.03457493107652,35.077428657544395],[128.04118704266392,35.07246810508503],[128.0258348193198,35.05655933600552],[128.03094717323023,35.04956551226737],[128.0200345604346,35.02824528827888],[128.00564085420626,35.033406796968755],[128.01946165832516,35.04074401286589],[128.00989108073077,35.04991136720704],[128.0141070626435,35.03963155937547],[127.98713865822381,35.046530087719],[127.97609941070222,35.03302270235427],[127.99610802135209,35.03774090683855],[127.99434004422471,35.03200635565276],[128.00900152032924,35.02212162505528],[128.00789865230482,35.01259310859542],[128.01840055706867,35.01004973746612],[128.01474908409816,34.99165767176962],[128.0075206680735,34.99587784008923],[128.0080605528698,34.98229928764602],[128.0054752781776,34.98816204395516],[127.99985991527667,34.98356430222289],[127.99750859087906,34.99598331007934],[127.98269303921813,34.975828680152404],[127.96449099188499,34.99489014022849],[127.9471983772059,34.98360963439526],[127.95270909361581,34.97561141201777],[127.94119150615205,34.97911532319469],[127.9316213636564,34.99214368468319],[127.94071559948492,35.00418815987301],[127.92272641252997,35.014200054193324],[127.91447192152181,34.99258088827147],[127.92350665540228,34.98920056140146],[127.91713685018044,34.988567124463785],[127.91879429038688,34.98140005249444],[127.90755178916172,34.983027164908385],[127.91188301070589,34.97240691851818],[127.90156482760977,34.972059284389694],[127.897392058742,34.95651595865243],[127.84780668626688,34.94692239896314],[127.84076144467171,34.96288031851396],[127.83418937076841,34.95858634826074],[127.8378304748597,34.949399073391234],[127.82240128060063,34.95565592795267],[127.82910396370156,34.947998203086755],[127.8154022228578,34.948948580352344],[127.81890394828226,34.942209855404975],[127.80285417451366,34.93487828560774],[127.80567647327813,34.924444000882794],[127.80556895587642,34.924135725961996],[127.80006297690463,34.92305054631457],[127.80326887176119,34.93218498573324],[127.79525329908058,34.93063709327443],[127.78153252619028,34.94379243986088],[127.77009620115139,34.96707696452139],[127.75939184929899,34.96677638839174],[127.78003573040766,34.98919103221399],[127.78676760635986,35.010926101711384],[127.7680703359801,35.05039995217142],[127.71612093872605,35.08347125069099],[127.6953337005268,35.10538457561275],[127.68868386537079,35.13517112081151],[127.62262441081963,35.18494458065988],[127.61525043351988,35.250390034032094],[127.5769969456239,35.29696020002444],[127.57748101215579,35.308901047301546],[127.6207376290578,35.332562725370465],[127.62333074919242,35.34216601499151],[127.61019737763654,35.36591811825572],[127.62565372097822,35.376910823549146],[127.63633563458863,35.39919901138642],[127.66047379894496,35.41443375347581],[127.67406933810477,35.44572002254196],[127.64518643758745,35.44912742669785],[127.63668809101772,35.45935201703272],[127.63660851368881,35.47820839943762],[127.65310684051795,35.48686870315233],[127.62574920553241,35.52532047094257],[127.6286936196484,35.535984819248156],[127.6127236234378,35.53564363616741],[127.58486117653266,35.55390555183609],[127.61119353223663,35.583892548555895],[127.61301734954489,35.6082480759552],[127.63533525999546,35.61848395539026],[127.6200982254466,35.64613880174996],[127.64046236562164,35.67281387930652],[127.641795300804,35.69289273032582],[127.6609563435904,35.70990593349083],[127.6658788622304,35.76890425804641],[127.6794362672476,35.76849873718764],[127.71890826877468,35.796854579132706],[127.7444528966724,35.84442172561445],[127.76884985349798,35.838313136176566],[127.80435552963498,35.858689185183515],[127.81392291579405,35.853616906030105],[127.8265619234433,35.86834682752404],[127.84175147422786,35.866247035348614],[127.85954023517924,35.90649058812202],[127.88505877411363,35.90960563892586],[127.88478334943456,35.89310653346139],[127.89352074475015,35.88679852874049],[127.92022246507635,35.89321888597834],[127.93308162615936,35.86400486893741],[127.9257827934255,35.855622736193574],[127.95118257877449,35.86164477206554],[127.97397995051132,35.85206813682502],[127.98174909158139,35.858735241913536],[128.01121554174077,35.82907886731658],[128.0297816895132,35.83564868225484],[128.05165367191003,35.82988263695808],[128.06978579014685,35.841201899584334],[128.12305598178688,35.822432663245635],[128.12885872909618,35.78939996272983],[128.15903514139754,35.78367170443461],[128.16499976543616,35.76348937547892],[128.18927941161286,35.751759722666925],[128.20196836105794,35.719174467929015],[128.2048184971348,35.6839232063381],[128.16367580349703,35.67297466774575],[128.16149826241755,35.653787361055294],[128.1852370336955,35.65767256639335],[128.20123098850607,35.643721920016716],[128.22973165098122,35.639459295213754],[128.24350876143055,35.65545406654772],[128.2623438096533,35.64273693880354],[128.29806523255291,35.65622682035547],[128.34916806156843,35.646445691965354],[128.36463416627268,35.6133569652555],[128.3823989236911,35.60653989893914],[128.4321744244681,35.62400978216587],[128.44647601817388,35.63841361009557],[128.50571026776882,35.63927220557013],[128.5075511891288,35.67285771487766],[128.52998118215277,35.68300589453447],[128.53662565938913,35.62426142838317],[128.55873261443728,35.61480002898646],[128.56057974613415,35.60344883306608],[128.5847525781015,35.586464754427844],[128.605796396629,35.58024381496336],[128.63653240385102,35.584697924349335],[128.65632122409758,35.59787511024008],[128.68760366503247,35.59502512845749],[128.70330840903276,35.57801011194237],[128.72462030000048,35.581476680536255],[128.75813554313635,35.56749337131515],[128.7877329051346,35.56749680254822],[128.8016556710658,35.58860086869269],[128.826294691102,35.596775294703725],[128.8447332199951,35.58962403019352],[128.88146070169245,35.63547786511973],[128.88877314295107,35.62885697338326],[128.91505369893332,35.640618745267666],[128.94114515687306,35.635073437945714],[128.9608768336547,35.61558127301489],[128.98264227144054,35.60870517222171],[129.00273979182623,35.62025845580109],[129.02301841814892,35.61343942962393],[129.018895435211,35.58381993370987],[128.9711903485529,35.560299984706276],[128.98092198798724,35.54637321187269],[128.98934785414997,35.551604824631745],[128.99834893234225,35.54172070085062],[128.9945859454326,35.528130796215926],[129.01295538314423,35.52314076005022],[129.05582321235974,35.53226752848065],[129.05263036804905,35.514472461374524],[129.10526757396363,35.496465131659676],[129.10832247113106,35.48107422952625],[129.14046610326906,35.4476291329881],[129.16760893250506,35.43179835624481],[129.19697791943534,35.4388884418939],[129.20213734767057,35.42154783534403],[129.21817540448646,35.41152947341022],[129.19359479526375,35.38208858057543],[129.1987624680932,35.36649641788897],[129.1781867088409,35.35177354519719],[129.1181762915818,35.36903461005661],[129.1345872901994,35.3514508251382],[129.11057694433117,35.30670595580989],[129.08835259859103,35.30261472077869],[129.07426637317178,35.290761542749564],[129.0583619089777,35.294835534048794],[129.0474985266345,35.274213578120545],[129.0134843309745,35.273758612416806],[128.99429202357513,35.23404133796708],[128.94399788387958,35.22832538197108],[128.92012804021874,35.216422658627856],[128.90931390043934,35.22294374615456],[128.9083578988772,35.21676497756344],[128.87898763105366,35.209994551079795],[128.8703548119088,35.20155871641412],[128.88168089053008,35.182203560232864],[128.88114667993673,35.17184523845381],[128.87235365780296,35.17227428971299],[128.8813917873687,35.16133680802732],[128.87630779578356,35.15168359076448],[128.86518248479737,35.158185882830615],[128.87209641793203,35.162616802127566],[128.8673863662962,35.16771486570474],[128.82752650490397,35.15558862757369],[128.79451966517118,35.15853793387581],[128.8021323137244,35.14190154516129],[128.83297518091206,35.129940880760465],[128.8429622016515,35.11315835848623],[128.8355372819135,35.10213291167804],[128.82334470726585,35.10174830937467],[128.8145159138521,35.09076000438593],[128.82869933734955,35.08996962948658],[128.81151488477144,35.07758486319552],[128.7846860951903,35.077724258322235],[128.78994914740804,35.0940270579271],[128.80259259516444,35.098340867548856],[128.78830182201514,35.098372983807245],[128.7887326770359,35.11342910017371],[128.77228212279405,35.09895196605072],[128.7629518829414,35.105160640934976],[128.76558331179376,35.09758901047432],[128.78420104213924,35.09750673253807],[128.77925342349351,35.082142800430894],[128.77312074272174,35.082977091044775],[128.77289827183247,35.06489056789755],[128.76376431894911,35.059829165980005],[128.76359636383228,35.077514181116335],[128.74186952352773,35.077885765923],[128.7462289174703,35.08540971992089],[128.73571095616535,35.088754974212385],[128.74365144664986,35.09986670508989],[128.72899224106797,35.08996632843126],[128.72478796740046,35.09713568105438],[128.71422505299023,35.095319185931196],[128.71345606328657,35.106829646939815],[128.69455207178797,35.097455661999604],[128.68585548561805,35.107012396724556],[128.7008620939704,35.11651754562299],[128.69093035574463,35.14764059385626],[128.67083690217575,35.14248431509601],[128.677759054119,35.126280357155785],[128.66626677585936,35.11850076266176],[128.65890842139194,35.136945602224266],[128.64445578133316,35.13561771134043],[128.64716756162528,35.1505027094388],[128.62616854604676,35.14836247792244],[128.6187536165434,35.13587189841349],[128.62871031521726,35.13255872971519],[128.60708744374227,35.1376905740719],[128.6149692700847,35.14468177281475],[128.61069835463672,35.16230358619232],[128.59314091680497,35.17352185644247],[128.5893286157492,35.19940467015906],[128.6243938015546,35.21255599246819],[128.63223343477725,35.21980892840401],[128.58647742601175,35.210680066628846],[128.56449065643076,35.18673957242783],[128.59088992659306,35.157900233830624],[128.58537579931993,35.146499684375705],[128.5974451269496,35.14227443466632],[128.58720565529157,35.130418368418766],[128.57901241803822,35.139589407035494],[128.57216353523955,35.13263923191424],[128.58239791492727,35.12742489944967],[128.6000627487686,35.132080233411266],[128.59884674489277,35.12428810326661],[128.58590229582245,35.12024440951494],[128.59945041183715,35.11918148255782],[128.60253553296602,35.10192304875245],[128.62796181822432,35.08317230519169],[128.6027283660348,35.07474862586818],[128.6349212661256,35.068824602786734],[128.57362012003276,35.05376961219727],[128.5968714978409,35.069675481262315],[128.56246763751525,35.06733541934229],[128.56416586083054,35.08239612860885],[128.58315951575926,35.091287981894155],[128.54641556588604,35.092989924709585],[128.54797913618555,35.10041701781784],[128.54143173398506,35.10147530730875],[128.54877004850394,35.10730259266941],[128.53687958148996,35.107776998011154],[128.53771760607086,35.12069526479577],[128.51783598143643,35.097972834594636],[128.48434018666623,35.10850784705856],[128.48547563987483,35.10168723778074],[128.4709147335108,35.09817477512643],[128.45142019381854,35.10427236740859],[128.44723732329845,35.09782970361224],[128.46107770385126,35.08964614618116]]]]}},{"type":"Feature","properties":{"name":"제주특별자치도"},"geometry":{"type":"MultiPolygon","coordinates":[[[[126.26792372403887,33.124296654293616],[126.26948471289714,33.1232907140092],[126.27040313709674,33.11654490605236],[126.26779792227325,33.11235576032225],[126.26792372403887,33.124296654293616]]],[[[126.22886185795258,33.41212664219497],[126.23079179827768,33.40595990786749],[126.22254296784298,33.40590051330579],[126.22284940857712,33.41158114639278],[126.22886185795258,33.41212664219497]]],[[[126.2244881171679,33.41787398894758],[126.22630693936587,33.41989574337109],[126.22384144414939,33.41453073176524],[126.222180070962,33.41794480855391],[126.22400348694062,33.421166318587225],[126.2244881171679,33.41787398894758]]],[[[126.90175150744133,33.51526589973648],[126.90254907997682,33.515547574528654],[126.90202858456924,33.515137474711274],[126.90175150744133,33.51526589973648]]],[[[126.72987892093751,33.560745062672254],[126.72987360218379,33.56076387068676],[126.72986353365613,33.560863836658804],[126.72987892093751,33.560745062672254]]],[[[126.90175150744133,33.51526589973648],[126.89959961385398,33.509705093531494],[126.91339716433488,33.50323273624594],[126.90202059570804,33.481668887147535],[126.92482907113911,33.47203838575543],[126.92325942178637,33.45553850636177],[126.93552548167926,33.478462235547134],[126.93654648494892,33.46417939268006],[126.94534769134775,33.45959799699913],[126.93224823360978,33.460155398757],[126.9224360003301,33.44888823154637],[126.92231143423616,33.43959526350159],[126.93650175893836,33.42916653151124],[126.92937909657556,33.42258945942665],[126.92389091723722,33.43427988349493],[126.9161080536215,33.43394108453126],[126.90274232566706,33.40193045368648],[126.90646596447736,33.39149749912331],[126.87132225868676,33.372192703151256],[126.86840186923085,33.35400851494029],[126.84404913839357,33.332835712638484],[126.84840654954125,33.31959404035634],[126.83576354641943,33.308889093154214],[126.80775702792599,33.301823446910674],[126.77781335764766,33.306752427973414],[126.74277830936306,33.27768837581768],[126.73331512838035,33.281608722184465],[126.67759501494699,33.26702525462155],[126.6581921843012,33.273878214868304],[126.66073996062278,33.26885120265459],[126.64223923550054,33.26593196034439],[126.64019973623944,33.25701463297769],[126.5998877163029,33.23449273549062],[126.57782695935904,33.24483670614779],[126.56881692433952,33.242998576744476],[126.57116136613388,33.23590332492444],[126.56751601470377,33.23265858635628],[126.56097299201583,33.24297950339379],[126.56424756734445,33.23473113131404],[126.52091320184127,33.24092024256423],[126.5104771993799,33.23039157434732],[126.49127976264639,33.23249702654802],[126.4754704504399,33.223111990049865],[126.4570641885179,33.241170500714276],[126.4292611891223,33.23517340029613],[126.40857993716678,33.24455239944354],[126.36667621811546,33.228923320628475],[126.36175326396551,33.23713672017052],[126.32775334977339,33.23175767757927],[126.33544962870698,33.23481253893119],[126.3277335103429,33.24079377524945],[126.29793908026929,33.22265475667156],[126.29026120396034,33.205379466184894],[126.29463116826255,33.19677598542069],[126.27215008273342,33.19406674683185],[126.23362426680761,33.234871800472774],[126.18226053591597,33.25974872499059],[126.16087373360051,33.29079522844125],[126.16839341285348,33.31659460248418],[126.16151781034873,33.33410913302345],[126.16869273509325,33.34539261440005],[126.17976233363521,33.34629439738524],[126.18291520599391,33.35850388449884],[126.2049656839204,33.36837483323842],[126.22321335096392,33.38997363965673],[126.25013438779466,33.40100429575183],[126.25865224423116,33.40935416796025],[126.25519424089894,33.4094368607129],[126.2529361473372,33.41577041783611],[126.26278014481194,33.41672381899802],[126.26056135873073,33.42314063732582],[126.25827695672318,33.42176366639558],[126.2585075413862,33.41801527261376],[126.25776549921852,33.417192392953964],[126.25228992603081,33.41690761695588],[126.25981329890044,33.42503625735506],[126.26421723824231,33.42368834285213],[126.26310487944706,33.436837741829116],[126.2996339715747,33.447162803948416],[126.31281360550908,33.469783847651115],[126.33807990301437,33.4670296029749],[126.38573833562869,33.4893443752417],[126.40064759837459,33.483366335471445],[126.42701312175453,33.495937407155466],[126.45156416519615,33.49731134010073],[126.45357620904619,33.50443061486835],[126.4834149971953,33.51106766807354],[126.49418268138635,33.52091251027754],[126.53187454261996,33.51744773488327],[126.54283993658318,33.52288849382687],[126.54167424562173,33.529564869967395],[126.55002410447108,33.520636029672374],[126.56175251131253,33.52750682661664],[126.58502222661744,33.52544998138475],[126.59750763018658,33.53773509793796],[126.63450509021453,33.53604242666181],[126.64465023901312,33.555632679539606],[126.66710454341087,33.54282621033286],[126.67793787871952,33.55248656792067],[126.68926080285911,33.5484385948712],[126.72987892093751,33.560745062672254],[126.75723784588736,33.55698389906991],[126.76543204570872,33.565973545254934],[126.7981044954251,33.555302346814535],[126.82757197242576,33.559403149674345],[126.82865741747476,33.54317186542966],[126.84075091049964,33.53363738564041],[126.8613386058161,33.524942719986974],[126.87142521058702,33.530709970915424],[126.89280874284661,33.5268876701876],[126.90587324582066,33.52066700416818],[126.90175150744133,33.51526589973648]]]]}}]}